/* AUTO-GENERATED by tools/gen_pc_msg_eur_codes.py — do not edit. */
/* Regenerate: python tools/gen_pc_msg_eur_codes.py              */

/*
 * Translate one EUR control-code payload to USA bytes.
 * p:   EUR payload bytes (bytes after 0x80 <total_size>)
 * n:   number of payload bytes  (= total_size - 2)
 * out: output buffer (caller guarantees >= 16 bytes free)
 * Returns number of bytes written (>= 2), or 0 if unrecognised.
 *
 * The EUR gender-switch payload (first byte 0x13) is dispatched to
 * pc_msg_eur_translate_gender_cmd(), declared in pc_msg_eur.c.
 */
static u32 pc_msg_eur_translate_cmd(const u8* p, u32 n, u8* out)
{
    if (n == 0) return 0;

    /* --- Parametric command families ------------------------------------ */
    /* EUR: 01 00 04 <1B> → PAUSE */
    if (n >= 4 && p[0] == 0x01 && p[1] == 0x00 && p[2] == 0x04) {
        out[0] = 0x7F; out[1] = mFont_CONT_CODE_CURSOR_SET_TIME;
        out[2] = p[3];
        return 3;
    }
    /* EUR: 01 00 09 <2B> → LINEOFS */
    if (n >= 5 && p[0] == 0x01 && p[1] == 0x00 && p[2] == 0x09) {
        out[0] = 0x7F; out[1] = mFont_CONT_CODE_SET_LINE_OFFSET;
        out[2] = p[3];
        out[3] = p[4];
        return 4;
    }
    /* EUR: 01 00 0A <0B> → SPACE */
    if (n >= 3 && p[0] == 0x01 && p[1] == 0x00 && p[2] == 0x0A) {
        out[0] = 0x7F; out[1] = mFont_CONT_CODE_SPACE;
        return 2;
    }
    /* EUR: 01 00 0B <0B> → MSGTIMEEND */
    if (n >= 3 && p[0] == 0x01 && p[1] == 0x00 && p[2] == 0x0B) {
        out[0] = 0x7F; out[1] = mFont_CONT_CODE_MSG_TIME_END;
        return 2;
    }
    /* EUR: 01 00 05 <0B> → LINESCALE */
    if (n >= 3 && p[0] == 0x01 && p[1] == 0x00 && p[2] == 0x05) {
        out[0] = 0x7F; out[1] = mFont_CONT_CODE_SET_LINE_SCALE;
        return 2;
    }
    /* EUR: 01 00 08 <1B> → CHARSCALE */
    if (n >= 4 && p[0] == 0x01 && p[1] == 0x00 && p[2] == 0x08) {
        out[0] = 0x7F; out[1] = mFont_CONT_CODE_SET_CHAR_SCALE;
        out[2] = p[3];
        return 3;
    }
    /* EUR: 01 00 06 <1B> → LINETYPE */
    if (n >= 4 && p[0] == 0x01 && p[1] == 0x00 && p[2] == 0x06) {
        out[0] = 0x7F; out[1] = mFont_CONT_CODE_SET_LINE_TYPE;
        out[2] = p[3];
        return 3;
    }
    /* EUR: 01 00 07 <2B> → SNDCUT */
    if (n >= 5 && p[0] == 0x01 && p[1] == 0x00 && p[2] == 0x07) {
        out[0] = 0x7F; out[1] = mFont_CONT_CODE_SOUND_CUT;
        out[2] = p[3];
        out[3] = p[4];
        return 4;
    }
    /* EUR: 01 00 0C <0B> → SNDTRGSYS */
    if (n >= 3 && p[0] == 0x01 && p[1] == 0x00 && p[2] == 0x0C) {
        out[0] = 0x7F; out[1] = mFont_CONT_CODE_SOUND_TRG_SYS;
        return 2;
    }
    /* EUR: 0A 00 0D <0B> → SNDTRGSYS */
    if (n >= 3 && p[0] == 0x0A && p[1] == 0x00 && p[2] == 0x0D) {
        out[0] = 0x7F; out[1] = mFont_CONT_CODE_SOUND_TRG_SYS;
        return 2;
    }
    /* EUR: 0C 00 00 <2B> → SETFORCEMSG */
    if (n >= 5 && p[0] == 0x0C && p[1] == 0x00 && p[2] == 0x00) {
        out[0] = 0x7F; out[1] = mFont_CONT_CODE_SET_NEXT_MESSAGE_F;
        out[2] = p[3];
        out[3] = p[4];
        return 4;
    }
    /* EUR: 0C 00 01 <2B> → SETNEXTMSG0 */
    if (n >= 5 && p[0] == 0x0C && p[1] == 0x00 && p[2] == 0x01) {
        out[0] = 0x7F; out[1] = mFont_CONT_CODE_SET_NEXT_MESSAGE_0;
        out[2] = p[3];
        out[3] = p[4];
        return 4;
    }
    /* EUR: 0C 00 02 <2B> → SETNEXTMSG1 */
    if (n >= 5 && p[0] == 0x0C && p[1] == 0x00 && p[2] == 0x02) {
        out[0] = 0x7F; out[1] = mFont_CONT_CODE_SET_NEXT_MESSAGE_1;
        out[2] = p[3];
        out[3] = p[4];
        return 4;
    }
    /* EUR: 0C 00 03 <2B> → SETNEXTMSG2 */
    if (n >= 5 && p[0] == 0x0C && p[1] == 0x00 && p[2] == 0x03) {
        out[0] = 0x7F; out[1] = mFont_CONT_CODE_SET_NEXT_MESSAGE_2;
        out[2] = p[3];
        out[3] = p[4];
        return 4;
    }
    /* EUR: 0C 00 04 <2B> → SETNEXTMSG3 */
    if (n >= 5 && p[0] == 0x0C && p[1] == 0x00 && p[2] == 0x04) {
        out[0] = 0x7F; out[1] = mFont_CONT_CODE_SET_NEXT_MESSAGE_3;
        out[2] = p[3];
        out[3] = p[4];
        return 4;
    }

    /* --- Gender-switch (variable length) -------------------------------- */
    if (n >= 3 && p[0] == 0x13 && p[1] == 0x00 && p[2] == 0x14)
        return pc_msg_eur_translate_gender_cmd(p, n, out);

    /* --- Choice string display: 02 00 02 <id0_hi id0_lo> ... ------------- */
    /* EUR: 02 00 02 <N pairs of big-endian choice IDs> → SetSelectStringN  */
    if (n >= 7 && p[0] == 0x02 && p[1] == 0x00 && p[2] == 0x02) {
        u32 n_ids = (n - 3) / 2;
        u8 usa_op;
        if      (n_ids == 2) usa_op = mFont_CONT_CODE_SET_SELECT_STRING_2;
        else if (n_ids == 3) usa_op = mFont_CONT_CODE_SET_SELECT_STRING_3;
        else if (n_ids == 4) usa_op = mFont_CONT_CODE_SET_SELECT_STRING_4;
        else return 0;
        out[0] = 0x7F; out[1] = usa_op;
        memcpy(out + 2, p + 3, n_ids * 2);
        return 2 + n_ids * 2;
    }

    /* --- Colour-change family: FF 00 00 <idx> ----------------------------- */
    /* Emits mFont_CONT_CODE_COLOR (span-based, no char count) so the same  */
    /* translation works regardless of language or string length.            */
    /* idx=00: close / reset to default text colour (50,60,50).             */
    if (n >= 4 && p[0] == 0xFF && p[1] == 0x00 && p[2] == 0x00) {
        static const struct { u8 idx; u8 r; u8 g; u8 b; } sColPal[] = {
            { 0x01, 0x32, 0x87, 0x7D },
            { 0x03, 0x5F, 0x7D, 0x9B },
            { 0x0B, 0xC3, 0x5F, 0x00 },
            { 0x0C, 0xE1, 0x1E, 0xD7 },
            { 0x0D, 0x19, 0x8C, 0xDC },
            { 0x0E, 0x4B, 0xA0, 0x00 },
            { 0x0F, 0x96, 0x96, 0x96 },
            { 0x10, 0x91, 0x14, 0xA5 },
            { 0x11, 0xFF, 0xFF, 0xAF },
            { 0x12, 0x41, 0x1E, 0x1E },
            { 0x13, 0x28, 0x2D, 0x5A },
            { 0x14, 0x41, 0x32, 0xEB },
            { 0x15, 0xFF, 0x00, 0x00 },
            { 0x16, 0x3C, 0x32, 0x28 },
            { 0x18, 0x32, 0x28, 0x28 },
            { 0x19, 0x78, 0x78, 0x78 },
            { 0x1A, 0x2D, 0x64, 0x23 },
            { 0x1B, 0x4B, 0x1E, 0x14 },
            { 0x1D, 0xBE, 0x2D, 0x2D },
            { 0x1E, 0x28, 0x3C, 0x28 },
            { 0x1F, 0xFA, 0x78, 0x78 },
            { 0x20, 0x96, 0x96, 0xFF },
            { 0x21, 0x64, 0xC8, 0xFF },
            { 0x24, 0x78, 0x78, 0xFA },
            { 0x26, 0x4B, 0x5F, 0x9B },
            { 0x27, 0xB9, 0xB9, 0x00 },
            { 0x28, 0x46, 0x1E, 0x14 },
            { 0x29, 0x32, 0x4B, 0xE1 },
            { 0x2A, 0x1E, 0x3C, 0x1E },
            { 0x2C, 0xEB, 0x46, 0xB9 },
            { 0x2D, 0x64, 0x96, 0xFF },
            { 0x2E, 0xFF, 0xEB, 0xEB },
        };
        u8 cidx = p[3];
        u8 cr = 0x32, cg = 0x3C, cb = 0x32; /* default text colour */
        if (cidx != 0x00) {
            int ci;
            for (ci = 0; ci < (int)(sizeof(sColPal)/sizeof(sColPal[0])); ci++) {
                if (sColPal[ci].idx == cidx) {
                    cr = sColPal[ci].r; cg = sColPal[ci].g; cb = sColPal[ci].b;
                    break;
                }
            }
        }
        out[0] = 0x7F; out[1] = mFont_CONT_CODE_COLOR;
        out[2] = cr; out[3] = cg; out[4] = cb;
        return 5;
    }

    /* --- Exact-match lookup table --------------------------------------- */
    {
        static const struct { u8 ep[47]; u8 en; u8 usa[16]; u8 un; }
        kMap[] = {
            { {0x13, 0x00, 0x20, 0x64, 0x65, 0x72, 0x6A, 0x65, 0x6E, 0x69, 0x67, 0x65, 0x2C, 0x20, 0x64, 0x65, 0x6E, 0xFE, 0x64, 0x69, 0x65, 0x6A, 0x65, 0x6E, 0x69, 0x67, 0x65, 0x2C, 0x20, 0x64, 0x69, 0x65, 0xFE, 0x64, 0x61, 0x73, 0x6A, 0x65, 0x6E, 0x69, 0x67, 0x65, 0x2C, 0x20, 0x64, 0x61, 0x73}, 47, {0x7F, 0x24}, 2 },  /* STR_FREE0 */
            { {0x13, 0x00, 0x14, 0x75, 0x6E, 0x20, 0x76, 0x72, 0x61, 0x69, 0x20, 0x63, 0x68, 0x61, 0x6D, 0x70, 0x69, 0x6F, 0x6E, 0xFE, 0x75, 0x6E, 0x65, 0x20, 0x76, 0x72, 0x61, 0x69, 0x65, 0x20, 0x63, 0x68, 0x61, 0x6D, 0x70, 0x69, 0x6F, 0x6E, 0x6E, 0x65, 0x00, 0x00, 0x00, 0x00, 0x00, 0x00, 0x00}, 40, {0x7F, 0x03, 0x0C}, 3 },  /* PAUSE */
            { {0x13, 0x00, 0x14, 0x65, 0x6C, 0x20, 0x6D, 0x65, 0x6A, 0x6F, 0x72, 0x20, 0x6A, 0x75, 0x67, 0x61, 0x64, 0x6F, 0x72, 0xFE, 0x6C, 0x61, 0x20, 0x6D, 0x65, 0x6A, 0x6F, 0x72, 0x20, 0x6A, 0x75, 0x67, 0x61, 0x64, 0x6F, 0x72, 0x61, 0x00, 0x00, 0x00, 0x00, 0x00, 0x00, 0x00, 0x00, 0x00, 0x00}, 37, {0x7F, 0x33}, 2 },  /* STR_ITEM2 */
            { {0x13, 0x00, 0x14, 0x74, 0x6F, 0x64, 0x6F, 0x20, 0x75, 0x6E, 0x20, 0x6A, 0x75, 0x67, 0x61, 0x64, 0x6F, 0x72, 0xFE, 0x74, 0x6F, 0x64, 0x61, 0x20, 0x75, 0x6E, 0x61, 0x20, 0x6A, 0x75, 0x67, 0x61, 0x64, 0x6F, 0x72, 0x61, 0x00, 0x00, 0x00, 0x00, 0x00, 0x00, 0x00, 0x00, 0x00, 0x00, 0x00}, 36, {0x7F, 0x03, 0x04}, 3 },  /* PAUSE */
            { {0x13, 0x00, 0x14, 0x69, 0x6C, 0x20, 0x70, 0x72, 0x6F, 0x70, 0x72, 0x69, 0x65, 0x74, 0x61, 0x72, 0x69, 0x6F, 0xFE, 0x6C, 0x61, 0x20, 0x70, 0x72, 0x6F, 0x70, 0x72, 0x69, 0x65, 0x74, 0x61, 0x72, 0x69, 0x61, 0x00, 0x00, 0x00, 0x00, 0x00, 0x00, 0x00, 0x00, 0x00, 0x00, 0x00, 0x00, 0x00}, 34, {0x7F, 0x34}, 2 },  /* STR_ITEM3 */
            { {0x13, 0x00, 0x14, 0x75, 0x6E, 0x20, 0x63, 0x61, 0x6D, 0x62, 0x72, 0x69, 0x6F, 0x6C, 0x65, 0x75, 0x72, 0xFE, 0x75, 0x6E, 0x65, 0x20, 0x63, 0x61, 0x6D, 0x62, 0x72, 0x69, 0x6F, 0x6C, 0x65, 0x75, 0x73, 0x65, 0x00, 0x00, 0x00, 0x00, 0x00, 0x00, 0x00, 0x00, 0x00, 0x00, 0x00, 0x00, 0x00}, 34, {0x7F, 0x03, 0x08}, 3 },  /* PAUSE */
            { {0x13, 0x00, 0x33, 0x45, 0x6C, 0x20, 0x6D, 0x75, 0x79, 0x20, 0x62, 0x72, 0x69, 0x62, 0x89, 0x6E, 0xFE, 0x4C, 0x61, 0x20, 0x6D, 0x75, 0x79, 0x20, 0x62, 0x72, 0x69, 0x62, 0x6F, 0x6E, 0x61, 0xFE, 0x78, 0x00, 0x00, 0x00, 0x00, 0x00, 0x00, 0x00, 0x00, 0x00, 0x00, 0x00, 0x00, 0x00, 0x00}, 33, {0x7F, 0x03, 0x0C}, 3 },  /* PAUSE */
            { {0x13, 0x00, 0x14, 0x72, 0x65, 0x63, 0x6F, 0x6E, 0x6E, 0x61, 0x69, 0x73, 0x73, 0x61, 0x6E, 0x74, 0xFE, 0x72, 0x65, 0x63, 0x6F, 0x6E, 0x6E, 0x61, 0x69, 0x73, 0x73, 0x61, 0x6E, 0x74, 0x65, 0x00, 0x00, 0x00, 0x00, 0x00, 0x00, 0x00, 0x00, 0x00, 0x00, 0x00, 0x00, 0x00, 0x00, 0x00, 0x00}, 31, {0x7F, 0x03, 0x03}, 3 },  /* PAUSE */
            { {0x13, 0x00, 0x20, 0x64, 0x65, 0x6E, 0x20, 0x6E, 0x65, 0x75, 0x65, 0x6E, 0xFE, 0x64, 0x69, 0x65, 0x20, 0x6E, 0x65, 0x75, 0x65, 0xFE, 0x64, 0x61, 0x73, 0x20, 0x6E, 0x65, 0x75, 0x65, 0x00, 0x00, 0x00, 0x00, 0x00, 0x00, 0x00, 0x00, 0x00, 0x00, 0x00, 0x00, 0x00, 0x00, 0x00, 0x00, 0x00}, 30, {0x7F, 0x74}, 2 },  /* CUTARTICLE */
            { {0x13, 0x00, 0x14, 0x20, 0x61, 0x74, 0x74, 0x6F, 0x72, 0x65, 0x20, 0x6E, 0x61, 0x74, 0x6F, 0xFE, 0x27, 0x61, 0x74, 0x74, 0x72, 0x69, 0x63, 0x65, 0x20, 0x6E, 0x61, 0x74, 0x61, 0x00, 0x00, 0x00, 0x00, 0x00, 0x00, 0x00, 0x00, 0x00, 0x00, 0x00, 0x00, 0x00, 0x00, 0x00, 0x00, 0x00, 0x00}, 29, {0x7F, 0x03, 0x0A}, 3 },  /* PAUSE */
            { {0x13, 0x00, 0x14, 0x69, 0x6C, 0x20, 0x62, 0x65, 0x6E, 0x76, 0x65, 0x6E, 0x75, 0x74, 0x6F, 0xFE, 0x6C, 0x61, 0x20, 0x62, 0x65, 0x6E, 0x76, 0x65, 0x6E, 0x75, 0x74, 0x61, 0x00, 0x00, 0x00, 0x00, 0x00, 0x00, 0x00, 0x00, 0x00, 0x00, 0x00, 0x00, 0x00, 0x00, 0x00, 0x00, 0x00, 0x00, 0x00}, 28, {0x7F, 0x03, 0x03}, 3 },  /* PAUSE */
            { {0x13, 0x00, 0x14, 0x75, 0x6E, 0x20, 0x76, 0x6F, 0x79, 0x61, 0x67, 0x65, 0x75, 0x72, 0xFE, 0x75, 0x6E, 0x65, 0x20, 0x76, 0x6F, 0x79, 0x61, 0x67, 0x65, 0x75, 0x73, 0x65, 0x00, 0x00, 0x00, 0x00, 0x00, 0x00, 0x00, 0x00, 0x00, 0x00, 0x00, 0x00, 0x00, 0x00, 0x00, 0x00, 0x00, 0x00, 0x00}, 28, {0x7F, 0x03, 0x06}, 3 },  /* PAUSE */
            { {0x13, 0x00, 0x14, 0x6C, 0x65, 0x20, 0x6D, 0x65, 0x69, 0x6C, 0x6C, 0x65, 0x75, 0x72, 0xFE, 0x6C, 0x61, 0x20, 0x6D, 0x65, 0x69, 0x6C, 0x6C, 0x65, 0x75, 0x72, 0x65, 0x00, 0x00, 0x00, 0x00, 0x00, 0x00, 0x00, 0x00, 0x00, 0x00, 0x00, 0x00, 0x00, 0x00, 0x00, 0x00, 0x00, 0x00, 0x00, 0x00}, 27, {0x7F, 0x03, 0x0A}, 3 },  /* PAUSE */
            { {0x13, 0x00, 0x14, 0x64, 0x7C, 0x6C, 0x69, 0x6E, 0x71, 0x75, 0x61, 0x6E, 0x74, 0xFE, 0x64, 0x7C, 0x6C, 0x69, 0x6E, 0x71, 0x75, 0x61, 0x6E, 0x74, 0x65, 0x00, 0x00, 0x00, 0x00, 0x00, 0x00, 0x00, 0x00, 0x00, 0x00, 0x00, 0x00, 0x00, 0x00, 0x00, 0x00, 0x00, 0x00, 0x00, 0x00, 0x00, 0x00}, 25, {0x7F, 0x03, 0x08}, 3 },  /* PAUSE */
            { {0x13, 0x00, 0x14, 0x75, 0x6E, 0x20, 0x62, 0x61, 0x63, 0x63, 0x61, 0x6C, 0x1F, 0xFE, 0x75, 0x6E, 0x61, 0x20, 0x62, 0x61, 0x63, 0x63, 0x61, 0x6C, 0x1F, 0x00, 0x00, 0x00, 0x00, 0x00, 0x00, 0x00, 0x00, 0x00, 0x00, 0x00, 0x00, 0x00, 0x00, 0x00, 0x00, 0x00, 0x00, 0x00, 0x00, 0x00, 0x00}, 25, {0x7F, 0x03, 0x05}, 3 },  /* PAUSE */
            { {0x13, 0x00, 0x35, 0x44, 0x7C, 0x6C, 0x69, 0x63, 0x69, 0x65, 0x75, 0x78, 0xFE, 0x44, 0x7C, 0x6C, 0x69, 0x63, 0x69, 0x65, 0x75, 0x73, 0x65, 0xFE, 0x78, 0x00, 0x00, 0x00, 0x00, 0x00, 0x00, 0x00, 0x00, 0x00, 0x00, 0x00, 0x00, 0x00, 0x00, 0x00, 0x00, 0x00, 0x00, 0x00, 0x00, 0x00, 0x00}, 25, {0x7F, 0x34}, 2 },  /* STR_ITEM3 */
            { {0x13, 0x00, 0x14, 0x65, 0x6C, 0x20, 0x70, 0x72, 0x69, 0x6D, 0x65, 0x72, 0x6F, 0xFE, 0x6C, 0x61, 0x20, 0x70, 0x72, 0x69, 0x6D, 0x65, 0x72, 0x61, 0x00, 0x00, 0x00, 0x00, 0x00, 0x00, 0x00, 0x00, 0x00, 0x00, 0x00, 0x00, 0x00, 0x00, 0x00, 0x00, 0x00, 0x00, 0x00, 0x00, 0x00, 0x00, 0x00}, 24, {0x7F, 0x03, 0x0E}, 3 },  /* PAUSE */
            { {0x13, 0x00, 0x14, 0x72, 0x65, 0x6E, 0x63, 0x6F, 0x6E, 0x74, 0x72, 0x7C, 0xFE, 0x72, 0x65, 0x6E, 0x63, 0x6F, 0x6E, 0x74, 0x72, 0x7C, 0x65, 0x00, 0x00, 0x00, 0x00, 0x00, 0x00, 0x00, 0x00, 0x00, 0x00, 0x00, 0x00, 0x00, 0x00, 0x00, 0x00, 0x00, 0x00, 0x00, 0x00, 0x00, 0x00, 0x00, 0x00}, 23, {0x7F, 0x2B}, 2 },  /* STR_FREE7 */
            { {0x13, 0x00, 0x20, 0x72, 0x61, 0x70, 0x70, 0x6F, 0x72, 0x74, 0x7C, 0xFE, 0x72, 0x61, 0x70, 0x70, 0x6F, 0x72, 0x74, 0x7C, 0x65, 0xFE, 0x78, 0x00, 0x00, 0x00, 0x00, 0x00, 0x00, 0x00, 0x00, 0x00, 0x00, 0x00, 0x00, 0x00, 0x00, 0x00, 0x00, 0x00, 0x00, 0x00, 0x00, 0x00, 0x00, 0x00, 0x00}, 23, {0x7F, 0x03, 0x06}, 3 },  /* PAUSE */
            { {0x13, 0x00, 0x20, 0x72, 0x7C, 0x63, 0x75, 0x70, 0x7C, 0x72, 0x7C, 0xFE, 0x72, 0x7C, 0x63, 0x75, 0x70, 0x7C, 0x72, 0x7C, 0x65, 0xFE, 0x78, 0x00, 0x00, 0x00, 0x00, 0x00, 0x00, 0x00, 0x00, 0x00, 0x00, 0x00, 0x00, 0x00, 0x00, 0x00, 0x00, 0x00, 0x00, 0x00, 0x00, 0x00, 0x00, 0x00, 0x00}, 23, {0x7F, 0x03, 0x0F}, 3 },  /* PAUSE */
            { {0x13, 0x00, 0x14, 0x6D, 0x69, 0x6F, 0x20, 0x61, 0x6D, 0x69, 0x63, 0x6F, 0xFE, 0x6D, 0x69, 0x61, 0x20, 0x61, 0x6D, 0x69, 0x63, 0x61, 0x00, 0x00, 0x00, 0x00, 0x00, 0x00, 0x00, 0x00, 0x00, 0x00, 0x00, 0x00, 0x00, 0x00, 0x00, 0x00, 0x00, 0x00, 0x00, 0x00, 0x00, 0x00, 0x00, 0x00, 0x00}, 22, {0x7F, 0x03, 0x06}, 3 },  /* PAUSE */
            { {0x13, 0x00, 0x14, 0x6D, 0x6F, 0x6E, 0x20, 0x67, 0x72, 0x61, 0x6E, 0x64, 0xFE, 0x6D, 0x61, 0x20, 0x67, 0x72, 0x61, 0x6E, 0x64, 0x65, 0x00, 0x00, 0x00, 0x00, 0x00, 0x00, 0x00, 0x00, 0x00, 0x00, 0x00, 0x00, 0x00, 0x00, 0x00, 0x00, 0x00, 0x00, 0x00, 0x00, 0x00, 0x00, 0x00, 0x00, 0x00}, 22, {0x7F, 0x03, 0x0C}, 3 },  /* PAUSE */
            { {0x13, 0x00, 0x20, 0x64, 0x69, 0x65, 0x73, 0x65, 0x6E, 0xFE, 0x64, 0x69, 0x65, 0x73, 0x65, 0xFE, 0x64, 0x69, 0x65, 0x73, 0x65, 0x73, 0x00, 0x00, 0x00, 0x00, 0x00, 0x00, 0x00, 0x00, 0x00, 0x00, 0x00, 0x00, 0x00, 0x00, 0x00, 0x00, 0x00, 0x00, 0x00, 0x00, 0x00, 0x00, 0x00, 0x00, 0x00}, 22, {0x7F, 0x04}, 2 },  /* BTN */
            { {0x13, 0x00, 0x20, 0x64, 0x69, 0x65, 0x73, 0x65, 0x72, 0xFE, 0x64, 0x69, 0x65, 0x73, 0x65, 0xFE, 0x64, 0x69, 0x65, 0x73, 0x65, 0x73, 0x00, 0x00, 0x00, 0x00, 0x00, 0x00, 0x00, 0x00, 0x00, 0x00, 0x00, 0x00, 0x00, 0x00, 0x00, 0x00, 0x00, 0x00, 0x00, 0x00, 0x00, 0x00, 0x00, 0x00, 0x00}, 22, {0x7F, 0x03, 0x0F}, 3 },  /* PAUSE */
            { {0x13, 0x00, 0x32, 0x64, 0x69, 0x65, 0x73, 0x65, 0x6E, 0xFE, 0x64, 0x69, 0x65, 0x73, 0x65, 0xFE, 0x64, 0x69, 0x65, 0x73, 0x65, 0x73, 0x00, 0x00, 0x00, 0x00, 0x00, 0x00, 0x00, 0x00, 0x00, 0x00, 0x00, 0x00, 0x00, 0x00, 0x00, 0x00, 0x00, 0x00, 0x00, 0x00, 0x00, 0x00, 0x00, 0x00, 0x00}, 22, {0x7F, 0x03, 0x06}, 3 },  /* PAUSE */
            { {0x13, 0x00, 0x33, 0x64, 0x69, 0x65, 0x73, 0x65, 0x6E, 0xFE, 0x64, 0x69, 0x65, 0x73, 0x65, 0xFE, 0x64, 0x69, 0x65, 0x73, 0x65, 0x73, 0x00, 0x00, 0x00, 0x00, 0x00, 0x00, 0x00, 0x00, 0x00, 0x00, 0x00, 0x00, 0x00, 0x00, 0x00, 0x00, 0x00, 0x00, 0x00, 0x00, 0x00, 0x00, 0x00, 0x00, 0x00}, 22, {0x7F, 0x04}, 2 },  /* BTN */
            { {0x13, 0x00, 0x14, 0x63, 0x69, 0x76, 0x69, 0x6C, 0x69, 0x73, 0x7C, 0xFE, 0x63, 0x69, 0x76, 0x69, 0x6C, 0x69, 0x73, 0x7C, 0x65, 0x00, 0x00, 0x00, 0x00, 0x00, 0x00, 0x00, 0x00, 0x00, 0x00, 0x00, 0x00, 0x00, 0x00, 0x00, 0x00, 0x00, 0x00, 0x00, 0x00, 0x00, 0x00, 0x00, 0x00, 0x00, 0x00}, 21, {0x7F, 0x03, 0x10}, 3 },  /* PAUSE */
            { {0x13, 0x00, 0x20, 0x64, 0x65, 0x6D, 0x61, 0x6E, 0x64, 0x7C, 0xFE, 0x64, 0x65, 0x6D, 0x61, 0x6E, 0x64, 0x7C, 0x65, 0xFE, 0x78, 0x00, 0x00, 0x00, 0x00, 0x00, 0x00, 0x00, 0x00, 0x00, 0x00, 0x00, 0x00, 0x00, 0x00, 0x00, 0x00, 0x00, 0x00, 0x00, 0x00, 0x00, 0x00, 0x00, 0x00, 0x00, 0x00}, 21, {0x7F, 0x74}, 2 },  /* CUTARTICLE */
            { {0x13, 0x00, 0x14, 0x63, 0x6F, 0x6E, 0x76, 0x69, 0x6E, 0x74, 0x6F, 0xFE, 0x63, 0x6F, 0x6E, 0x76, 0x69, 0x6E, 0x74, 0x61, 0x00, 0x00, 0x00, 0x00, 0x00, 0x00, 0x00, 0x00, 0x00, 0x00, 0x00, 0x00, 0x00, 0x00, 0x00, 0x00, 0x00, 0x00, 0x00, 0x00, 0x00, 0x00, 0x00, 0x00, 0x00, 0x00, 0x00}, 20, {0x7F, 0x03, 0x08}, 3 },  /* PAUSE */
            { {0x13, 0x00, 0x36, 0x6D, 0x65, 0x69, 0x6E, 0x65, 0x6E, 0xFE, 0x6D, 0x65, 0x69, 0x6E, 0x65, 0xFE, 0x6D, 0x65, 0x69, 0x6E, 0x00, 0x00, 0x00, 0x00, 0x00, 0x00, 0x00, 0x00, 0x00, 0x00, 0x00, 0x00, 0x00, 0x00, 0x00, 0x00, 0x00, 0x00, 0x00, 0x00, 0x00, 0x00, 0x00, 0x00, 0x00, 0x00, 0x00}, 20, {0x7F, 0x74}, 2 },  /* CUTARTICLE */
            { {0x13, 0x00, 0x14, 0x63, 0x65, 0x72, 0x74, 0x61, 0x69, 0x6E, 0xFE, 0x63, 0x65, 0x72, 0x74, 0x61, 0x69, 0x6E, 0x65, 0x00, 0x00, 0x00, 0x00, 0x00, 0x00, 0x00, 0x00, 0x00, 0x00, 0x00, 0x00, 0x00, 0x00, 0x00, 0x00, 0x00, 0x00, 0x00, 0x00, 0x00, 0x00, 0x00, 0x00, 0x00, 0x00, 0x00, 0x00}, 19, {0x7F, 0x09, 0x00, 0x00, 0x0B}, 5 },  /* DEMONPC0 */
            { {0x13, 0x00, 0x14, 0x63, 0x72, 0x6F, 0x69, 0x73, 0x7C, 0x73, 0xFE, 0x63, 0x72, 0x6F, 0x69, 0x73, 0x7C, 0x65, 0x73, 0x00, 0x00, 0x00, 0x00, 0x00, 0x00, 0x00, 0x00, 0x00, 0x00, 0x00, 0x00, 0x00, 0x00, 0x00, 0x00, 0x00, 0x00, 0x00, 0x00, 0x00, 0x00, 0x00, 0x00, 0x00, 0x00, 0x00, 0x00}, 19, {0x7F, 0x03, 0x0F}, 3 },  /* PAUSE */
            { {0x13, 0x00, 0x14, 0x65, 0x66, 0x66, 0x72, 0x61, 0x79, 0x7C, 0xFE, 0x65, 0x66, 0x66, 0x72, 0x61, 0x79, 0x7C, 0x65, 0x00, 0x00, 0x00, 0x00, 0x00, 0x00, 0x00, 0x00, 0x00, 0x00, 0x00, 0x00, 0x00, 0x00, 0x00, 0x00, 0x00, 0x00, 0x00, 0x00, 0x00, 0x00, 0x00, 0x00, 0x00, 0x00, 0x00, 0x00}, 19, {0x7F, 0x03, 0x04}, 3 },  /* PAUSE */
            { {0x13, 0x00, 0x14, 0x67, 0x6F, 0x91, 0x74, 0x65, 0x75, 0x72, 0xFE, 0x67, 0x6F, 0x91, 0x74, 0x65, 0x75, 0x73, 0x65, 0x00, 0x00, 0x00, 0x00, 0x00, 0x00, 0x00, 0x00, 0x00, 0x00, 0x00, 0x00, 0x00, 0x00, 0x00, 0x00, 0x00, 0x00, 0x00, 0x00, 0x00, 0x00, 0x00, 0x00, 0x00, 0x00, 0x00, 0x00}, 19, {0x7F, 0x35}, 2 },  /* STR_ITEM4 */
            { {0x13, 0x00, 0x14, 0x68, 0x65, 0x75, 0x72, 0x65, 0x75, 0x78, 0xFE, 0x68, 0x65, 0x75, 0x72, 0x65, 0x75, 0x73, 0x65, 0x00, 0x00, 0x00, 0x00, 0x00, 0x00, 0x00, 0x00, 0x00, 0x00, 0x00, 0x00, 0x00, 0x00, 0x00, 0x00, 0x00, 0x00, 0x00, 0x00, 0x00, 0x00, 0x00, 0x00, 0x00, 0x00, 0x00, 0x00}, 19, {0x7F, 0x03, 0x0A}, 3 },  /* PAUSE */
            { {0x13, 0x00, 0x14, 0x6D, 0x7C, 0x63, 0x68, 0x61, 0x6E, 0x74, 0xFE, 0x6D, 0x7C, 0x63, 0x68, 0x61, 0x6E, 0x74, 0x65, 0x00, 0x00, 0x00, 0x00, 0x00, 0x00, 0x00, 0x00, 0x00, 0x00, 0x00, 0x00, 0x00, 0x00, 0x00, 0x00, 0x00, 0x00, 0x00, 0x00, 0x00, 0x00, 0x00, 0x00, 0x00, 0x00, 0x00, 0x00}, 19, {0x7F, 0x03, 0x02}, 3 },  /* PAUSE */
            { {0x13, 0x00, 0x14, 0x70, 0x61, 0x74, 0x69, 0x65, 0x6E, 0x74, 0xFE, 0x70, 0x61, 0x74, 0x69, 0x65, 0x6E, 0x74, 0x65, 0x00, 0x00, 0x00, 0x00, 0x00, 0x00, 0x00, 0x00, 0x00, 0x00, 0x00, 0x00, 0x00, 0x00, 0x00, 0x00, 0x00, 0x00, 0x00, 0x00, 0x00, 0x00, 0x00, 0x00, 0x00, 0x00, 0x00, 0x00}, 19, {0x7F, 0x03, 0x04}, 3 },  /* PAUSE */
            { {0x13, 0x00, 0x14, 0x72, 0x65, 0x63, 0x6F, 0x6E, 0x6E, 0x75, 0xFE, 0x72, 0x65, 0x63, 0x6F, 0x6E, 0x6E, 0x75, 0x65, 0x00, 0x00, 0x00, 0x00, 0x00, 0x00, 0x00, 0x00, 0x00, 0x00, 0x00, 0x00, 0x00, 0x00, 0x00, 0x00, 0x00, 0x00, 0x00, 0x00, 0x00, 0x00, 0x00, 0x00, 0x00, 0x00, 0x00, 0x00}, 19, {0x7F, 0x03, 0x08}, 3 },  /* PAUSE */
            { {0x13, 0x00, 0x14, 0x72, 0x65, 0x67, 0x61, 0x72, 0x64, 0x7C, 0xFE, 0x72, 0x65, 0x67, 0x61, 0x72, 0x64, 0x7C, 0x65, 0x00, 0x00, 0x00, 0x00, 0x00, 0x00, 0x00, 0x00, 0x00, 0x00, 0x00, 0x00, 0x00, 0x00, 0x00, 0x00, 0x00, 0x00, 0x00, 0x00, 0x00, 0x00, 0x00, 0x00, 0x00, 0x00, 0x00, 0x00}, 19, {0x7F, 0x03, 0x05}, 3 },  /* PAUSE */
            { {0x13, 0x00, 0x20, 0x65, 0x78, 0x71, 0x75, 0x69, 0x73, 0xFE, 0x65, 0x78, 0x71, 0x75, 0x69, 0x73, 0x65, 0xFE, 0x78, 0x00, 0x00, 0x00, 0x00, 0x00, 0x00, 0x00, 0x00, 0x00, 0x00, 0x00, 0x00, 0x00, 0x00, 0x00, 0x00, 0x00, 0x00, 0x00, 0x00, 0x00, 0x00, 0x00, 0x00, 0x00, 0x00, 0x00, 0x00}, 19, {0x7F, 0x26}, 2 },  /* STR_FREE2 */
            { {0x13, 0x00, 0x32, 0x65, 0x6E, 0x76, 0x6F, 0x79, 0x7C, 0xFE, 0x65, 0x6E, 0x76, 0x6F, 0x79, 0x7C, 0x65, 0xFE, 0x78, 0x00, 0x00, 0x00, 0x00, 0x00, 0x00, 0x00, 0x00, 0x00, 0x00, 0x00, 0x00, 0x00, 0x00, 0x00, 0x00, 0x00, 0x00, 0x00, 0x00, 0x00, 0x00, 0x00, 0x00, 0x00, 0x00, 0x00, 0x00}, 19, {0x7F, 0x39}, 2 },  /* STR_FREE13 */
            { {0x13, 0x00, 0x14, 0x67, 0x65, 0x6E, 0x74, 0x69, 0x6C, 0xFE, 0x67, 0x65, 0x6E, 0x74, 0x69, 0x6C, 0x6C, 0x65, 0x00, 0x00, 0x00, 0x00, 0x00, 0x00, 0x00, 0x00, 0x00, 0x00, 0x00, 0x00, 0x00, 0x00, 0x00, 0x00, 0x00, 0x00, 0x00, 0x00, 0x00, 0x00, 0x00, 0x00, 0x00, 0x00, 0x00, 0x00, 0x00}, 18, {0x7F, 0x03, 0x0A}, 3 },  /* PAUSE */
            { {0x13, 0x00, 0x20, 0x65, 0x69, 0x6E, 0x65, 0x6E, 0xFE, 0x65, 0x69, 0x6E, 0x65, 0xFE, 0x65, 0x69, 0x6E, 0x73, 0x00, 0x00, 0x00, 0x00, 0x00, 0x00, 0x00, 0x00, 0x00, 0x00, 0x00, 0x00, 0x00, 0x00, 0x00, 0x00, 0x00, 0x00, 0x00, 0x00, 0x00, 0x00, 0x00, 0x00, 0x00, 0x00, 0x00, 0x00, 0x00}, 18, {0x7F, 0x03, 0x06}, 3 },  /* PAUSE */
            { {0x13, 0x00, 0x34, 0x65, 0x69, 0x6E, 0x65, 0x6E, 0xFE, 0x65, 0x69, 0x6E, 0x65, 0xFE, 0x65, 0x69, 0x6E, 0x73, 0x00, 0x00, 0x00, 0x00, 0x00, 0x00, 0x00, 0x00, 0x00, 0x00, 0x00, 0x00, 0x00, 0x00, 0x00, 0x00, 0x00, 0x00, 0x00, 0x00, 0x00, 0x00, 0x00, 0x00, 0x00, 0x00, 0x00, 0x00, 0x00}, 18, {0x7F, 0x03, 0x05}, 3 },  /* PAUSE */
            { {0x13, 0x00, 0x36, 0x66, 0x72, 0x61, 0x69, 0x73, 0xFE, 0x66, 0x72, 0x61, 0x83, 0x63, 0x68, 0x65, 0xFE, 0x78, 0x00, 0x00, 0x00, 0x00, 0x00, 0x00, 0x00, 0x00, 0x00, 0x00, 0x00, 0x00, 0x00, 0x00, 0x00, 0x00, 0x00, 0x00, 0x00, 0x00, 0x00, 0x00, 0x00, 0x00, 0x00, 0x00, 0x00, 0x00, 0x00}, 18, {0x7F, 0x35}, 2 },  /* STR_ITEM4 */
            { {0x13, 0x00, 0x14, 0x62, 0x61, 0x76, 0x61, 0x72, 0x64, 0xFE, 0x62, 0x61, 0x76, 0x61, 0x72, 0x64, 0x65, 0x00, 0x00, 0x00, 0x00, 0x00, 0x00, 0x00, 0x00, 0x00, 0x00, 0x00, 0x00, 0x00, 0x00, 0x00, 0x00, 0x00, 0x00, 0x00, 0x00, 0x00, 0x00, 0x00, 0x00, 0x00, 0x00, 0x00, 0x00, 0x00, 0x00}, 17, {0x7F, 0x03, 0x08}, 3 },  /* PAUSE */
            { {0x13, 0x00, 0x14, 0x63, 0x68, 0x61, 0x72, 0x67, 0x7C, 0xFE, 0x63, 0x68, 0x61, 0x72, 0x67, 0x7C, 0x65, 0x00, 0x00, 0x00, 0x00, 0x00, 0x00, 0x00, 0x00, 0x00, 0x00, 0x00, 0x00, 0x00, 0x00, 0x00, 0x00, 0x00, 0x00, 0x00, 0x00, 0x00, 0x00, 0x00, 0x00, 0x00, 0x00, 0x00, 0x00, 0x00, 0x00}, 17, {0x7F, 0x03, 0x08}, 3 },  /* PAUSE */
            { {0x13, 0x00, 0x14, 0x65, 0x6E, 0x76, 0x61, 0x68, 0x69, 0xFE, 0x65, 0x6E, 0x76, 0x61, 0x68, 0x69, 0x65, 0x00, 0x00, 0x00, 0x00, 0x00, 0x00, 0x00, 0x00, 0x00, 0x00, 0x00, 0x00, 0x00, 0x00, 0x00, 0x00, 0x00, 0x00, 0x00, 0x00, 0x00, 0x00, 0x00, 0x00, 0x00, 0x00, 0x00, 0x00, 0x00, 0x00}, 17, {0x7F, 0x03, 0x04}, 3 },  /* PAUSE */
            { {0x13, 0x00, 0x14, 0x6D, 0x6F, 0x6E, 0x74, 0x72, 0x7C, 0xFE, 0x6D, 0x6F, 0x6E, 0x74, 0x72, 0x7C, 0x65, 0x00, 0x00, 0x00, 0x00, 0x00, 0x00, 0x00, 0x00, 0x00, 0x00, 0x00, 0x00, 0x00, 0x00, 0x00, 0x00, 0x00, 0x00, 0x00, 0x00, 0x00, 0x00, 0x00, 0x00, 0x00, 0x00, 0x00, 0x00, 0x00, 0x00}, 17, {0x7F, 0x03, 0x14}, 3 },  /* PAUSE */
            { {0x13, 0x00, 0x14, 0x6E, 0x20, 0x74, 0x69, 0x70, 0x6F, 0xFE, 0x6E, 0x61, 0x20, 0x74, 0x69, 0x70, 0x61, 0x00, 0x00, 0x00, 0x00, 0x00, 0x00, 0x00, 0x00, 0x00, 0x00, 0x00, 0x00, 0x00, 0x00, 0x00, 0x00, 0x00, 0x00, 0x00, 0x00, 0x00, 0x00, 0x00, 0x00, 0x00, 0x00, 0x00, 0x00, 0x00, 0x00}, 17, {0x7F, 0x03, 0x04}, 3 },  /* PAUSE */
            { {0x13, 0x00, 0x14, 0x6F, 0x62, 0x6C, 0x69, 0x67, 0x7C, 0xFE, 0x6F, 0x62, 0x6C, 0x69, 0x67, 0x7C, 0x65, 0x00, 0x00, 0x00, 0x00, 0x00, 0x00, 0x00, 0x00, 0x00, 0x00, 0x00, 0x00, 0x00, 0x00, 0x00, 0x00, 0x00, 0x00, 0x00, 0x00, 0x00, 0x00, 0x00, 0x00, 0x00, 0x00, 0x00, 0x00, 0x00, 0x00}, 17, {0x7F, 0x03, 0x0A}, 3 },  /* PAUSE */
            { {0x13, 0x00, 0x14, 0x6F, 0x63, 0x63, 0x75, 0x70, 0x7C, 0xFE, 0x6F, 0x63, 0x63, 0x75, 0x70, 0x7C, 0x65, 0x00, 0x00, 0x00, 0x00, 0x00, 0x00, 0x00, 0x00, 0x00, 0x00, 0x00, 0x00, 0x00, 0x00, 0x00, 0x00, 0x00, 0x00, 0x00, 0x00, 0x00, 0x00, 0x00, 0x00, 0x00, 0x00, 0x00, 0x00, 0x00, 0x00}, 17, {0x7F, 0x03, 0x06}, 3 },  /* PAUSE */
            { {0x13, 0x00, 0x14, 0x75, 0x6E, 0x20, 0x6D, 0x69, 0x6F, 0xFE, 0x75, 0x6E, 0x61, 0x20, 0x6D, 0x69, 0x61, 0x00, 0x00, 0x00, 0x00, 0x00, 0x00, 0x00, 0x00, 0x00, 0x00, 0x00, 0x00, 0x00, 0x00, 0x00, 0x00, 0x00, 0x00, 0x00, 0x00, 0x00, 0x00, 0x00, 0x00, 0x00, 0x00, 0x00, 0x00, 0x00, 0x00}, 17, {0x7F, 0x09, 0x00, 0x00, 0x12}, 5 },  /* DEMONPC0 */
            { {0x13, 0x00, 0x14, 0x7C, 0x6E, 0x65, 0x72, 0x76, 0x7C, 0xFE, 0x7C, 0x6E, 0x65, 0x72, 0x76, 0x7C, 0x65, 0x00, 0x00, 0x00, 0x00, 0x00, 0x00, 0x00, 0x00, 0x00, 0x00, 0x00, 0x00, 0x00, 0x00, 0x00, 0x00, 0x00, 0x00, 0x00, 0x00, 0x00, 0x00, 0x00, 0x00, 0x00, 0x00, 0x00, 0x00, 0x00, 0x00}, 17, {0x7F, 0x03, 0x06}, 3 },  /* PAUSE */
            { {0x13, 0x00, 0x20, 0x65, 0x69, 0x6E, 0x65, 0x6E, 0xFE, 0x65, 0x69, 0x6E, 0x65, 0xFE, 0x65, 0x69, 0x6E, 0x00, 0x00, 0x00, 0x00, 0x00, 0x00, 0x00, 0x00, 0x00, 0x00, 0x00, 0x00, 0x00, 0x00, 0x00, 0x00, 0x00, 0x00, 0x00, 0x00, 0x00, 0x00, 0x00, 0x00, 0x00, 0x00, 0x00, 0x00, 0x00, 0x00}, 17, {0x7F, 0x04}, 2 },  /* BTN */
            { {0x13, 0x00, 0x20, 0x67, 0x61, 0x72, 0x64, 0x7C, 0xFE, 0x67, 0x61, 0x72, 0x64, 0x7C, 0x65, 0xFE, 0x78, 0x00, 0x00, 0x00, 0x00, 0x00, 0x00, 0x00, 0x00, 0x00, 0x00, 0x00, 0x00, 0x00, 0x00, 0x00, 0x00, 0x00, 0x00, 0x00, 0x00, 0x00, 0x00, 0x00, 0x00, 0x00, 0x00, 0x00, 0x00, 0x00, 0x00}, 17, {0x7F, 0x29}, 2 },  /* STR_FREE5 */
            { {0x13, 0x00, 0x20, 0x70, 0x72, 0x7D, 0x74, 0x7C, 0xFE, 0x70, 0x72, 0x7D, 0x74, 0x7C, 0x65, 0xFE, 0x78, 0x00, 0x00, 0x00, 0x00, 0x00, 0x00, 0x00, 0x00, 0x00, 0x00, 0x00, 0x00, 0x00, 0x00, 0x00, 0x00, 0x00, 0x00, 0x00, 0x00, 0x00, 0x00, 0x00, 0x00, 0x00, 0x00, 0x00, 0x00, 0x00, 0x00}, 17, {0x7F, 0x03, 0x06}, 3 },  /* PAUSE */
            { {0x13, 0x00, 0x20, 0x72, 0x65, 0x6E, 0x64, 0x75, 0xFE, 0x72, 0x65, 0x6E, 0x64, 0x75, 0x65, 0xFE, 0x78, 0x00, 0x00, 0x00, 0x00, 0x00, 0x00, 0x00, 0x00, 0x00, 0x00, 0x00, 0x00, 0x00, 0x00, 0x00, 0x00, 0x00, 0x00, 0x00, 0x00, 0x00, 0x00, 0x00, 0x00, 0x00, 0x00, 0x00, 0x00, 0x00, 0x00}, 17, {0x7F, 0x29}, 2 },  /* STR_FREE5 */
            { {0x13, 0x00, 0x36, 0x64, 0x6F, 0x6E, 0x6E, 0x7C, 0xFE, 0x64, 0x6F, 0x6E, 0x6E, 0x7C, 0x65, 0xFE, 0x78, 0x00, 0x00, 0x00, 0x00, 0x00, 0x00, 0x00, 0x00, 0x00, 0x00, 0x00, 0x00, 0x00, 0x00, 0x00, 0x00, 0x00, 0x00, 0x00, 0x00, 0x00, 0x00, 0x00, 0x00, 0x00, 0x00, 0x00, 0x00, 0x00, 0x00}, 17, {0x7F, 0x03, 0x06}, 3 },  /* PAUSE */
            { {0x13, 0x00, 0x14, 0x6D, 0x61, 0x6C, 0x69, 0x6E, 0xFE, 0x6D, 0x61, 0x6C, 0x69, 0x67, 0x6E, 0x65, 0x00, 0x00, 0x00, 0x00, 0x00, 0x00, 0x00, 0x00, 0x00, 0x00, 0x00, 0x00, 0x00, 0x00, 0x00, 0x00, 0x00, 0x00, 0x00, 0x00, 0x00, 0x00, 0x00, 0x00, 0x00, 0x00, 0x00, 0x00, 0x00, 0x00, 0x00}, 16, {0x7F, 0x03, 0x0C}, 3 },  /* PAUSE */
            { {0x13, 0x00, 0x20, 0x43, 0x65, 0x6C, 0x75, 0x69, 0xFE, 0x43, 0x65, 0x6C, 0x6C, 0x65, 0xFE, 0x78, 0x00, 0x00, 0x00, 0x00, 0x00, 0x00, 0x00, 0x00, 0x00, 0x00, 0x00, 0x00, 0x00, 0x00, 0x00, 0x00, 0x00, 0x00, 0x00, 0x00, 0x00, 0x00, 0x00, 0x00, 0x00, 0x00, 0x00, 0x00, 0x00, 0x00, 0x00}, 16, {0x7F, 0x26}, 2 },  /* STR_FREE2 */
            { {0x13, 0x00, 0x14, 0x67, 0x72, 0x61, 0x6E, 0x64, 0xFE, 0x67, 0x72, 0x61, 0x6E, 0x64, 0x65, 0x00, 0x00, 0x00, 0x00, 0x00, 0x00, 0x00, 0x00, 0x00, 0x00, 0x00, 0x00, 0x00, 0x00, 0x00, 0x00, 0x00, 0x00, 0x00, 0x00, 0x00, 0x00, 0x00, 0x00, 0x00, 0x00, 0x00, 0x00, 0x00, 0x00, 0x00, 0x00}, 15, {0x7F, 0x03, 0x03}, 3 },  /* PAUSE */
            { {0x13, 0x00, 0x14, 0x70, 0x65, 0x74, 0x69, 0x74, 0xFE, 0x70, 0x65, 0x74, 0x69, 0x74, 0x65, 0x00, 0x00, 0x00, 0x00, 0x00, 0x00, 0x00, 0x00, 0x00, 0x00, 0x00, 0x00, 0x00, 0x00, 0x00, 0x00, 0x00, 0x00, 0x00, 0x00, 0x00, 0x00, 0x00, 0x00, 0x00, 0x00, 0x00, 0x00, 0x00, 0x00, 0x00, 0x00}, 15, {0x7F, 0x03, 0x06}, 3 },  /* PAUSE */
            { {0x13, 0x00, 0x14, 0x72, 0x65, 0x73, 0x74, 0x7C, 0xFE, 0x72, 0x65, 0x73, 0x74, 0x7C, 0x65, 0x00, 0x00, 0x00, 0x00, 0x00, 0x00, 0x00, 0x00, 0x00, 0x00, 0x00, 0x00, 0x00, 0x00, 0x00, 0x00, 0x00, 0x00, 0x00, 0x00, 0x00, 0x00, 0x00, 0x00, 0x00, 0x00, 0x00, 0x00, 0x00, 0x00, 0x00, 0x00}, 15, {0x7F, 0x03, 0x07}, 3 },  /* PAUSE */
            { {0x13, 0x00, 0x14, 0x7A, 0x61, 0x70, 0x70, 0x7C, 0xFE, 0x7A, 0x61, 0x70, 0x70, 0x7C, 0x65, 0x00, 0x00, 0x00, 0x00, 0x00, 0x00, 0x00, 0x00, 0x00, 0x00, 0x00, 0x00, 0x00, 0x00, 0x00, 0x00, 0x00, 0x00, 0x00, 0x00, 0x00, 0x00, 0x00, 0x00, 0x00, 0x00, 0x00, 0x00, 0x00, 0x00, 0x00, 0x00}, 15, {0x7F, 0x03, 0x06}, 3 },  /* PAUSE */
            { {0x13, 0x00, 0x32, 0x45, 0x69, 0x6E, 0xFE, 0x45, 0x69, 0x6E, 0x65, 0xFE, 0x45, 0x69, 0x6E, 0x00, 0x00, 0x00, 0x00, 0x00, 0x00, 0x00, 0x00, 0x00, 0x00, 0x00, 0x00, 0x00, 0x00, 0x00, 0x00, 0x00, 0x00, 0x00, 0x00, 0x00, 0x00, 0x00, 0x00, 0x00, 0x00, 0x00, 0x00, 0x00, 0x00, 0x00, 0x00}, 15, {0x7F, 0x75}, 2 },  /* CAPTIALIZE */
            { {0x13, 0x00, 0x14, 0x20, 0x61, 0x6D, 0x69, 0xFE, 0x65, 0x20, 0x61, 0x6D, 0x69, 0x65, 0x00, 0x00, 0x00, 0x00, 0x00, 0x00, 0x00, 0x00, 0x00, 0x00, 0x00, 0x00, 0x00, 0x00, 0x00, 0x00, 0x00, 0x00, 0x00, 0x00, 0x00, 0x00, 0x00, 0x00, 0x00, 0x00, 0x00, 0x00, 0x00, 0x00, 0x00, 0x00, 0x00}, 14, {0x7F, 0x03, 0x0A}, 3 },  /* PAUSE */
            { {0x13, 0x00, 0x20, 0x64, 0x65, 0x6E, 0xFE, 0x64, 0x69, 0x65, 0xFE, 0x64, 0x61, 0x73, 0x00, 0x00, 0x00, 0x00, 0x00, 0x00, 0x00, 0x00, 0x00, 0x00, 0x00, 0x00, 0x00, 0x00, 0x00, 0x00, 0x00, 0x00, 0x00, 0x00, 0x00, 0x00, 0x00, 0x00, 0x00, 0x00, 0x00, 0x00, 0x00, 0x00, 0x00, 0x00, 0x00}, 14, {0x7F, 0x03, 0x06}, 3 },  /* PAUSE */
            { {0x13, 0x00, 0x20, 0x64, 0x65, 0x72, 0xFE, 0x64, 0x69, 0x65, 0xFE, 0x64, 0x61, 0x73, 0x00, 0x00, 0x00, 0x00, 0x00, 0x00, 0x00, 0x00, 0x00, 0x00, 0x00, 0x00, 0x00, 0x00, 0x00, 0x00, 0x00, 0x00, 0x00, 0x00, 0x00, 0x00, 0x00, 0x00, 0x00, 0x00, 0x00, 0x00, 0x00, 0x00, 0x00, 0x00, 0x00}, 14, {0x7F, 0x74}, 2 },  /* CUTARTICLE */
            { {0x13, 0x00, 0x32, 0x69, 0x68, 0x6E, 0xFE, 0x73, 0x69, 0x65, 0x20, 0xFE, 0x65, 0x73, 0x00, 0x00, 0x00, 0x00, 0x00, 0x00, 0x00, 0x00, 0x00, 0x00, 0x00, 0x00, 0x00, 0x00, 0x00, 0x00, 0x00, 0x00, 0x00, 0x00, 0x00, 0x00, 0x00, 0x00, 0x00, 0x00, 0x00, 0x00, 0x00, 0x00, 0x00, 0x00, 0x00}, 14, {0x7F, 0x03, 0x03}, 3 },  /* PAUSE */
            { {0x13, 0x00, 0x33, 0x64, 0x65, 0x6E, 0xFE, 0x64, 0x69, 0x65, 0xFE, 0x64, 0x61, 0x73, 0x00, 0x00, 0x00, 0x00, 0x00, 0x00, 0x00, 0x00, 0x00, 0x00, 0x00, 0x00, 0x00, 0x00, 0x00, 0x00, 0x00, 0x00, 0x00, 0x00, 0x00, 0x00, 0x00, 0x00, 0x00, 0x00, 0x00, 0x00, 0x00, 0x00, 0x00, 0x00, 0x00}, 14, {0x7F, 0x03, 0x04}, 3 },  /* PAUSE */
            { {0x13, 0x00, 0x14, 0x61, 0x6C, 0x6C, 0x7C, 0xFE, 0x61, 0x6C, 0x6C, 0x7C, 0x65, 0x00, 0x00, 0x00, 0x00, 0x00, 0x00, 0x00, 0x00, 0x00, 0x00, 0x00, 0x00, 0x00, 0x00, 0x00, 0x00, 0x00, 0x00, 0x00, 0x00, 0x00, 0x00, 0x00, 0x00, 0x00, 0x00, 0x00, 0x00, 0x00, 0x00, 0x00, 0x00, 0x00, 0x00}, 13, {0x7F, 0x09, 0x00, 0x00, 0x0B}, 5 },  /* DEMONPC0 */
            { {0x13, 0x00, 0x14, 0x61, 0x6D, 0x69, 0x73, 0xFE, 0x61, 0x6D, 0x69, 0x65, 0x73, 0x00, 0x00, 0x00, 0x00, 0x00, 0x00, 0x00, 0x00, 0x00, 0x00, 0x00, 0x00, 0x00, 0x00, 0x00, 0x00, 0x00, 0x00, 0x00, 0x00, 0x00, 0x00, 0x00, 0x00, 0x00, 0x00, 0x00, 0x00, 0x00, 0x00, 0x00, 0x00, 0x00, 0x00}, 13, {0x7F, 0x03, 0x06}, 3 },  /* PAUSE */
            { {0x13, 0x00, 0x14, 0x66, 0x75, 0x74, 0x7C, 0xFE, 0x66, 0x75, 0x74, 0x7C, 0x65, 0x00, 0x00, 0x00, 0x00, 0x00, 0x00, 0x00, 0x00, 0x00, 0x00, 0x00, 0x00, 0x00, 0x00, 0x00, 0x00, 0x00, 0x00, 0x00, 0x00, 0x00, 0x00, 0x00, 0x00, 0x00, 0x00, 0x00, 0x00, 0x00, 0x00, 0x00, 0x00, 0x00, 0x00}, 13, {0x7F, 0x03, 0x08}, 3 },  /* PAUSE */
            { {0x13, 0x00, 0x14, 0x72, 0x65, 0x76, 0x75, 0xFE, 0x72, 0x65, 0x76, 0x75, 0x65, 0x00, 0x00, 0x00, 0x00, 0x00, 0x00, 0x00, 0x00, 0x00, 0x00, 0x00, 0x00, 0x00, 0x00, 0x00, 0x00, 0x00, 0x00, 0x00, 0x00, 0x00, 0x00, 0x00, 0x00, 0x00, 0x00, 0x00, 0x00, 0x00, 0x00, 0x00, 0x00, 0x00, 0x00}, 13, {0x7F, 0x2A}, 2 },  /* STR_FREE6 */
            { {0x13, 0x00, 0x14, 0x76, 0x65, 0x6E, 0x75, 0xFE, 0x76, 0x65, 0x6E, 0x75, 0x65, 0x00, 0x00, 0x00, 0x00, 0x00, 0x00, 0x00, 0x00, 0x00, 0x00, 0x00, 0x00, 0x00, 0x00, 0x00, 0x00, 0x00, 0x00, 0x00, 0x00, 0x00, 0x00, 0x00, 0x00, 0x00, 0x00, 0x00, 0x00, 0x00, 0x00, 0x00, 0x00, 0x00, 0x00}, 13, {0x7F, 0x03, 0x0F}, 3 },  /* PAUSE */
            { {0x13, 0x00, 0x20, 0x63, 0x65, 0xFE, 0x63, 0x65, 0x74, 0x74, 0x65, 0xFE, 0x78, 0x00, 0x00, 0x00, 0x00, 0x00, 0x00, 0x00, 0x00, 0x00, 0x00, 0x00, 0x00, 0x00, 0x00, 0x00, 0x00, 0x00, 0x00, 0x00, 0x00, 0x00, 0x00, 0x00, 0x00, 0x00, 0x00, 0x00, 0x00, 0x00, 0x00, 0x00, 0x00, 0x00, 0x00}, 13, {0x7F, 0x03, 0x08}, 3 },  /* PAUSE */
            { {0x13, 0x00, 0x20, 0x69, 0x68, 0x6E, 0xFE, 0x73, 0x69, 0x65, 0xFE, 0x65, 0x73, 0x00, 0x00, 0x00, 0x00, 0x00, 0x00, 0x00, 0x00, 0x00, 0x00, 0x00, 0x00, 0x00, 0x00, 0x00, 0x00, 0x00, 0x00, 0x00, 0x00, 0x00, 0x00, 0x00, 0x00, 0x00, 0x00, 0x00, 0x00, 0x00, 0x00, 0x00, 0x00, 0x00, 0x00}, 13, {0x7F, 0x03, 0x06}, 3 },  /* PAUSE */
            { {0x13, 0x00, 0x20, 0x6D, 0x69, 0x73, 0xFE, 0x6D, 0x69, 0x73, 0x65, 0xFE, 0x78, 0x00, 0x00, 0x00, 0x00, 0x00, 0x00, 0x00, 0x00, 0x00, 0x00, 0x00, 0x00, 0x00, 0x00, 0x00, 0x00, 0x00, 0x00, 0x00, 0x00, 0x00, 0x00, 0x00, 0x00, 0x00, 0x00, 0x00, 0x00, 0x00, 0x00, 0x00, 0x00, 0x00, 0x00}, 13, {0x7F, 0x03, 0x06}, 3 },  /* PAUSE */
            { {0x13, 0x00, 0x32, 0x63, 0x65, 0xFE, 0x63, 0x65, 0x74, 0x74, 0x65, 0xFE, 0x78, 0x00, 0x00, 0x00, 0x00, 0x00, 0x00, 0x00, 0x00, 0x00, 0x00, 0x00, 0x00, 0x00, 0x00, 0x00, 0x00, 0x00, 0x00, 0x00, 0x00, 0x00, 0x00, 0x00, 0x00, 0x00, 0x00, 0x00, 0x00, 0x00, 0x00, 0x00, 0x00, 0x00, 0x00}, 13, {0x7F, 0x03, 0x08}, 3 },  /* PAUSE */
            { {0x13, 0x00, 0x32, 0x65, 0x72, 0xFE, 0x73, 0x69, 0x65, 0x20, 0xFE, 0x65, 0x73, 0x00, 0x00, 0x00, 0x00, 0x00, 0x00, 0x00, 0x00, 0x00, 0x00, 0x00, 0x00, 0x00, 0x00, 0x00, 0x00, 0x00, 0x00, 0x00, 0x00, 0x00, 0x00, 0x00, 0x00, 0x00, 0x00, 0x00, 0x00, 0x00, 0x00, 0x00, 0x00, 0x00, 0x00}, 13, {0x7F, 0x04}, 2 },  /* BTN */
            { {0x13, 0x00, 0x32, 0x69, 0x68, 0x6E, 0xFE, 0x73, 0x69, 0x65, 0xFE, 0x65, 0x73, 0x00, 0x00, 0x00, 0x00, 0x00, 0x00, 0x00, 0x00, 0x00, 0x00, 0x00, 0x00, 0x00, 0x00, 0x00, 0x00, 0x00, 0x00, 0x00, 0x00, 0x00, 0x00, 0x00, 0x00, 0x00, 0x00, 0x00, 0x00, 0x00, 0x00, 0x00, 0x00, 0x00, 0x00}, 13, {0x7F, 0x04}, 2 },  /* BTN */
            { {0x13, 0x00, 0x33, 0x63, 0x65, 0xFE, 0x63, 0x65, 0x74, 0x74, 0x65, 0xFE, 0x78, 0x00, 0x00, 0x00, 0x00, 0x00, 0x00, 0x00, 0x00, 0x00, 0x00, 0x00, 0x00, 0x00, 0x00, 0x00, 0x00, 0x00, 0x00, 0x00, 0x00, 0x00, 0x00, 0x00, 0x00, 0x00, 0x00, 0x00, 0x00, 0x00, 0x00, 0x00, 0x00, 0x00, 0x00}, 13, {0x7F, 0x03, 0x03}, 3 },  /* PAUSE */
            { {0x13, 0x00, 0x33, 0x69, 0x68, 0x6E, 0xFE, 0x73, 0x69, 0x65, 0xFE, 0x65, 0x73, 0x00, 0x00, 0x00, 0x00, 0x00, 0x00, 0x00, 0x00, 0x00, 0x00, 0x00, 0x00, 0x00, 0x00, 0x00, 0x00, 0x00, 0x00, 0x00, 0x00, 0x00, 0x00, 0x00, 0x00, 0x00, 0x00, 0x00, 0x00, 0x00, 0x00, 0x00, 0x00, 0x00, 0x00}, 13, {0x7F, 0x03, 0x08}, 3 },  /* PAUSE */
            { {0x13, 0x00, 0x34, 0x69, 0x68, 0x6E, 0xFE, 0x73, 0x69, 0x65, 0xFE, 0x65, 0x73, 0x00, 0x00, 0x00, 0x00, 0x00, 0x00, 0x00, 0x00, 0x00, 0x00, 0x00, 0x00, 0x00, 0x00, 0x00, 0x00, 0x00, 0x00, 0x00, 0x00, 0x00, 0x00, 0x00, 0x00, 0x00, 0x00, 0x00, 0x00, 0x00, 0x00, 0x00, 0x00, 0x00, 0x00}, 13, {0x7F, 0x03, 0x08}, 3 },  /* PAUSE */
            { {0x13, 0x00, 0x20, 0x49, 0x6C, 0xFE, 0x45, 0x6C, 0x6C, 0x65, 0xFE, 0x78, 0x00, 0x00, 0x00, 0x00, 0x00, 0x00, 0x00, 0x00, 0x00, 0x00, 0x00, 0x00, 0x00, 0x00, 0x00, 0x00, 0x00, 0x00, 0x00, 0x00, 0x00, 0x00, 0x00, 0x00, 0x00, 0x00, 0x00, 0x00, 0x00, 0x00, 0x00, 0x00, 0x00, 0x00, 0x00}, 12, {0x7F, 0x1C}, 2 },  /* STR_TAIL */
            { {0x13, 0x00, 0x20, 0x65, 0x72, 0xFE, 0x73, 0x69, 0x65, 0xFE, 0x65, 0x73, 0x00, 0x00, 0x00, 0x00, 0x00, 0x00, 0x00, 0x00, 0x00, 0x00, 0x00, 0x00, 0x00, 0x00, 0x00, 0x00, 0x00, 0x00, 0x00, 0x00, 0x00, 0x00, 0x00, 0x00, 0x00, 0x00, 0x00, 0x00, 0x00, 0x00, 0x00, 0x00, 0x00, 0x00, 0x00}, 12, {0x7F, 0x03, 0x0F}, 3 },  /* PAUSE */
            { {0x13, 0x00, 0x20, 0x7C, 0x6C, 0xFE, 0x65, 0x6C, 0x6C, 0x61, 0xFE, 0x78, 0x00, 0x00, 0x00, 0x00, 0x00, 0x00, 0x00, 0x00, 0x00, 0x00, 0x00, 0x00, 0x00, 0x00, 0x00, 0x00, 0x00, 0x00, 0x00, 0x00, 0x00, 0x00, 0x00, 0x00, 0x00, 0x00, 0x00, 0x00, 0x00, 0x00, 0x00, 0x00, 0x00, 0x00, 0x00}, 12, {0x7F, 0x03, 0x06}, 3 },  /* PAUSE */
            { {0x13, 0x00, 0x32, 0x45, 0x72, 0xFE, 0x53, 0x69, 0x65, 0xFE, 0x45, 0x73, 0x00, 0x00, 0x00, 0x00, 0x00, 0x00, 0x00, 0x00, 0x00, 0x00, 0x00, 0x00, 0x00, 0x00, 0x00, 0x00, 0x00, 0x00, 0x00, 0x00, 0x00, 0x00, 0x00, 0x00, 0x00, 0x00, 0x00, 0x00, 0x00, 0x00, 0x00, 0x00, 0x00, 0x00, 0x00}, 12, {0x7F, 0x1C}, 2 },  /* STR_TAIL */
            { {0x13, 0x00, 0x32, 0x65, 0x72, 0xFE, 0x73, 0x69, 0x65, 0xFE, 0x65, 0x73, 0x00, 0x00, 0x00, 0x00, 0x00, 0x00, 0x00, 0x00, 0x00, 0x00, 0x00, 0x00, 0x00, 0x00, 0x00, 0x00, 0x00, 0x00, 0x00, 0x00, 0x00, 0x00, 0x00, 0x00, 0x00, 0x00, 0x00, 0x00, 0x00, 0x00, 0x00, 0x00, 0x00, 0x00, 0x00}, 12, {0x7F, 0x03, 0x08}, 3 },  /* PAUSE */
            { {0x13, 0x00, 0x32, 0x69, 0x6C, 0xFE, 0x65, 0x6C, 0x6C, 0x65, 0xFE, 0x78, 0x00, 0x00, 0x00, 0x00, 0x00, 0x00, 0x00, 0x00, 0x00, 0x00, 0x00, 0x00, 0x00, 0x00, 0x00, 0x00, 0x00, 0x00, 0x00, 0x00, 0x00, 0x00, 0x00, 0x00, 0x00, 0x00, 0x00, 0x00, 0x00, 0x00, 0x00, 0x00, 0x00, 0x00, 0x00}, 12, {0x7F, 0x03, 0x0C}, 3 },  /* PAUSE */
            { {0x13, 0x00, 0x32, 0x7C, 0x6C, 0xFE, 0x65, 0x6C, 0x6C, 0x61, 0xFE, 0x78, 0x00, 0x00, 0x00, 0x00, 0x00, 0x00, 0x00, 0x00, 0x00, 0x00, 0x00, 0x00, 0x00, 0x00, 0x00, 0x00, 0x00, 0x00, 0x00, 0x00, 0x00, 0x00, 0x00, 0x00, 0x00, 0x00, 0x00, 0x00, 0x00, 0x00, 0x00, 0x00, 0x00, 0x00, 0x00}, 12, {0x7F, 0x04}, 2 },  /* BTN */
            { {0x13, 0x00, 0x33, 0x65, 0x72, 0xFE, 0x73, 0x69, 0x65, 0xFE, 0x65, 0x73, 0x00, 0x00, 0x00, 0x00, 0x00, 0x00, 0x00, 0x00, 0x00, 0x00, 0x00, 0x00, 0x00, 0x00, 0x00, 0x00, 0x00, 0x00, 0x00, 0x00, 0x00, 0x00, 0x00, 0x00, 0x00, 0x00, 0x00, 0x00, 0x00, 0x00, 0x00, 0x00, 0x00, 0x00, 0x00}, 12, {0x7F, 0x03, 0x08}, 3 },  /* PAUSE */
            { {0x13, 0x00, 0x34, 0x45, 0x72, 0xFE, 0x53, 0x69, 0x65, 0xFE, 0x45, 0x73, 0x00, 0x00, 0x00, 0x00, 0x00, 0x00, 0x00, 0x00, 0x00, 0x00, 0x00, 0x00, 0x00, 0x00, 0x00, 0x00, 0x00, 0x00, 0x00, 0x00, 0x00, 0x00, 0x00, 0x00, 0x00, 0x00, 0x00, 0x00, 0x00, 0x00, 0x00, 0x00, 0x00, 0x00, 0x00}, 12, {0x7F, 0x09, 0x00, 0x00, 0x15}, 5 },  /* DEMONPC0 */
            { {0x02, 0x00, 0x02, 0x01, 0xA3, 0x01, 0xA4, 0x01, 0xA5, 0x01, 0xA6, 0x00, 0x00, 0x00, 0x00, 0x00, 0x00, 0x00, 0x00, 0x00, 0x00, 0x00, 0x00, 0x00, 0x00, 0x00, 0x00, 0x00, 0x00, 0x00, 0x00, 0x00, 0x00, 0x00, 0x00, 0x00, 0x00, 0x00, 0x00, 0x00, 0x00, 0x00, 0x00, 0x00, 0x00, 0x00, 0x00}, 11, {0x7F, 0x04}, 2 },  /* BTN */
            { {0x02, 0x00, 0x02, 0x01, 0xA4, 0x01, 0xA5, 0x01, 0xA3, 0x01, 0xA6, 0x00, 0x00, 0x00, 0x00, 0x00, 0x00, 0x00, 0x00, 0x00, 0x00, 0x00, 0x00, 0x00, 0x00, 0x00, 0x00, 0x00, 0x00, 0x00, 0x00, 0x00, 0x00, 0x00, 0x00, 0x00, 0x00, 0x00, 0x00, 0x00, 0x00, 0x00, 0x00, 0x00, 0x00, 0x00, 0x00}, 11, {0x7F, 0x04}, 2 },  /* BTN */
            { {0x0C, 0x00, 0x04, 0x0A, 0xDC, 0x0A, 0xDD, 0x0A, 0xDE, 0x0A, 0xDF, 0x00, 0x00, 0x00, 0x00, 0x00, 0x00, 0x00, 0x00, 0x00, 0x00, 0x00, 0x00, 0x00, 0x00, 0x00, 0x00, 0x00, 0x00, 0x00, 0x00, 0x00, 0x00, 0x00, 0x00, 0x00, 0x00, 0x00, 0x00, 0x00, 0x00, 0x00, 0x00, 0x00, 0x00, 0x00, 0x00}, 11, {0x7F, 0x15, 0x0A, 0xDC, 0x0A, 0xDD, 0x0A, 0xDE, 0x0A, 0xDF}, 10 },  /* SETNEXTMSGRND4 */
            { {0x0C, 0x00, 0x04, 0x0B, 0x67, 0x0B, 0x68, 0x0B, 0x69, 0x0B, 0x6A, 0x00, 0x00, 0x00, 0x00, 0x00, 0x00, 0x00, 0x00, 0x00, 0x00, 0x00, 0x00, 0x00, 0x00, 0x00, 0x00, 0x00, 0x00, 0x00, 0x00, 0x00, 0x00, 0x00, 0x00, 0x00, 0x00, 0x00, 0x00, 0x00, 0x00, 0x00, 0x00, 0x00, 0x00, 0x00, 0x00}, 11, {0x7F, 0x15, 0x0B, 0x67, 0x0B, 0x68, 0x0B, 0x69, 0x0B, 0x6A}, 10 },  /* SETNEXTMSGRND4 */
            { {0x0C, 0x00, 0x04, 0x0B, 0x6C, 0x0B, 0x6D, 0x0B, 0x6E, 0x0B, 0x6F, 0x00, 0x00, 0x00, 0x00, 0x00, 0x00, 0x00, 0x00, 0x00, 0x00, 0x00, 0x00, 0x00, 0x00, 0x00, 0x00, 0x00, 0x00, 0x00, 0x00, 0x00, 0x00, 0x00, 0x00, 0x00, 0x00, 0x00, 0x00, 0x00, 0x00, 0x00, 0x00, 0x00, 0x00, 0x00, 0x00}, 11, {0x7F, 0x15, 0x0B, 0x6C, 0x0B, 0x6D, 0x0B, 0x6E, 0x0B, 0x6F}, 10 },  /* SETNEXTMSGRND4 */
            { {0x0C, 0x00, 0x04, 0x0B, 0x71, 0x0B, 0x72, 0x0B, 0x73, 0x0B, 0x74, 0x00, 0x00, 0x00, 0x00, 0x00, 0x00, 0x00, 0x00, 0x00, 0x00, 0x00, 0x00, 0x00, 0x00, 0x00, 0x00, 0x00, 0x00, 0x00, 0x00, 0x00, 0x00, 0x00, 0x00, 0x00, 0x00, 0x00, 0x00, 0x00, 0x00, 0x00, 0x00, 0x00, 0x00, 0x00, 0x00}, 11, {0x7F, 0x15, 0x0B, 0x71, 0x0B, 0x72, 0x0B, 0x73, 0x0B, 0x74}, 10 },  /* SETNEXTMSGRND4 */
            { {0x0C, 0x00, 0x04, 0x0E, 0xF1, 0x0E, 0xF2, 0x0E, 0xF3, 0x0E, 0xF4, 0x00, 0x00, 0x00, 0x00, 0x00, 0x00, 0x00, 0x00, 0x00, 0x00, 0x00, 0x00, 0x00, 0x00, 0x00, 0x00, 0x00, 0x00, 0x00, 0x00, 0x00, 0x00, 0x00, 0x00, 0x00, 0x00, 0x00, 0x00, 0x00, 0x00, 0x00, 0x00, 0x00, 0x00, 0x00, 0x00}, 11, {0x7F, 0x15, 0x0E, 0xF1, 0x0E, 0xF2, 0x0E, 0xF3, 0x0E, 0xF4}, 10 },  /* SETNEXTMSGRND4 */
            { {0x0C, 0x00, 0x04, 0x0F, 0x45, 0x0F, 0x46, 0x0F, 0x47, 0x24, 0x51, 0x00, 0x00, 0x00, 0x00, 0x00, 0x00, 0x00, 0x00, 0x00, 0x00, 0x00, 0x00, 0x00, 0x00, 0x00, 0x00, 0x00, 0x00, 0x00, 0x00, 0x00, 0x00, 0x00, 0x00, 0x00, 0x00, 0x00, 0x00, 0x00, 0x00, 0x00, 0x00, 0x00, 0x00, 0x00, 0x00}, 11, {0x7F, 0x15, 0x0F, 0x45, 0x0F, 0x46, 0x0F, 0x47, 0x24, 0x51}, 10 },  /* SETNEXTMSGRND4 */
            { {0x0C, 0x00, 0x04, 0x0F, 0x96, 0x0F, 0x97, 0x0F, 0x98, 0x0F, 0x99, 0x00, 0x00, 0x00, 0x00, 0x00, 0x00, 0x00, 0x00, 0x00, 0x00, 0x00, 0x00, 0x00, 0x00, 0x00, 0x00, 0x00, 0x00, 0x00, 0x00, 0x00, 0x00, 0x00, 0x00, 0x00, 0x00, 0x00, 0x00, 0x00, 0x00, 0x00, 0x00, 0x00, 0x00, 0x00, 0x00}, 11, {0x7F, 0x15, 0x0F, 0x96, 0x0F, 0x97, 0x0F, 0x98, 0x0F, 0x99}, 10 },  /* SETNEXTMSGRND4 */
            { {0x0C, 0x00, 0x04, 0x0F, 0xB2, 0x0F, 0xB3, 0x0F, 0xB4, 0x0D, 0x73, 0x00, 0x00, 0x00, 0x00, 0x00, 0x00, 0x00, 0x00, 0x00, 0x00, 0x00, 0x00, 0x00, 0x00, 0x00, 0x00, 0x00, 0x00, 0x00, 0x00, 0x00, 0x00, 0x00, 0x00, 0x00, 0x00, 0x00, 0x00, 0x00, 0x00, 0x00, 0x00, 0x00, 0x00, 0x00, 0x00}, 11, {0x7F, 0x15, 0x0F, 0xB2, 0x0F, 0xB3, 0x0F, 0xB4, 0x0D, 0x73}, 10 },  /* SETNEXTMSGRND4 */
            { {0x0C, 0x00, 0x04, 0x24, 0x26, 0x24, 0x27, 0x24, 0x28, 0x24, 0x29, 0x00, 0x00, 0x00, 0x00, 0x00, 0x00, 0x00, 0x00, 0x00, 0x00, 0x00, 0x00, 0x00, 0x00, 0x00, 0x00, 0x00, 0x00, 0x00, 0x00, 0x00, 0x00, 0x00, 0x00, 0x00, 0x00, 0x00, 0x00, 0x00, 0x00, 0x00, 0x00, 0x00, 0x00, 0x00, 0x00}, 11, {0x7F, 0x15, 0x24, 0x26, 0x24, 0x27, 0x24, 0x28, 0x24, 0x29}, 10 },  /* SETNEXTMSGRND4 */
            { {0x0C, 0x00, 0x04, 0x24, 0x33, 0x24, 0x34, 0x24, 0x35, 0x24, 0x36, 0x00, 0x00, 0x00, 0x00, 0x00, 0x00, 0x00, 0x00, 0x00, 0x00, 0x00, 0x00, 0x00, 0x00, 0x00, 0x00, 0x00, 0x00, 0x00, 0x00, 0x00, 0x00, 0x00, 0x00, 0x00, 0x00, 0x00, 0x00, 0x00, 0x00, 0x00, 0x00, 0x00, 0x00, 0x00, 0x00}, 11, {0x7F, 0x15, 0x24, 0x33, 0x24, 0x34, 0x24, 0x35, 0x24, 0x36}, 10 },  /* SETNEXTMSGRND4 */
            { {0x0C, 0x00, 0x04, 0x24, 0x37, 0x24, 0x38, 0x24, 0x39, 0x24, 0x3A, 0x00, 0x00, 0x00, 0x00, 0x00, 0x00, 0x00, 0x00, 0x00, 0x00, 0x00, 0x00, 0x00, 0x00, 0x00, 0x00, 0x00, 0x00, 0x00, 0x00, 0x00, 0x00, 0x00, 0x00, 0x00, 0x00, 0x00, 0x00, 0x00, 0x00, 0x00, 0x00, 0x00, 0x00, 0x00, 0x00}, 11, {0x7F, 0x15, 0x24, 0x37, 0x24, 0x38, 0x24, 0x39, 0x24, 0x3A}, 10 },  /* SETNEXTMSGRND4 */
            { {0x0C, 0x00, 0x04, 0x24, 0x66, 0x24, 0x67, 0x24, 0x68, 0x24, 0x69, 0x00, 0x00, 0x00, 0x00, 0x00, 0x00, 0x00, 0x00, 0x00, 0x00, 0x00, 0x00, 0x00, 0x00, 0x00, 0x00, 0x00, 0x00, 0x00, 0x00, 0x00, 0x00, 0x00, 0x00, 0x00, 0x00, 0x00, 0x00, 0x00, 0x00, 0x00, 0x00, 0x00, 0x00, 0x00, 0x00}, 11, {0x7F, 0x15, 0x24, 0x66, 0x24, 0x67, 0x24, 0x68, 0x24, 0x69}, 10 },  /* SETNEXTMSGRND4 */
            { {0x0C, 0x00, 0x04, 0x24, 0x6A, 0x24, 0x6B, 0x24, 0x6C, 0x24, 0x6D, 0x00, 0x00, 0x00, 0x00, 0x00, 0x00, 0x00, 0x00, 0x00, 0x00, 0x00, 0x00, 0x00, 0x00, 0x00, 0x00, 0x00, 0x00, 0x00, 0x00, 0x00, 0x00, 0x00, 0x00, 0x00, 0x00, 0x00, 0x00, 0x00, 0x00, 0x00, 0x00, 0x00, 0x00, 0x00, 0x00}, 11, {0x7F, 0x15, 0x24, 0x6A, 0x24, 0x6B, 0x24, 0x6C, 0x24, 0x6D}, 10 },  /* SETNEXTMSGRND4 */
            { {0x0C, 0x00, 0x04, 0x24, 0x6A, 0x24, 0x6B, 0x24, 0x70, 0x24, 0x71, 0x00, 0x00, 0x00, 0x00, 0x00, 0x00, 0x00, 0x00, 0x00, 0x00, 0x00, 0x00, 0x00, 0x00, 0x00, 0x00, 0x00, 0x00, 0x00, 0x00, 0x00, 0x00, 0x00, 0x00, 0x00, 0x00, 0x00, 0x00, 0x00, 0x00, 0x00, 0x00, 0x00, 0x00, 0x00, 0x00}, 11, {0x7F, 0x15, 0x24, 0x6A, 0x24, 0x6B, 0x24, 0x70, 0x24, 0x71}, 10 },  /* SETNEXTMSGRND4 */
            { {0x0C, 0x00, 0x04, 0x24, 0x6C, 0x24, 0x6D, 0x24, 0x6E, 0x24, 0x6F, 0x00, 0x00, 0x00, 0x00, 0x00, 0x00, 0x00, 0x00, 0x00, 0x00, 0x00, 0x00, 0x00, 0x00, 0x00, 0x00, 0x00, 0x00, 0x00, 0x00, 0x00, 0x00, 0x00, 0x00, 0x00, 0x00, 0x00, 0x00, 0x00, 0x00, 0x00, 0x00, 0x00, 0x00, 0x00, 0x00}, 11, {0x7F, 0x15, 0x24, 0x6C, 0x24, 0x6D, 0x24, 0x6E, 0x24, 0x6F}, 10 },  /* SETNEXTMSGRND4 */
            { {0x0C, 0x00, 0x04, 0x24, 0x6E, 0x24, 0x6F, 0x24, 0x70, 0x24, 0x71, 0x00, 0x00, 0x00, 0x00, 0x00, 0x00, 0x00, 0x00, 0x00, 0x00, 0x00, 0x00, 0x00, 0x00, 0x00, 0x00, 0x00, 0x00, 0x00, 0x00, 0x00, 0x00, 0x00, 0x00, 0x00, 0x00, 0x00, 0x00, 0x00, 0x00, 0x00, 0x00, 0x00, 0x00, 0x00, 0x00}, 11, {0x7F, 0x15, 0x24, 0x6E, 0x24, 0x6F, 0x24, 0x70, 0x24, 0x71}, 10 },  /* SETNEXTMSGRND4 */
            { {0x0C, 0x00, 0x04, 0x24, 0xA1, 0x24, 0xA2, 0x24, 0xA3, 0x24, 0xA4, 0x00, 0x00, 0x00, 0x00, 0x00, 0x00, 0x00, 0x00, 0x00, 0x00, 0x00, 0x00, 0x00, 0x00, 0x00, 0x00, 0x00, 0x00, 0x00, 0x00, 0x00, 0x00, 0x00, 0x00, 0x00, 0x00, 0x00, 0x00, 0x00, 0x00, 0x00, 0x00, 0x00, 0x00, 0x00, 0x00}, 11, {0x7F, 0x15, 0x24, 0xA1, 0x24, 0xA2, 0x24, 0xA3, 0x24, 0xA4}, 10 },  /* SETNEXTMSGRND4 */
            { {0x0C, 0x00, 0x04, 0x24, 0xC9, 0x24, 0xCA, 0x24, 0xCB, 0x24, 0xCC, 0x00, 0x00, 0x00, 0x00, 0x00, 0x00, 0x00, 0x00, 0x00, 0x00, 0x00, 0x00, 0x00, 0x00, 0x00, 0x00, 0x00, 0x00, 0x00, 0x00, 0x00, 0x00, 0x00, 0x00, 0x00, 0x00, 0x00, 0x00, 0x00, 0x00, 0x00, 0x00, 0x00, 0x00, 0x00, 0x00}, 11, {0x7F, 0x15, 0x24, 0xC9, 0x24, 0xCA, 0x24, 0xCB, 0x24, 0xCC}, 10 },  /* SETNEXTMSGRND4 */
            { {0x0C, 0x00, 0x04, 0x26, 0xA5, 0x26, 0xA6, 0x26, 0xA7, 0x26, 0xA8, 0x00, 0x00, 0x00, 0x00, 0x00, 0x00, 0x00, 0x00, 0x00, 0x00, 0x00, 0x00, 0x00, 0x00, 0x00, 0x00, 0x00, 0x00, 0x00, 0x00, 0x00, 0x00, 0x00, 0x00, 0x00, 0x00, 0x00, 0x00, 0x00, 0x00, 0x00, 0x00, 0x00, 0x00, 0x00, 0x00}, 11, {0x7F, 0x15, 0x26, 0xA5, 0x26, 0xA6, 0x26, 0xA7, 0x26, 0xA8}, 10 },  /* SETNEXTMSGRND4 */
            { {0x0C, 0x00, 0x04, 0x27, 0x5E, 0x27, 0x5F, 0x27, 0x60, 0x27, 0x61, 0x00, 0x00, 0x00, 0x00, 0x00, 0x00, 0x00, 0x00, 0x00, 0x00, 0x00, 0x00, 0x00, 0x00, 0x00, 0x00, 0x00, 0x00, 0x00, 0x00, 0x00, 0x00, 0x00, 0x00, 0x00, 0x00, 0x00, 0x00, 0x00, 0x00, 0x00, 0x00, 0x00, 0x00, 0x00, 0x00}, 11, {0x7F, 0x15, 0x27, 0x5E, 0x27, 0x5F, 0x27, 0x60, 0x27, 0x61}, 10 },  /* SETNEXTMSGRND4 */
            { {0x0C, 0x00, 0x04, 0x27, 0x62, 0x27, 0x63, 0x27, 0x64, 0x27, 0x65, 0x00, 0x00, 0x00, 0x00, 0x00, 0x00, 0x00, 0x00, 0x00, 0x00, 0x00, 0x00, 0x00, 0x00, 0x00, 0x00, 0x00, 0x00, 0x00, 0x00, 0x00, 0x00, 0x00, 0x00, 0x00, 0x00, 0x00, 0x00, 0x00, 0x00, 0x00, 0x00, 0x00, 0x00, 0x00, 0x00}, 11, {0x7F, 0x15, 0x27, 0x62, 0x27, 0x63, 0x27, 0x64, 0x27, 0x65}, 10 },  /* SETNEXTMSGRND4 */
            { {0x0C, 0x00, 0x04, 0x27, 0x66, 0x27, 0x67, 0x27, 0x68, 0x27, 0x69, 0x00, 0x00, 0x00, 0x00, 0x00, 0x00, 0x00, 0x00, 0x00, 0x00, 0x00, 0x00, 0x00, 0x00, 0x00, 0x00, 0x00, 0x00, 0x00, 0x00, 0x00, 0x00, 0x00, 0x00, 0x00, 0x00, 0x00, 0x00, 0x00, 0x00, 0x00, 0x00, 0x00, 0x00, 0x00, 0x00}, 11, {0x7F, 0x15, 0x27, 0x66, 0x27, 0x67, 0x27, 0x68, 0x27, 0x69}, 10 },  /* SETNEXTMSGRND4 */
            { {0x0C, 0x00, 0x04, 0x28, 0x6D, 0x28, 0x6E, 0x28, 0x6F, 0x28, 0x70, 0x00, 0x00, 0x00, 0x00, 0x00, 0x00, 0x00, 0x00, 0x00, 0x00, 0x00, 0x00, 0x00, 0x00, 0x00, 0x00, 0x00, 0x00, 0x00, 0x00, 0x00, 0x00, 0x00, 0x00, 0x00, 0x00, 0x00, 0x00, 0x00, 0x00, 0x00, 0x00, 0x00, 0x00, 0x00, 0x00}, 11, {0x7F, 0x15, 0x28, 0x6D, 0x28, 0x6E, 0x28, 0x6F, 0x28, 0x70}, 10 },  /* SETNEXTMSGRND4 */
            { {0x0C, 0x00, 0x04, 0x29, 0x0E, 0x29, 0x0E, 0x29, 0x13, 0x29, 0x13, 0x00, 0x00, 0x00, 0x00, 0x00, 0x00, 0x00, 0x00, 0x00, 0x00, 0x00, 0x00, 0x00, 0x00, 0x00, 0x00, 0x00, 0x00, 0x00, 0x00, 0x00, 0x00, 0x00, 0x00, 0x00, 0x00, 0x00, 0x00, 0x00, 0x00, 0x00, 0x00, 0x00, 0x00, 0x00, 0x00}, 11, {0x7F, 0x15, 0x29, 0x0E, 0x29, 0x0E, 0x29, 0x13, 0x29, 0x13}, 10 },  /* SETNEXTMSGRND4 */
            { {0x0C, 0x00, 0x04, 0x29, 0xB5, 0x29, 0xB6, 0x29, 0xB7, 0x29, 0xB8, 0x00, 0x00, 0x00, 0x00, 0x00, 0x00, 0x00, 0x00, 0x00, 0x00, 0x00, 0x00, 0x00, 0x00, 0x00, 0x00, 0x00, 0x00, 0x00, 0x00, 0x00, 0x00, 0x00, 0x00, 0x00, 0x00, 0x00, 0x00, 0x00, 0x00, 0x00, 0x00, 0x00, 0x00, 0x00, 0x00}, 11, {0x7F, 0x15, 0x29, 0xB5, 0x29, 0xB6, 0x29, 0xB7, 0x29, 0xB8}, 10 },  /* SETNEXTMSGRND4 */
            { {0x0C, 0x00, 0x04, 0x29, 0xFB, 0x29, 0xFC, 0x29, 0xFD, 0x29, 0xFE, 0x00, 0x00, 0x00, 0x00, 0x00, 0x00, 0x00, 0x00, 0x00, 0x00, 0x00, 0x00, 0x00, 0x00, 0x00, 0x00, 0x00, 0x00, 0x00, 0x00, 0x00, 0x00, 0x00, 0x00, 0x00, 0x00, 0x00, 0x00, 0x00, 0x00, 0x00, 0x00, 0x00, 0x00, 0x00, 0x00}, 11, {0x7F, 0x15, 0x29, 0xFB, 0x29, 0xFC, 0x29, 0xFD, 0x29, 0xFE}, 10 },  /* SETNEXTMSGRND4 */
            { {0x0C, 0x00, 0x04, 0x2C, 0x2E, 0x2C, 0x2F, 0x2C, 0x30, 0x2C, 0x38, 0x00, 0x00, 0x00, 0x00, 0x00, 0x00, 0x00, 0x00, 0x00, 0x00, 0x00, 0x00, 0x00, 0x00, 0x00, 0x00, 0x00, 0x00, 0x00, 0x00, 0x00, 0x00, 0x00, 0x00, 0x00, 0x00, 0x00, 0x00, 0x00, 0x00, 0x00, 0x00, 0x00, 0x00, 0x00, 0x00}, 11, {0x7F, 0x15, 0x2C, 0x2E, 0x2C, 0x2F, 0x2C, 0x30, 0x2C, 0x38}, 10 },  /* SETNEXTMSGRND4 */
            { {0x0C, 0x00, 0x04, 0x2C, 0xDB, 0x2C, 0xD7, 0x2C, 0xE0, 0x2C, 0xE0, 0x00, 0x00, 0x00, 0x00, 0x00, 0x00, 0x00, 0x00, 0x00, 0x00, 0x00, 0x00, 0x00, 0x00, 0x00, 0x00, 0x00, 0x00, 0x00, 0x00, 0x00, 0x00, 0x00, 0x00, 0x00, 0x00, 0x00, 0x00, 0x00, 0x00, 0x00, 0x00, 0x00, 0x00, 0x00, 0x00}, 11, {0x7F, 0x15, 0x2C, 0xDB, 0x2C, 0xD7, 0x2C, 0xE0, 0x2C, 0xE0}, 10 },  /* SETNEXTMSGRND4 */
            { {0x0C, 0x00, 0x04, 0x30, 0x7C, 0x30, 0x7D, 0x30, 0x7E, 0x30, 0x7F, 0x00, 0x00, 0x00, 0x00, 0x00, 0x00, 0x00, 0x00, 0x00, 0x00, 0x00, 0x00, 0x00, 0x00, 0x00, 0x00, 0x00, 0x00, 0x00, 0x00, 0x00, 0x00, 0x00, 0x00, 0x00, 0x00, 0x00, 0x00, 0x00, 0x00, 0x00, 0x00, 0x00, 0x00, 0x00, 0x00}, 11, {0x7F, 0x15, 0x30, 0x7C, 0x30, 0x7D, 0x30, 0x7E, 0x30, 0x7F}, 10 },  /* SETNEXTMSGRND4 */
            { {0x0C, 0x00, 0x04, 0x30, 0x8D, 0x30, 0x8E, 0x30, 0x8F, 0x30, 0x90, 0x00, 0x00, 0x00, 0x00, 0x00, 0x00, 0x00, 0x00, 0x00, 0x00, 0x00, 0x00, 0x00, 0x00, 0x00, 0x00, 0x00, 0x00, 0x00, 0x00, 0x00, 0x00, 0x00, 0x00, 0x00, 0x00, 0x00, 0x00, 0x00, 0x00, 0x00, 0x00, 0x00, 0x00, 0x00, 0x00}, 11, {0x7F, 0x15, 0x30, 0x8D, 0x30, 0x8E, 0x30, 0x8F, 0x30, 0x90}, 10 },  /* SETNEXTMSGRND4 */
            { {0x0C, 0x00, 0x04, 0x31, 0x4E, 0x31, 0x4F, 0x31, 0x50, 0x31, 0x51, 0x00, 0x00, 0x00, 0x00, 0x00, 0x00, 0x00, 0x00, 0x00, 0x00, 0x00, 0x00, 0x00, 0x00, 0x00, 0x00, 0x00, 0x00, 0x00, 0x00, 0x00, 0x00, 0x00, 0x00, 0x00, 0x00, 0x00, 0x00, 0x00, 0x00, 0x00, 0x00, 0x00, 0x00, 0x00, 0x00}, 11, {0x7F, 0x15, 0x31, 0x4E, 0x31, 0x4F, 0x31, 0x50, 0x31, 0x51}, 10 },  /* SETNEXTMSGRND4 */
            { {0x0C, 0x00, 0x04, 0x31, 0x5F, 0x31, 0x60, 0x31, 0x61, 0x31, 0x62, 0x00, 0x00, 0x00, 0x00, 0x00, 0x00, 0x00, 0x00, 0x00, 0x00, 0x00, 0x00, 0x00, 0x00, 0x00, 0x00, 0x00, 0x00, 0x00, 0x00, 0x00, 0x00, 0x00, 0x00, 0x00, 0x00, 0x00, 0x00, 0x00, 0x00, 0x00, 0x00, 0x00, 0x00, 0x00, 0x00}, 11, {0x7F, 0x15, 0x31, 0x5F, 0x31, 0x60, 0x31, 0x61, 0x31, 0x62}, 10 },  /* SETNEXTMSGRND4 */
            { {0x0C, 0x00, 0x04, 0x3E, 0xB7, 0x3E, 0xB7, 0x3E, 0xB7, 0x3E, 0xBD, 0x00, 0x00, 0x00, 0x00, 0x00, 0x00, 0x00, 0x00, 0x00, 0x00, 0x00, 0x00, 0x00, 0x00, 0x00, 0x00, 0x00, 0x00, 0x00, 0x00, 0x00, 0x00, 0x00, 0x00, 0x00, 0x00, 0x00, 0x00, 0x00, 0x00, 0x00, 0x00, 0x00, 0x00, 0x00, 0x00}, 11, {0x7F, 0x15, 0x3E, 0xB7, 0x3E, 0xB7, 0x3E, 0xB7, 0x3E, 0xBD}, 10 },  /* SETNEXTMSGRND4 */
            { {0x0C, 0x00, 0x04, 0x3F, 0x13, 0x3F, 0x14, 0x3F, 0x14, 0x3F, 0x14, 0x00, 0x00, 0x00, 0x00, 0x00, 0x00, 0x00, 0x00, 0x00, 0x00, 0x00, 0x00, 0x00, 0x00, 0x00, 0x00, 0x00, 0x00, 0x00, 0x00, 0x00, 0x00, 0x00, 0x00, 0x00, 0x00, 0x00, 0x00, 0x00, 0x00, 0x00, 0x00, 0x00, 0x00, 0x00, 0x00}, 11, {0x7F, 0x15, 0x3F, 0x13, 0x3F, 0x14, 0x3F, 0x14, 0x3F, 0x14}, 10 },  /* SETNEXTMSGRND4 */
            { {0x13, 0x00, 0x14, 0x73, 0x91, 0x72, 0xFE, 0x73, 0x91, 0x72, 0x65, 0x00, 0x00, 0x00, 0x00, 0x00, 0x00, 0x00, 0x00, 0x00, 0x00, 0x00, 0x00, 0x00, 0x00, 0x00, 0x00, 0x00, 0x00, 0x00, 0x00, 0x00, 0x00, 0x00, 0x00, 0x00, 0x00, 0x00, 0x00, 0x00, 0x00, 0x00, 0x00, 0x00, 0x00, 0x00, 0x00}, 11, {0x7F, 0x03, 0x0A}, 3 },  /* PAUSE */
            { {0x13, 0x00, 0x14, 0x76, 0x75, 0x73, 0xFE, 0x76, 0x75, 0x65, 0x73, 0x00, 0x00, 0x00, 0x00, 0x00, 0x00, 0x00, 0x00, 0x00, 0x00, 0x00, 0x00, 0x00, 0x00, 0x00, 0x00, 0x00, 0x00, 0x00, 0x00, 0x00, 0x00, 0x00, 0x00, 0x00, 0x00, 0x00, 0x00, 0x00, 0x00, 0x00, 0x00, 0x00, 0x00, 0x00, 0x00}, 11, {0x7F, 0x03, 0x04}, 3 },  /* PAUSE */
            { {0x13, 0x00, 0x20, 0x65, 0xFE, 0x65, 0x74, 0x74, 0x65, 0xFE, 0x78, 0x00, 0x00, 0x00, 0x00, 0x00, 0x00, 0x00, 0x00, 0x00, 0x00, 0x00, 0x00, 0x00, 0x00, 0x00, 0x00, 0x00, 0x00, 0x00, 0x00, 0x00, 0x00, 0x00, 0x00, 0x00, 0x00, 0x00, 0x00, 0x00, 0x00, 0x00, 0x00, 0x00, 0x00, 0x00, 0x00}, 11, {0x7F, 0x03, 0x06}, 3 },  /* PAUSE */
            { {0x13, 0x00, 0x20, 0x6D, 0x6F, 0x6E, 0xFE, 0x6D, 0x61, 0xFE, 0x78, 0x00, 0x00, 0x00, 0x00, 0x00, 0x00, 0x00, 0x00, 0x00, 0x00, 0x00, 0x00, 0x00, 0x00, 0x00, 0x00, 0x00, 0x00, 0x00, 0x00, 0x00, 0x00, 0x00, 0x00, 0x00, 0x00, 0x00, 0x00, 0x00, 0x00, 0x00, 0x00, 0x00, 0x00, 0x00, 0x00}, 11, {0x7F, 0x25}, 2 },  /* STR_FREE1 */
            { {0x13, 0x00, 0x32, 0x74, 0x6F, 0x6E, 0xFE, 0x74, 0x61, 0xFE, 0x78, 0x00, 0x00, 0x00, 0x00, 0x00, 0x00, 0x00, 0x00, 0x00, 0x00, 0x00, 0x00, 0x00, 0x00, 0x00, 0x00, 0x00, 0x00, 0x00, 0x00, 0x00, 0x00, 0x00, 0x00, 0x00, 0x00, 0x00, 0x00, 0x00, 0x00, 0x00, 0x00, 0x00, 0x00, 0x00, 0x00}, 11, {0x7F, 0x03, 0x06}, 3 },  /* PAUSE */
            { {0x13, 0x00, 0x33, 0x75, 0x6E, 0xFE, 0x75, 0x6E, 0x65, 0xFE, 0x78, 0x00, 0x00, 0x00, 0x00, 0x00, 0x00, 0x00, 0x00, 0x00, 0x00, 0x00, 0x00, 0x00, 0x00, 0x00, 0x00, 0x00, 0x00, 0x00, 0x00, 0x00, 0x00, 0x00, 0x00, 0x00, 0x00, 0x00, 0x00, 0x00, 0x00, 0x00, 0x00, 0x00, 0x00, 0x00, 0x00}, 11, {0x7F, 0x03, 0x06}, 3 },  /* PAUSE */
            { {0x13, 0x00, 0x20, 0x6C, 0x65, 0xFE, 0x6C, 0x61, 0xFE, 0x78, 0x00, 0x00, 0x00, 0x00, 0x00, 0x00, 0x00, 0x00, 0x00, 0x00, 0x00, 0x00, 0x00, 0x00, 0x00, 0x00, 0x00, 0x00, 0x00, 0x00, 0x00, 0x00, 0x00, 0x00, 0x00, 0x00, 0x00, 0x00, 0x00, 0x00, 0x00, 0x00, 0x00, 0x00, 0x00, 0x00, 0x00}, 10, {0x7F, 0x03, 0x06}, 3 },  /* PAUSE */
            { {0x13, 0x00, 0x32, 0x6C, 0x65, 0xFE, 0x6C, 0x61, 0xFE, 0x78, 0x00, 0x00, 0x00, 0x00, 0x00, 0x00, 0x00, 0x00, 0x00, 0x00, 0x00, 0x00, 0x00, 0x00, 0x00, 0x00, 0x00, 0x00, 0x00, 0x00, 0x00, 0x00, 0x00, 0x00, 0x00, 0x00, 0x00, 0x00, 0x00, 0x00, 0x00, 0x00, 0x00, 0x00, 0x00, 0x00, 0x00}, 10, {0x7F, 0x04}, 2 },  /* BTN */
            { {0x13, 0x00, 0x32, 0x6E, 0x6F, 0xFE, 0x6E, 0x61, 0xFE, 0x78, 0x00, 0x00, 0x00, 0x00, 0x00, 0x00, 0x00, 0x00, 0x00, 0x00, 0x00, 0x00, 0x00, 0x00, 0x00, 0x00, 0x00, 0x00, 0x00, 0x00, 0x00, 0x00, 0x00, 0x00, 0x00, 0x00, 0x00, 0x00, 0x00, 0x00, 0x00, 0x00, 0x00, 0x00, 0x00, 0x00, 0x00}, 10, {0x7F, 0x1A}, 2 },  /* STR_PLAYERNAME */
            { {0x13, 0x00, 0x34, 0x6C, 0x65, 0xFE, 0x6C, 0x61, 0xFE, 0x78, 0x00, 0x00, 0x00, 0x00, 0x00, 0x00, 0x00, 0x00, 0x00, 0x00, 0x00, 0x00, 0x00, 0x00, 0x00, 0x00, 0x00, 0x00, 0x00, 0x00, 0x00, 0x00, 0x00, 0x00, 0x00, 0x00, 0x00, 0x00, 0x00, 0x00, 0x00, 0x00, 0x00, 0x00, 0x00, 0x00, 0x00}, 10, {0x7F, 0x03, 0x14}, 3 },  /* PAUSE */
            { {0x02, 0x00, 0x01, 0x01, 0x65, 0x01, 0x66, 0x01, 0x25, 0x00, 0x00, 0x00, 0x00, 0x00, 0x00, 0x00, 0x00, 0x00, 0x00, 0x00, 0x00, 0x00, 0x00, 0x00, 0x00, 0x00, 0x00, 0x00, 0x00, 0x00, 0x00, 0x00, 0x00, 0x00, 0x00, 0x00, 0x00, 0x00, 0x00, 0x00, 0x00, 0x00, 0x00, 0x00, 0x00, 0x00, 0x00}, 9, {0x7F, 0x04}, 2 },  /* BTN */
            { {0x0C, 0x00, 0x03, 0x0B, 0x1E, 0x0B, 0x1F, 0x0B, 0x20, 0x00, 0x00, 0x00, 0x00, 0x00, 0x00, 0x00, 0x00, 0x00, 0x00, 0x00, 0x00, 0x00, 0x00, 0x00, 0x00, 0x00, 0x00, 0x00, 0x00, 0x00, 0x00, 0x00, 0x00, 0x00, 0x00, 0x00, 0x00, 0x00, 0x00, 0x00, 0x00, 0x00, 0x00, 0x00, 0x00, 0x00, 0x00}, 9, {0x7F, 0x14, 0x0B, 0x1E, 0x0B, 0x1F, 0x0B, 0x20}, 8 },  /* SETNEXTMSGRND3 */
            { {0x0C, 0x00, 0x03, 0x0B, 0x31, 0x0B, 0x32, 0x0B, 0x33, 0x00, 0x00, 0x00, 0x00, 0x00, 0x00, 0x00, 0x00, 0x00, 0x00, 0x00, 0x00, 0x00, 0x00, 0x00, 0x00, 0x00, 0x00, 0x00, 0x00, 0x00, 0x00, 0x00, 0x00, 0x00, 0x00, 0x00, 0x00, 0x00, 0x00, 0x00, 0x00, 0x00, 0x00, 0x00, 0x00, 0x00, 0x00}, 9, {0x7F, 0x14, 0x0B, 0x31, 0x0B, 0x32, 0x0B, 0x33}, 8 },  /* SETNEXTMSGRND3 */
            { {0x0C, 0x00, 0x03, 0x0F, 0x3F, 0x0F, 0x40, 0x0F, 0x41, 0x00, 0x00, 0x00, 0x00, 0x00, 0x00, 0x00, 0x00, 0x00, 0x00, 0x00, 0x00, 0x00, 0x00, 0x00, 0x00, 0x00, 0x00, 0x00, 0x00, 0x00, 0x00, 0x00, 0x00, 0x00, 0x00, 0x00, 0x00, 0x00, 0x00, 0x00, 0x00, 0x00, 0x00, 0x00, 0x00, 0x00, 0x00}, 9, {0x7F, 0x14, 0x0F, 0x3F, 0x0F, 0x40, 0x0F, 0x41}, 8 },  /* SETNEXTMSGRND3 */
            { {0x0C, 0x00, 0x03, 0x0F, 0x42, 0x0F, 0x43, 0x0F, 0x44, 0x00, 0x00, 0x00, 0x00, 0x00, 0x00, 0x00, 0x00, 0x00, 0x00, 0x00, 0x00, 0x00, 0x00, 0x00, 0x00, 0x00, 0x00, 0x00, 0x00, 0x00, 0x00, 0x00, 0x00, 0x00, 0x00, 0x00, 0x00, 0x00, 0x00, 0x00, 0x00, 0x00, 0x00, 0x00, 0x00, 0x00, 0x00}, 9, {0x7F, 0x14, 0x0F, 0x42, 0x0F, 0x43, 0x0F, 0x44}, 8 },  /* SETNEXTMSGRND3 */
            { {0x0C, 0x00, 0x03, 0x0F, 0x78, 0x0F, 0x79, 0x0F, 0x7A, 0x00, 0x00, 0x00, 0x00, 0x00, 0x00, 0x00, 0x00, 0x00, 0x00, 0x00, 0x00, 0x00, 0x00, 0x00, 0x00, 0x00, 0x00, 0x00, 0x00, 0x00, 0x00, 0x00, 0x00, 0x00, 0x00, 0x00, 0x00, 0x00, 0x00, 0x00, 0x00, 0x00, 0x00, 0x00, 0x00, 0x00, 0x00}, 9, {0x7F, 0x14, 0x0F, 0x78, 0x0F, 0x79, 0x0F, 0x7A}, 8 },  /* SETNEXTMSGRND3 */
            { {0x0C, 0x00, 0x03, 0x0F, 0x86, 0x0F, 0x87, 0x0F, 0x88, 0x00, 0x00, 0x00, 0x00, 0x00, 0x00, 0x00, 0x00, 0x00, 0x00, 0x00, 0x00, 0x00, 0x00, 0x00, 0x00, 0x00, 0x00, 0x00, 0x00, 0x00, 0x00, 0x00, 0x00, 0x00, 0x00, 0x00, 0x00, 0x00, 0x00, 0x00, 0x00, 0x00, 0x00, 0x00, 0x00, 0x00, 0x00}, 9, {0x7F, 0x14, 0x0F, 0x86, 0x0F, 0x87, 0x0F, 0x88}, 8 },  /* SETNEXTMSGRND3 */
            { {0x0C, 0x00, 0x03, 0x0F, 0x89, 0x0F, 0x8A, 0x0F, 0x8B, 0x00, 0x00, 0x00, 0x00, 0x00, 0x00, 0x00, 0x00, 0x00, 0x00, 0x00, 0x00, 0x00, 0x00, 0x00, 0x00, 0x00, 0x00, 0x00, 0x00, 0x00, 0x00, 0x00, 0x00, 0x00, 0x00, 0x00, 0x00, 0x00, 0x00, 0x00, 0x00, 0x00, 0x00, 0x00, 0x00, 0x00, 0x00}, 9, {0x7F, 0x14, 0x0F, 0x89, 0x0F, 0x8A, 0x0F, 0x8B}, 8 },  /* SETNEXTMSGRND3 */
            { {0x0C, 0x00, 0x03, 0x0F, 0xA2, 0x0F, 0xA3, 0x0F, 0xA4, 0x00, 0x00, 0x00, 0x00, 0x00, 0x00, 0x00, 0x00, 0x00, 0x00, 0x00, 0x00, 0x00, 0x00, 0x00, 0x00, 0x00, 0x00, 0x00, 0x00, 0x00, 0x00, 0x00, 0x00, 0x00, 0x00, 0x00, 0x00, 0x00, 0x00, 0x00, 0x00, 0x00, 0x00, 0x00, 0x00, 0x00, 0x00}, 9, {0x7F, 0x14, 0x0F, 0xA2, 0x0F, 0xA3, 0x0F, 0xA4}, 8 },  /* SETNEXTMSGRND3 */
            { {0x0C, 0x00, 0x03, 0x10, 0xB0, 0x10, 0xB1, 0x10, 0xB2, 0x00, 0x00, 0x00, 0x00, 0x00, 0x00, 0x00, 0x00, 0x00, 0x00, 0x00, 0x00, 0x00, 0x00, 0x00, 0x00, 0x00, 0x00, 0x00, 0x00, 0x00, 0x00, 0x00, 0x00, 0x00, 0x00, 0x00, 0x00, 0x00, 0x00, 0x00, 0x00, 0x00, 0x00, 0x00, 0x00, 0x00, 0x00}, 9, {0x7F, 0x14, 0x10, 0xB0, 0x10, 0xB1, 0x10, 0xB2}, 8 },  /* SETNEXTMSGRND3 */
            { {0x0C, 0x00, 0x03, 0x12, 0x0E, 0x12, 0x0F, 0x12, 0x1F, 0x00, 0x00, 0x00, 0x00, 0x00, 0x00, 0x00, 0x00, 0x00, 0x00, 0x00, 0x00, 0x00, 0x00, 0x00, 0x00, 0x00, 0x00, 0x00, 0x00, 0x00, 0x00, 0x00, 0x00, 0x00, 0x00, 0x00, 0x00, 0x00, 0x00, 0x00, 0x00, 0x00, 0x00, 0x00, 0x00, 0x00, 0x00}, 9, {0x7F, 0x14, 0x12, 0x0E, 0x12, 0x0F, 0x12, 0x1F}, 8 },  /* SETNEXTMSGRND3 */
            { {0x0C, 0x00, 0x03, 0x12, 0x10, 0x12, 0x13, 0x12, 0x17, 0x00, 0x00, 0x00, 0x00, 0x00, 0x00, 0x00, 0x00, 0x00, 0x00, 0x00, 0x00, 0x00, 0x00, 0x00, 0x00, 0x00, 0x00, 0x00, 0x00, 0x00, 0x00, 0x00, 0x00, 0x00, 0x00, 0x00, 0x00, 0x00, 0x00, 0x00, 0x00, 0x00, 0x00, 0x00, 0x00, 0x00, 0x00}, 9, {0x7F, 0x14, 0x12, 0x10, 0x12, 0x13, 0x12, 0x17}, 8 },  /* SETNEXTMSGRND3 */
            { {0x0C, 0x00, 0x03, 0x15, 0x3B, 0x15, 0x3C, 0x15, 0x3D, 0x00, 0x00, 0x00, 0x00, 0x00, 0x00, 0x00, 0x00, 0x00, 0x00, 0x00, 0x00, 0x00, 0x00, 0x00, 0x00, 0x00, 0x00, 0x00, 0x00, 0x00, 0x00, 0x00, 0x00, 0x00, 0x00, 0x00, 0x00, 0x00, 0x00, 0x00, 0x00, 0x00, 0x00, 0x00, 0x00, 0x00, 0x00}, 9, {0x7F, 0x14, 0x15, 0x3B, 0x15, 0x3C, 0x15, 0x3D}, 8 },  /* SETNEXTMSGRND3 */
            { {0x0C, 0x00, 0x03, 0x16, 0xB1, 0x16, 0xB2, 0x16, 0xB3, 0x00, 0x00, 0x00, 0x00, 0x00, 0x00, 0x00, 0x00, 0x00, 0x00, 0x00, 0x00, 0x00, 0x00, 0x00, 0x00, 0x00, 0x00, 0x00, 0x00, 0x00, 0x00, 0x00, 0x00, 0x00, 0x00, 0x00, 0x00, 0x00, 0x00, 0x00, 0x00, 0x00, 0x00, 0x00, 0x00, 0x00, 0x00}, 9, {0x7F, 0x14, 0x16, 0xB1, 0x16, 0xB2, 0x16, 0xB3}, 8 },  /* SETNEXTMSGRND3 */
            { {0x0C, 0x00, 0x03, 0x17, 0x7D, 0x17, 0x84, 0x17, 0x8A, 0x00, 0x00, 0x00, 0x00, 0x00, 0x00, 0x00, 0x00, 0x00, 0x00, 0x00, 0x00, 0x00, 0x00, 0x00, 0x00, 0x00, 0x00, 0x00, 0x00, 0x00, 0x00, 0x00, 0x00, 0x00, 0x00, 0x00, 0x00, 0x00, 0x00, 0x00, 0x00, 0x00, 0x00, 0x00, 0x00, 0x00, 0x00}, 9, {0x7F, 0x14, 0x17, 0x7D, 0x17, 0x84, 0x17, 0x8A}, 8 },  /* SETNEXTMSGRND3 */
            { {0x0C, 0x00, 0x03, 0x17, 0xD7, 0x17, 0xD8, 0x17, 0xD9, 0x00, 0x00, 0x00, 0x00, 0x00, 0x00, 0x00, 0x00, 0x00, 0x00, 0x00, 0x00, 0x00, 0x00, 0x00, 0x00, 0x00, 0x00, 0x00, 0x00, 0x00, 0x00, 0x00, 0x00, 0x00, 0x00, 0x00, 0x00, 0x00, 0x00, 0x00, 0x00, 0x00, 0x00, 0x00, 0x00, 0x00, 0x00}, 9, {0x7F, 0x14, 0x17, 0xD7, 0x17, 0xD8, 0x17, 0xD9}, 8 },  /* SETNEXTMSGRND3 */
            { {0x0C, 0x00, 0x03, 0x18, 0x7B, 0x18, 0x7B, 0x18, 0x80, 0x00, 0x00, 0x00, 0x00, 0x00, 0x00, 0x00, 0x00, 0x00, 0x00, 0x00, 0x00, 0x00, 0x00, 0x00, 0x00, 0x00, 0x00, 0x00, 0x00, 0x00, 0x00, 0x00, 0x00, 0x00, 0x00, 0x00, 0x00, 0x00, 0x00, 0x00, 0x00, 0x00, 0x00, 0x00, 0x00, 0x00, 0x00}, 9, {0x7F, 0x14, 0x18, 0x7B, 0x18, 0x7B, 0x18, 0x80}, 8 },  /* SETNEXTMSGRND3 */
            { {0x0C, 0x00, 0x03, 0x18, 0xE2, 0x18, 0xE3, 0x18, 0xE4, 0x00, 0x00, 0x00, 0x00, 0x00, 0x00, 0x00, 0x00, 0x00, 0x00, 0x00, 0x00, 0x00, 0x00, 0x00, 0x00, 0x00, 0x00, 0x00, 0x00, 0x00, 0x00, 0x00, 0x00, 0x00, 0x00, 0x00, 0x00, 0x00, 0x00, 0x00, 0x00, 0x00, 0x00, 0x00, 0x00, 0x00, 0x00}, 9, {0x7F, 0x14, 0x18, 0xE2, 0x18, 0xE3, 0x18, 0xE4}, 8 },  /* SETNEXTMSGRND3 */
            { {0x0C, 0x00, 0x03, 0x18, 0xE6, 0x2C, 0x5F, 0x2C, 0x60, 0x00, 0x00, 0x00, 0x00, 0x00, 0x00, 0x00, 0x00, 0x00, 0x00, 0x00, 0x00, 0x00, 0x00, 0x00, 0x00, 0x00, 0x00, 0x00, 0x00, 0x00, 0x00, 0x00, 0x00, 0x00, 0x00, 0x00, 0x00, 0x00, 0x00, 0x00, 0x00, 0x00, 0x00, 0x00, 0x00, 0x00, 0x00}, 9, {0x7F, 0x14, 0x18, 0xE6, 0x2C, 0x5F, 0x2C, 0x60}, 8 },  /* SETNEXTMSGRND3 */
            { {0x0C, 0x00, 0x03, 0x18, 0xE7, 0x2C, 0x61, 0x2C, 0x62, 0x00, 0x00, 0x00, 0x00, 0x00, 0x00, 0x00, 0x00, 0x00, 0x00, 0x00, 0x00, 0x00, 0x00, 0x00, 0x00, 0x00, 0x00, 0x00, 0x00, 0x00, 0x00, 0x00, 0x00, 0x00, 0x00, 0x00, 0x00, 0x00, 0x00, 0x00, 0x00, 0x00, 0x00, 0x00, 0x00, 0x00, 0x00}, 9, {0x7F, 0x14, 0x18, 0xE7, 0x2C, 0x61, 0x2C, 0x62}, 8 },  /* SETNEXTMSGRND3 */
            { {0x0C, 0x00, 0x03, 0x18, 0xEB, 0x18, 0xEC, 0x18, 0xED, 0x00, 0x00, 0x00, 0x00, 0x00, 0x00, 0x00, 0x00, 0x00, 0x00, 0x00, 0x00, 0x00, 0x00, 0x00, 0x00, 0x00, 0x00, 0x00, 0x00, 0x00, 0x00, 0x00, 0x00, 0x00, 0x00, 0x00, 0x00, 0x00, 0x00, 0x00, 0x00, 0x00, 0x00, 0x00, 0x00, 0x00, 0x00}, 9, {0x7F, 0x14, 0x18, 0xEB, 0x18, 0xEC, 0x18, 0xED}, 8 },  /* SETNEXTMSGRND3 */
            { {0x0C, 0x00, 0x03, 0x18, 0xEE, 0x2C, 0x9B, 0x2C, 0x9C, 0x00, 0x00, 0x00, 0x00, 0x00, 0x00, 0x00, 0x00, 0x00, 0x00, 0x00, 0x00, 0x00, 0x00, 0x00, 0x00, 0x00, 0x00, 0x00, 0x00, 0x00, 0x00, 0x00, 0x00, 0x00, 0x00, 0x00, 0x00, 0x00, 0x00, 0x00, 0x00, 0x00, 0x00, 0x00, 0x00, 0x00, 0x00}, 9, {0x7F, 0x14, 0x18, 0xEE, 0x2C, 0x9B, 0x2C, 0x9C}, 8 },  /* SETNEXTMSGRND3 */
            { {0x0C, 0x00, 0x03, 0x18, 0xEF, 0x2C, 0x9D, 0x2C, 0x9E, 0x00, 0x00, 0x00, 0x00, 0x00, 0x00, 0x00, 0x00, 0x00, 0x00, 0x00, 0x00, 0x00, 0x00, 0x00, 0x00, 0x00, 0x00, 0x00, 0x00, 0x00, 0x00, 0x00, 0x00, 0x00, 0x00, 0x00, 0x00, 0x00, 0x00, 0x00, 0x00, 0x00, 0x00, 0x00, 0x00, 0x00, 0x00}, 9, {0x7F, 0x14, 0x18, 0xEF, 0x2C, 0x9D, 0x2C, 0x9E}, 8 },  /* SETNEXTMSGRND3 */
            { {0x0C, 0x00, 0x03, 0x19, 0x01, 0x19, 0x02, 0x19, 0x02, 0x00, 0x00, 0x00, 0x00, 0x00, 0x00, 0x00, 0x00, 0x00, 0x00, 0x00, 0x00, 0x00, 0x00, 0x00, 0x00, 0x00, 0x00, 0x00, 0x00, 0x00, 0x00, 0x00, 0x00, 0x00, 0x00, 0x00, 0x00, 0x00, 0x00, 0x00, 0x00, 0x00, 0x00, 0x00, 0x00, 0x00, 0x00}, 9, {0x7F, 0x14, 0x19, 0x01, 0x19, 0x02, 0x19, 0x02}, 8 },  /* SETNEXTMSGRND3 */
            { {0x0C, 0x00, 0x03, 0x1C, 0x91, 0x1C, 0x92, 0x1C, 0x93, 0x00, 0x00, 0x00, 0x00, 0x00, 0x00, 0x00, 0x00, 0x00, 0x00, 0x00, 0x00, 0x00, 0x00, 0x00, 0x00, 0x00, 0x00, 0x00, 0x00, 0x00, 0x00, 0x00, 0x00, 0x00, 0x00, 0x00, 0x00, 0x00, 0x00, 0x00, 0x00, 0x00, 0x00, 0x00, 0x00, 0x00, 0x00}, 9, {0x7F, 0x14, 0x1C, 0x91, 0x1C, 0x92, 0x1C, 0x93}, 8 },  /* SETNEXTMSGRND3 */
            { {0x0C, 0x00, 0x03, 0x1D, 0x00, 0x1D, 0x01, 0x1D, 0x02, 0x00, 0x00, 0x00, 0x00, 0x00, 0x00, 0x00, 0x00, 0x00, 0x00, 0x00, 0x00, 0x00, 0x00, 0x00, 0x00, 0x00, 0x00, 0x00, 0x00, 0x00, 0x00, 0x00, 0x00, 0x00, 0x00, 0x00, 0x00, 0x00, 0x00, 0x00, 0x00, 0x00, 0x00, 0x00, 0x00, 0x00, 0x00}, 9, {0x7F, 0x14, 0x1D, 0x00, 0x1D, 0x01, 0x1D, 0x02}, 8 },  /* SETNEXTMSGRND3 */
            { {0x0C, 0x00, 0x03, 0x1D, 0x3E, 0x1D, 0x3F, 0x1D, 0x40, 0x00, 0x00, 0x00, 0x00, 0x00, 0x00, 0x00, 0x00, 0x00, 0x00, 0x00, 0x00, 0x00, 0x00, 0x00, 0x00, 0x00, 0x00, 0x00, 0x00, 0x00, 0x00, 0x00, 0x00, 0x00, 0x00, 0x00, 0x00, 0x00, 0x00, 0x00, 0x00, 0x00, 0x00, 0x00, 0x00, 0x00, 0x00}, 9, {0x7F, 0x14, 0x1D, 0x3E, 0x1D, 0x3F, 0x1D, 0x40}, 8 },  /* SETNEXTMSGRND3 */
            { {0x0C, 0x00, 0x03, 0x1D, 0xE8, 0x1D, 0xE9, 0x1D, 0xEA, 0x00, 0x00, 0x00, 0x00, 0x00, 0x00, 0x00, 0x00, 0x00, 0x00, 0x00, 0x00, 0x00, 0x00, 0x00, 0x00, 0x00, 0x00, 0x00, 0x00, 0x00, 0x00, 0x00, 0x00, 0x00, 0x00, 0x00, 0x00, 0x00, 0x00, 0x00, 0x00, 0x00, 0x00, 0x00, 0x00, 0x00, 0x00}, 9, {0x7F, 0x14, 0x1D, 0xE8, 0x1D, 0xE9, 0x1D, 0xEA}, 8 },  /* SETNEXTMSGRND3 */
            { {0x0C, 0x00, 0x03, 0x20, 0x00, 0x20, 0x01, 0x20, 0x02, 0x00, 0x00, 0x00, 0x00, 0x00, 0x00, 0x00, 0x00, 0x00, 0x00, 0x00, 0x00, 0x00, 0x00, 0x00, 0x00, 0x00, 0x00, 0x00, 0x00, 0x00, 0x00, 0x00, 0x00, 0x00, 0x00, 0x00, 0x00, 0x00, 0x00, 0x00, 0x00, 0x00, 0x00, 0x00, 0x00, 0x00, 0x00}, 9, {0x7F, 0x14, 0x20, 0x00, 0x20, 0x01, 0x20, 0x02}, 8 },  /* SETNEXTMSGRND3 */
            { {0x0C, 0x00, 0x03, 0x20, 0x42, 0x20, 0x45, 0x20, 0x46, 0x00, 0x00, 0x00, 0x00, 0x00, 0x00, 0x00, 0x00, 0x00, 0x00, 0x00, 0x00, 0x00, 0x00, 0x00, 0x00, 0x00, 0x00, 0x00, 0x00, 0x00, 0x00, 0x00, 0x00, 0x00, 0x00, 0x00, 0x00, 0x00, 0x00, 0x00, 0x00, 0x00, 0x00, 0x00, 0x00, 0x00, 0x00}, 9, {0x7F, 0x14, 0x20, 0x42, 0x20, 0x45, 0x20, 0x46}, 8 },  /* SETNEXTMSGRND3 */
            { {0x0C, 0x00, 0x03, 0x20, 0xA7, 0x20, 0xA8, 0x20, 0xA9, 0x00, 0x00, 0x00, 0x00, 0x00, 0x00, 0x00, 0x00, 0x00, 0x00, 0x00, 0x00, 0x00, 0x00, 0x00, 0x00, 0x00, 0x00, 0x00, 0x00, 0x00, 0x00, 0x00, 0x00, 0x00, 0x00, 0x00, 0x00, 0x00, 0x00, 0x00, 0x00, 0x00, 0x00, 0x00, 0x00, 0x00, 0x00}, 9, {0x7F, 0x14, 0x20, 0xA7, 0x20, 0xA8, 0x20, 0xA9}, 8 },  /* SETNEXTMSGRND3 */
            { {0x0C, 0x00, 0x03, 0x23, 0x4F, 0x23, 0x50, 0x23, 0x51, 0x00, 0x00, 0x00, 0x00, 0x00, 0x00, 0x00, 0x00, 0x00, 0x00, 0x00, 0x00, 0x00, 0x00, 0x00, 0x00, 0x00, 0x00, 0x00, 0x00, 0x00, 0x00, 0x00, 0x00, 0x00, 0x00, 0x00, 0x00, 0x00, 0x00, 0x00, 0x00, 0x00, 0x00, 0x00, 0x00, 0x00, 0x00}, 9, {0x7F, 0x14, 0x23, 0x4F, 0x23, 0x50, 0x23, 0x51}, 8 },  /* SETNEXTMSGRND3 */
            { {0x0C, 0x00, 0x03, 0x23, 0x66, 0x23, 0x67, 0x23, 0x68, 0x00, 0x00, 0x00, 0x00, 0x00, 0x00, 0x00, 0x00, 0x00, 0x00, 0x00, 0x00, 0x00, 0x00, 0x00, 0x00, 0x00, 0x00, 0x00, 0x00, 0x00, 0x00, 0x00, 0x00, 0x00, 0x00, 0x00, 0x00, 0x00, 0x00, 0x00, 0x00, 0x00, 0x00, 0x00, 0x00, 0x00, 0x00}, 9, {0x7F, 0x14, 0x23, 0x66, 0x23, 0x67, 0x23, 0x68}, 8 },  /* SETNEXTMSGRND3 */
            { {0x0C, 0x00, 0x03, 0x23, 0x7E, 0x23, 0x82, 0x23, 0x83, 0x00, 0x00, 0x00, 0x00, 0x00, 0x00, 0x00, 0x00, 0x00, 0x00, 0x00, 0x00, 0x00, 0x00, 0x00, 0x00, 0x00, 0x00, 0x00, 0x00, 0x00, 0x00, 0x00, 0x00, 0x00, 0x00, 0x00, 0x00, 0x00, 0x00, 0x00, 0x00, 0x00, 0x00, 0x00, 0x00, 0x00, 0x00}, 9, {0x7F, 0x14, 0x23, 0x7E, 0x23, 0x82, 0x23, 0x83}, 8 },  /* SETNEXTMSGRND3 */
            { {0x0C, 0x00, 0x03, 0x23, 0x81, 0x23, 0x7F, 0x23, 0x83, 0x00, 0x00, 0x00, 0x00, 0x00, 0x00, 0x00, 0x00, 0x00, 0x00, 0x00, 0x00, 0x00, 0x00, 0x00, 0x00, 0x00, 0x00, 0x00, 0x00, 0x00, 0x00, 0x00, 0x00, 0x00, 0x00, 0x00, 0x00, 0x00, 0x00, 0x00, 0x00, 0x00, 0x00, 0x00, 0x00, 0x00, 0x00}, 9, {0x7F, 0x14, 0x23, 0x81, 0x23, 0x7F, 0x23, 0x83}, 8 },  /* SETNEXTMSGRND3 */
            { {0x0C, 0x00, 0x03, 0x23, 0x81, 0x23, 0x82, 0x23, 0x80, 0x00, 0x00, 0x00, 0x00, 0x00, 0x00, 0x00, 0x00, 0x00, 0x00, 0x00, 0x00, 0x00, 0x00, 0x00, 0x00, 0x00, 0x00, 0x00, 0x00, 0x00, 0x00, 0x00, 0x00, 0x00, 0x00, 0x00, 0x00, 0x00, 0x00, 0x00, 0x00, 0x00, 0x00, 0x00, 0x00, 0x00, 0x00}, 9, {0x7F, 0x14, 0x23, 0x81, 0x23, 0x82, 0x23, 0x80}, 8 },  /* SETNEXTMSGRND3 */
            { {0x0C, 0x00, 0x03, 0x23, 0xAA, 0x23, 0xAB, 0x23, 0xAC, 0x00, 0x00, 0x00, 0x00, 0x00, 0x00, 0x00, 0x00, 0x00, 0x00, 0x00, 0x00, 0x00, 0x00, 0x00, 0x00, 0x00, 0x00, 0x00, 0x00, 0x00, 0x00, 0x00, 0x00, 0x00, 0x00, 0x00, 0x00, 0x00, 0x00, 0x00, 0x00, 0x00, 0x00, 0x00, 0x00, 0x00, 0x00}, 9, {0x7F, 0x14, 0x23, 0xAA, 0x23, 0xAB, 0x23, 0xAC}, 8 },  /* SETNEXTMSGRND3 */
            { {0x0C, 0x00, 0x03, 0x24, 0x73, 0x24, 0x74, 0x24, 0x75, 0x00, 0x00, 0x00, 0x00, 0x00, 0x00, 0x00, 0x00, 0x00, 0x00, 0x00, 0x00, 0x00, 0x00, 0x00, 0x00, 0x00, 0x00, 0x00, 0x00, 0x00, 0x00, 0x00, 0x00, 0x00, 0x00, 0x00, 0x00, 0x00, 0x00, 0x00, 0x00, 0x00, 0x00, 0x00, 0x00, 0x00, 0x00}, 9, {0x7F, 0x14, 0x24, 0x73, 0x24, 0x74, 0x24, 0x75}, 8 },  /* SETNEXTMSGRND3 */
            { {0x0C, 0x00, 0x03, 0x24, 0x89, 0x24, 0x8A, 0x24, 0x8B, 0x00, 0x00, 0x00, 0x00, 0x00, 0x00, 0x00, 0x00, 0x00, 0x00, 0x00, 0x00, 0x00, 0x00, 0x00, 0x00, 0x00, 0x00, 0x00, 0x00, 0x00, 0x00, 0x00, 0x00, 0x00, 0x00, 0x00, 0x00, 0x00, 0x00, 0x00, 0x00, 0x00, 0x00, 0x00, 0x00, 0x00, 0x00}, 9, {0x7F, 0x14, 0x24, 0x89, 0x24, 0x8A, 0x24, 0x8B}, 8 },  /* SETNEXTMSGRND3 */
            { {0x0C, 0x00, 0x03, 0x24, 0xA5, 0x24, 0xA6, 0x24, 0xA7, 0x00, 0x00, 0x00, 0x00, 0x00, 0x00, 0x00, 0x00, 0x00, 0x00, 0x00, 0x00, 0x00, 0x00, 0x00, 0x00, 0x00, 0x00, 0x00, 0x00, 0x00, 0x00, 0x00, 0x00, 0x00, 0x00, 0x00, 0x00, 0x00, 0x00, 0x00, 0x00, 0x00, 0x00, 0x00, 0x00, 0x00, 0x00}, 9, {0x7F, 0x14, 0x24, 0xA5, 0x24, 0xA6, 0x24, 0xA7}, 8 },  /* SETNEXTMSGRND3 */
            { {0x0C, 0x00, 0x03, 0x25, 0x15, 0x25, 0x16, 0x25, 0x17, 0x00, 0x00, 0x00, 0x00, 0x00, 0x00, 0x00, 0x00, 0x00, 0x00, 0x00, 0x00, 0x00, 0x00, 0x00, 0x00, 0x00, 0x00, 0x00, 0x00, 0x00, 0x00, 0x00, 0x00, 0x00, 0x00, 0x00, 0x00, 0x00, 0x00, 0x00, 0x00, 0x00, 0x00, 0x00, 0x00, 0x00, 0x00}, 9, {0x7F, 0x14, 0x25, 0x15, 0x25, 0x16, 0x25, 0x17}, 8 },  /* SETNEXTMSGRND3 */
            { {0x0C, 0x00, 0x03, 0x26, 0x3F, 0x26, 0x3F, 0x26, 0x40, 0x00, 0x00, 0x00, 0x00, 0x00, 0x00, 0x00, 0x00, 0x00, 0x00, 0x00, 0x00, 0x00, 0x00, 0x00, 0x00, 0x00, 0x00, 0x00, 0x00, 0x00, 0x00, 0x00, 0x00, 0x00, 0x00, 0x00, 0x00, 0x00, 0x00, 0x00, 0x00, 0x00, 0x00, 0x00, 0x00, 0x00, 0x00}, 9, {0x7F, 0x14, 0x26, 0x3F, 0x26, 0x3F, 0x26, 0x40}, 8 },  /* SETNEXTMSGRND3 */
            { {0x0C, 0x00, 0x03, 0x26, 0x47, 0x26, 0x47, 0x26, 0x48, 0x00, 0x00, 0x00, 0x00, 0x00, 0x00, 0x00, 0x00, 0x00, 0x00, 0x00, 0x00, 0x00, 0x00, 0x00, 0x00, 0x00, 0x00, 0x00, 0x00, 0x00, 0x00, 0x00, 0x00, 0x00, 0x00, 0x00, 0x00, 0x00, 0x00, 0x00, 0x00, 0x00, 0x00, 0x00, 0x00, 0x00, 0x00}, 9, {0x7F, 0x14, 0x26, 0x47, 0x26, 0x47, 0x26, 0x48}, 8 },  /* SETNEXTMSGRND3 */
            { {0x0C, 0x00, 0x03, 0x26, 0x51, 0x26, 0x51, 0x26, 0x52, 0x00, 0x00, 0x00, 0x00, 0x00, 0x00, 0x00, 0x00, 0x00, 0x00, 0x00, 0x00, 0x00, 0x00, 0x00, 0x00, 0x00, 0x00, 0x00, 0x00, 0x00, 0x00, 0x00, 0x00, 0x00, 0x00, 0x00, 0x00, 0x00, 0x00, 0x00, 0x00, 0x00, 0x00, 0x00, 0x00, 0x00, 0x00}, 9, {0x7F, 0x14, 0x26, 0x51, 0x26, 0x51, 0x26, 0x52}, 8 },  /* SETNEXTMSGRND3 */
            { {0x0C, 0x00, 0x03, 0x26, 0xB1, 0x26, 0xB2, 0x26, 0xB3, 0x00, 0x00, 0x00, 0x00, 0x00, 0x00, 0x00, 0x00, 0x00, 0x00, 0x00, 0x00, 0x00, 0x00, 0x00, 0x00, 0x00, 0x00, 0x00, 0x00, 0x00, 0x00, 0x00, 0x00, 0x00, 0x00, 0x00, 0x00, 0x00, 0x00, 0x00, 0x00, 0x00, 0x00, 0x00, 0x00, 0x00, 0x00}, 9, {0x7F, 0x14, 0x26, 0xB1, 0x26, 0xB2, 0x26, 0xB3}, 8 },  /* SETNEXTMSGRND3 */
            { {0x0C, 0x00, 0x03, 0x26, 0xB5, 0x26, 0xB6, 0x26, 0xB7, 0x00, 0x00, 0x00, 0x00, 0x00, 0x00, 0x00, 0x00, 0x00, 0x00, 0x00, 0x00, 0x00, 0x00, 0x00, 0x00, 0x00, 0x00, 0x00, 0x00, 0x00, 0x00, 0x00, 0x00, 0x00, 0x00, 0x00, 0x00, 0x00, 0x00, 0x00, 0x00, 0x00, 0x00, 0x00, 0x00, 0x00, 0x00}, 9, {0x7F, 0x14, 0x26, 0xB5, 0x26, 0xB6, 0x26, 0xB7}, 8 },  /* SETNEXTMSGRND3 */
            { {0x0C, 0x00, 0x03, 0x26, 0xBF, 0x26, 0xC0, 0x26, 0xC1, 0x00, 0x00, 0x00, 0x00, 0x00, 0x00, 0x00, 0x00, 0x00, 0x00, 0x00, 0x00, 0x00, 0x00, 0x00, 0x00, 0x00, 0x00, 0x00, 0x00, 0x00, 0x00, 0x00, 0x00, 0x00, 0x00, 0x00, 0x00, 0x00, 0x00, 0x00, 0x00, 0x00, 0x00, 0x00, 0x00, 0x00, 0x00}, 9, {0x7F, 0x14, 0x26, 0xBF, 0x26, 0xC0, 0x26, 0xC1}, 8 },  /* SETNEXTMSGRND3 */
            { {0x0C, 0x00, 0x03, 0x26, 0xC2, 0x26, 0xC3, 0x26, 0xC4, 0x00, 0x00, 0x00, 0x00, 0x00, 0x00, 0x00, 0x00, 0x00, 0x00, 0x00, 0x00, 0x00, 0x00, 0x00, 0x00, 0x00, 0x00, 0x00, 0x00, 0x00, 0x00, 0x00, 0x00, 0x00, 0x00, 0x00, 0x00, 0x00, 0x00, 0x00, 0x00, 0x00, 0x00, 0x00, 0x00, 0x00, 0x00}, 9, {0x7F, 0x14, 0x26, 0xC2, 0x26, 0xC3, 0x26, 0xC4}, 8 },  /* SETNEXTMSGRND3 */
            { {0x0C, 0x00, 0x03, 0x26, 0xC6, 0x26, 0xC7, 0x26, 0xC7, 0x00, 0x00, 0x00, 0x00, 0x00, 0x00, 0x00, 0x00, 0x00, 0x00, 0x00, 0x00, 0x00, 0x00, 0x00, 0x00, 0x00, 0x00, 0x00, 0x00, 0x00, 0x00, 0x00, 0x00, 0x00, 0x00, 0x00, 0x00, 0x00, 0x00, 0x00, 0x00, 0x00, 0x00, 0x00, 0x00, 0x00, 0x00}, 9, {0x7F, 0x14, 0x26, 0xC6, 0x26, 0xC7, 0x26, 0xC7}, 8 },  /* SETNEXTMSGRND3 */
            { {0x0C, 0x00, 0x03, 0x27, 0x5B, 0x27, 0x5C, 0x27, 0x5D, 0x00, 0x00, 0x00, 0x00, 0x00, 0x00, 0x00, 0x00, 0x00, 0x00, 0x00, 0x00, 0x00, 0x00, 0x00, 0x00, 0x00, 0x00, 0x00, 0x00, 0x00, 0x00, 0x00, 0x00, 0x00, 0x00, 0x00, 0x00, 0x00, 0x00, 0x00, 0x00, 0x00, 0x00, 0x00, 0x00, 0x00, 0x00}, 9, {0x7F, 0x14, 0x27, 0x5B, 0x27, 0x5C, 0x27, 0x5D}, 8 },  /* SETNEXTMSGRND3 */
            { {0x0C, 0x00, 0x03, 0x27, 0x6A, 0x27, 0x6B, 0x27, 0x6C, 0x00, 0x00, 0x00, 0x00, 0x00, 0x00, 0x00, 0x00, 0x00, 0x00, 0x00, 0x00, 0x00, 0x00, 0x00, 0x00, 0x00, 0x00, 0x00, 0x00, 0x00, 0x00, 0x00, 0x00, 0x00, 0x00, 0x00, 0x00, 0x00, 0x00, 0x00, 0x00, 0x00, 0x00, 0x00, 0x00, 0x00, 0x00}, 9, {0x7F, 0x14, 0x27, 0x6A, 0x27, 0x6B, 0x27, 0x6C}, 8 },  /* SETNEXTMSGRND3 */
            { {0x0C, 0x00, 0x03, 0x27, 0x6A, 0x27, 0x6B, 0x27, 0x6D, 0x00, 0x00, 0x00, 0x00, 0x00, 0x00, 0x00, 0x00, 0x00, 0x00, 0x00, 0x00, 0x00, 0x00, 0x00, 0x00, 0x00, 0x00, 0x00, 0x00, 0x00, 0x00, 0x00, 0x00, 0x00, 0x00, 0x00, 0x00, 0x00, 0x00, 0x00, 0x00, 0x00, 0x00, 0x00, 0x00, 0x00, 0x00}, 9, {0x7F, 0x14, 0x27, 0x6A, 0x27, 0x6B, 0x27, 0x6D}, 8 },  /* SETNEXTMSGRND3 */
            { {0x0C, 0x00, 0x03, 0x28, 0x38, 0x28, 0x39, 0x28, 0x3A, 0x00, 0x00, 0x00, 0x00, 0x00, 0x00, 0x00, 0x00, 0x00, 0x00, 0x00, 0x00, 0x00, 0x00, 0x00, 0x00, 0x00, 0x00, 0x00, 0x00, 0x00, 0x00, 0x00, 0x00, 0x00, 0x00, 0x00, 0x00, 0x00, 0x00, 0x00, 0x00, 0x00, 0x00, 0x00, 0x00, 0x00, 0x00}, 9, {0x7F, 0x14, 0x28, 0x38, 0x28, 0x39, 0x28, 0x3A}, 8 },  /* SETNEXTMSGRND3 */
            { {0x0C, 0x00, 0x03, 0x28, 0x95, 0x28, 0x96, 0x28, 0x97, 0x00, 0x00, 0x00, 0x00, 0x00, 0x00, 0x00, 0x00, 0x00, 0x00, 0x00, 0x00, 0x00, 0x00, 0x00, 0x00, 0x00, 0x00, 0x00, 0x00, 0x00, 0x00, 0x00, 0x00, 0x00, 0x00, 0x00, 0x00, 0x00, 0x00, 0x00, 0x00, 0x00, 0x00, 0x00, 0x00, 0x00, 0x00}, 9, {0x7F, 0x14, 0x28, 0x95, 0x28, 0x96, 0x28, 0x97}, 8 },  /* SETNEXTMSGRND3 */
            { {0x0C, 0x00, 0x03, 0x28, 0x98, 0x28, 0x99, 0x28, 0x9A, 0x00, 0x00, 0x00, 0x00, 0x00, 0x00, 0x00, 0x00, 0x00, 0x00, 0x00, 0x00, 0x00, 0x00, 0x00, 0x00, 0x00, 0x00, 0x00, 0x00, 0x00, 0x00, 0x00, 0x00, 0x00, 0x00, 0x00, 0x00, 0x00, 0x00, 0x00, 0x00, 0x00, 0x00, 0x00, 0x00, 0x00, 0x00}, 9, {0x7F, 0x14, 0x28, 0x98, 0x28, 0x99, 0x28, 0x9A}, 8 },  /* SETNEXTMSGRND3 */
            { {0x0C, 0x00, 0x03, 0x28, 0xA5, 0x28, 0xA6, 0x28, 0xA7, 0x00, 0x00, 0x00, 0x00, 0x00, 0x00, 0x00, 0x00, 0x00, 0x00, 0x00, 0x00, 0x00, 0x00, 0x00, 0x00, 0x00, 0x00, 0x00, 0x00, 0x00, 0x00, 0x00, 0x00, 0x00, 0x00, 0x00, 0x00, 0x00, 0x00, 0x00, 0x00, 0x00, 0x00, 0x00, 0x00, 0x00, 0x00}, 9, {0x7F, 0x14, 0x28, 0xA5, 0x28, 0xA6, 0x28, 0xA7}, 8 },  /* SETNEXTMSGRND3 */
            { {0x0C, 0x00, 0x03, 0x28, 0xAE, 0x28, 0xAF, 0x28, 0xB0, 0x00, 0x00, 0x00, 0x00, 0x00, 0x00, 0x00, 0x00, 0x00, 0x00, 0x00, 0x00, 0x00, 0x00, 0x00, 0x00, 0x00, 0x00, 0x00, 0x00, 0x00, 0x00, 0x00, 0x00, 0x00, 0x00, 0x00, 0x00, 0x00, 0x00, 0x00, 0x00, 0x00, 0x00, 0x00, 0x00, 0x00, 0x00}, 9, {0x7F, 0x14, 0x28, 0xAE, 0x28, 0xAF, 0x28, 0xB0}, 8 },  /* SETNEXTMSGRND3 */
            { {0x0C, 0x00, 0x03, 0x28, 0xB5, 0x28, 0xB6, 0x28, 0xB7, 0x00, 0x00, 0x00, 0x00, 0x00, 0x00, 0x00, 0x00, 0x00, 0x00, 0x00, 0x00, 0x00, 0x00, 0x00, 0x00, 0x00, 0x00, 0x00, 0x00, 0x00, 0x00, 0x00, 0x00, 0x00, 0x00, 0x00, 0x00, 0x00, 0x00, 0x00, 0x00, 0x00, 0x00, 0x00, 0x00, 0x00, 0x00}, 9, {0x7F, 0x14, 0x28, 0xB5, 0x28, 0xB6, 0x28, 0xB7}, 8 },  /* SETNEXTMSGRND3 */
            { {0x0C, 0x00, 0x03, 0x29, 0xC2, 0x29, 0xC3, 0x29, 0xC4, 0x00, 0x00, 0x00, 0x00, 0x00, 0x00, 0x00, 0x00, 0x00, 0x00, 0x00, 0x00, 0x00, 0x00, 0x00, 0x00, 0x00, 0x00, 0x00, 0x00, 0x00, 0x00, 0x00, 0x00, 0x00, 0x00, 0x00, 0x00, 0x00, 0x00, 0x00, 0x00, 0x00, 0x00, 0x00, 0x00, 0x00, 0x00}, 9, {0x7F, 0x14, 0x29, 0xC2, 0x29, 0xC3, 0x29, 0xC4}, 8 },  /* SETNEXTMSGRND3 */
            { {0x0C, 0x00, 0x03, 0x2B, 0x4D, 0x2B, 0x4E, 0x2B, 0x4F, 0x00, 0x00, 0x00, 0x00, 0x00, 0x00, 0x00, 0x00, 0x00, 0x00, 0x00, 0x00, 0x00, 0x00, 0x00, 0x00, 0x00, 0x00, 0x00, 0x00, 0x00, 0x00, 0x00, 0x00, 0x00, 0x00, 0x00, 0x00, 0x00, 0x00, 0x00, 0x00, 0x00, 0x00, 0x00, 0x00, 0x00, 0x00}, 9, {0x7F, 0x14, 0x2B, 0x4D, 0x2B, 0x4E, 0x2B, 0x4F}, 8 },  /* SETNEXTMSGRND3 */
            { {0x0C, 0x00, 0x03, 0x2B, 0x51, 0x2B, 0x52, 0x2B, 0x53, 0x00, 0x00, 0x00, 0x00, 0x00, 0x00, 0x00, 0x00, 0x00, 0x00, 0x00, 0x00, 0x00, 0x00, 0x00, 0x00, 0x00, 0x00, 0x00, 0x00, 0x00, 0x00, 0x00, 0x00, 0x00, 0x00, 0x00, 0x00, 0x00, 0x00, 0x00, 0x00, 0x00, 0x00, 0x00, 0x00, 0x00, 0x00}, 9, {0x7F, 0x14, 0x2B, 0x51, 0x2B, 0x52, 0x2B, 0x53}, 8 },  /* SETNEXTMSGRND3 */
            { {0x0C, 0x00, 0x03, 0x2C, 0x2E, 0x2C, 0x2F, 0x2C, 0x30, 0x00, 0x00, 0x00, 0x00, 0x00, 0x00, 0x00, 0x00, 0x00, 0x00, 0x00, 0x00, 0x00, 0x00, 0x00, 0x00, 0x00, 0x00, 0x00, 0x00, 0x00, 0x00, 0x00, 0x00, 0x00, 0x00, 0x00, 0x00, 0x00, 0x00, 0x00, 0x00, 0x00, 0x00, 0x00, 0x00, 0x00, 0x00}, 9, {0x7F, 0x14, 0x2C, 0x2E, 0x2C, 0x2F, 0x2C, 0x30}, 8 },  /* SETNEXTMSGRND3 */
            { {0x0C, 0x00, 0x03, 0x2C, 0xD0, 0x2C, 0xD1, 0x2C, 0xD2, 0x00, 0x00, 0x00, 0x00, 0x00, 0x00, 0x00, 0x00, 0x00, 0x00, 0x00, 0x00, 0x00, 0x00, 0x00, 0x00, 0x00, 0x00, 0x00, 0x00, 0x00, 0x00, 0x00, 0x00, 0x00, 0x00, 0x00, 0x00, 0x00, 0x00, 0x00, 0x00, 0x00, 0x00, 0x00, 0x00, 0x00, 0x00}, 9, {0x7F, 0x14, 0x2C, 0xD0, 0x2C, 0xD1, 0x2C, 0xD2}, 8 },  /* SETNEXTMSGRND3 */
            { {0x0C, 0x00, 0x03, 0x2C, 0xD7, 0x2C, 0xD9, 0x2C, 0xE0, 0x00, 0x00, 0x00, 0x00, 0x00, 0x00, 0x00, 0x00, 0x00, 0x00, 0x00, 0x00, 0x00, 0x00, 0x00, 0x00, 0x00, 0x00, 0x00, 0x00, 0x00, 0x00, 0x00, 0x00, 0x00, 0x00, 0x00, 0x00, 0x00, 0x00, 0x00, 0x00, 0x00, 0x00, 0x00, 0x00, 0x00, 0x00}, 9, {0x7F, 0x14, 0x2C, 0xD7, 0x2C, 0xD9, 0x2C, 0xE0}, 8 },  /* SETNEXTMSGRND3 */
            { {0x0C, 0x00, 0x03, 0x2C, 0xE1, 0x2C, 0xE2, 0x2C, 0xE3, 0x00, 0x00, 0x00, 0x00, 0x00, 0x00, 0x00, 0x00, 0x00, 0x00, 0x00, 0x00, 0x00, 0x00, 0x00, 0x00, 0x00, 0x00, 0x00, 0x00, 0x00, 0x00, 0x00, 0x00, 0x00, 0x00, 0x00, 0x00, 0x00, 0x00, 0x00, 0x00, 0x00, 0x00, 0x00, 0x00, 0x00, 0x00}, 9, {0x7F, 0x14, 0x2C, 0xE1, 0x2C, 0xE2, 0x2C, 0xE3}, 8 },  /* SETNEXTMSGRND3 */
            { {0x0C, 0x00, 0x03, 0x2C, 0xE4, 0x2C, 0xE5, 0x2C, 0xE6, 0x00, 0x00, 0x00, 0x00, 0x00, 0x00, 0x00, 0x00, 0x00, 0x00, 0x00, 0x00, 0x00, 0x00, 0x00, 0x00, 0x00, 0x00, 0x00, 0x00, 0x00, 0x00, 0x00, 0x00, 0x00, 0x00, 0x00, 0x00, 0x00, 0x00, 0x00, 0x00, 0x00, 0x00, 0x00, 0x00, 0x00, 0x00}, 9, {0x7F, 0x14, 0x2C, 0xE4, 0x2C, 0xE5, 0x2C, 0xE6}, 8 },  /* SETNEXTMSGRND3 */
            { {0x0C, 0x00, 0x03, 0x2C, 0xFE, 0x2C, 0xFF, 0x2C, 0xFF, 0x00, 0x00, 0x00, 0x00, 0x00, 0x00, 0x00, 0x00, 0x00, 0x00, 0x00, 0x00, 0x00, 0x00, 0x00, 0x00, 0x00, 0x00, 0x00, 0x00, 0x00, 0x00, 0x00, 0x00, 0x00, 0x00, 0x00, 0x00, 0x00, 0x00, 0x00, 0x00, 0x00, 0x00, 0x00, 0x00, 0x00, 0x00}, 9, {0x7F, 0x14, 0x2C, 0xFE, 0x2C, 0xFF, 0x2C, 0xFF}, 8 },  /* SETNEXTMSGRND3 */
            { {0x0C, 0x00, 0x03, 0x2C, 0xFE, 0x2D, 0x00, 0x2D, 0x00, 0x00, 0x00, 0x00, 0x00, 0x00, 0x00, 0x00, 0x00, 0x00, 0x00, 0x00, 0x00, 0x00, 0x00, 0x00, 0x00, 0x00, 0x00, 0x00, 0x00, 0x00, 0x00, 0x00, 0x00, 0x00, 0x00, 0x00, 0x00, 0x00, 0x00, 0x00, 0x00, 0x00, 0x00, 0x00, 0x00, 0x00, 0x00}, 9, {0x7F, 0x14, 0x2C, 0xFE, 0x2D, 0x00, 0x2D, 0x00}, 8 },  /* SETNEXTMSGRND3 */
            { {0x0C, 0x00, 0x03, 0x2D, 0x0E, 0x2D, 0x0E, 0x2D, 0x0F, 0x00, 0x00, 0x00, 0x00, 0x00, 0x00, 0x00, 0x00, 0x00, 0x00, 0x00, 0x00, 0x00, 0x00, 0x00, 0x00, 0x00, 0x00, 0x00, 0x00, 0x00, 0x00, 0x00, 0x00, 0x00, 0x00, 0x00, 0x00, 0x00, 0x00, 0x00, 0x00, 0x00, 0x00, 0x00, 0x00, 0x00, 0x00}, 9, {0x7F, 0x14, 0x2D, 0x0E, 0x2D, 0x0E, 0x2D, 0x0F}, 8 },  /* SETNEXTMSGRND3 */
            { {0x0C, 0x00, 0x03, 0x2D, 0x16, 0x2D, 0x17, 0x2D, 0x18, 0x00, 0x00, 0x00, 0x00, 0x00, 0x00, 0x00, 0x00, 0x00, 0x00, 0x00, 0x00, 0x00, 0x00, 0x00, 0x00, 0x00, 0x00, 0x00, 0x00, 0x00, 0x00, 0x00, 0x00, 0x00, 0x00, 0x00, 0x00, 0x00, 0x00, 0x00, 0x00, 0x00, 0x00, 0x00, 0x00, 0x00, 0x00}, 9, {0x7F, 0x14, 0x2D, 0x16, 0x2D, 0x17, 0x2D, 0x18}, 8 },  /* SETNEXTMSGRND3 */
            { {0x0C, 0x00, 0x03, 0x2D, 0x19, 0x2D, 0x1A, 0x2D, 0x1A, 0x00, 0x00, 0x00, 0x00, 0x00, 0x00, 0x00, 0x00, 0x00, 0x00, 0x00, 0x00, 0x00, 0x00, 0x00, 0x00, 0x00, 0x00, 0x00, 0x00, 0x00, 0x00, 0x00, 0x00, 0x00, 0x00, 0x00, 0x00, 0x00, 0x00, 0x00, 0x00, 0x00, 0x00, 0x00, 0x00, 0x00, 0x00}, 9, {0x7F, 0x14, 0x2D, 0x19, 0x2D, 0x1A, 0x2D, 0x1A}, 8 },  /* SETNEXTMSGRND3 */
            { {0x0C, 0x00, 0x03, 0x2D, 0x81, 0x2D, 0x82, 0x2D, 0x82, 0x00, 0x00, 0x00, 0x00, 0x00, 0x00, 0x00, 0x00, 0x00, 0x00, 0x00, 0x00, 0x00, 0x00, 0x00, 0x00, 0x00, 0x00, 0x00, 0x00, 0x00, 0x00, 0x00, 0x00, 0x00, 0x00, 0x00, 0x00, 0x00, 0x00, 0x00, 0x00, 0x00, 0x00, 0x00, 0x00, 0x00, 0x00}, 9, {0x7F, 0x14, 0x2D, 0x81, 0x2D, 0x82, 0x2D, 0x82}, 8 },  /* SETNEXTMSGRND3 */
            { {0x0C, 0x00, 0x03, 0x2D, 0x83, 0x2D, 0x84, 0x2D, 0x85, 0x00, 0x00, 0x00, 0x00, 0x00, 0x00, 0x00, 0x00, 0x00, 0x00, 0x00, 0x00, 0x00, 0x00, 0x00, 0x00, 0x00, 0x00, 0x00, 0x00, 0x00, 0x00, 0x00, 0x00, 0x00, 0x00, 0x00, 0x00, 0x00, 0x00, 0x00, 0x00, 0x00, 0x00, 0x00, 0x00, 0x00, 0x00}, 9, {0x7F, 0x14, 0x2D, 0x83, 0x2D, 0x84, 0x2D, 0x85}, 8 },  /* SETNEXTMSGRND3 */
            { {0x0C, 0x00, 0x03, 0x2D, 0x86, 0x2D, 0x87, 0x2D, 0x88, 0x00, 0x00, 0x00, 0x00, 0x00, 0x00, 0x00, 0x00, 0x00, 0x00, 0x00, 0x00, 0x00, 0x00, 0x00, 0x00, 0x00, 0x00, 0x00, 0x00, 0x00, 0x00, 0x00, 0x00, 0x00, 0x00, 0x00, 0x00, 0x00, 0x00, 0x00, 0x00, 0x00, 0x00, 0x00, 0x00, 0x00, 0x00}, 9, {0x7F, 0x14, 0x2D, 0x86, 0x2D, 0x87, 0x2D, 0x88}, 8 },  /* SETNEXTMSGRND3 */
            { {0x0C, 0x00, 0x03, 0x31, 0xA2, 0x31, 0xA3, 0x31, 0xA4, 0x00, 0x00, 0x00, 0x00, 0x00, 0x00, 0x00, 0x00, 0x00, 0x00, 0x00, 0x00, 0x00, 0x00, 0x00, 0x00, 0x00, 0x00, 0x00, 0x00, 0x00, 0x00, 0x00, 0x00, 0x00, 0x00, 0x00, 0x00, 0x00, 0x00, 0x00, 0x00, 0x00, 0x00, 0x00, 0x00, 0x00, 0x00}, 9, {0x7F, 0x14, 0x31, 0xA2, 0x31, 0xA3, 0x31, 0xA4}, 8 },  /* SETNEXTMSGRND3 */
            { {0x0C, 0x00, 0x03, 0x31, 0xA8, 0x31, 0xA9, 0x31, 0xAA, 0x00, 0x00, 0x00, 0x00, 0x00, 0x00, 0x00, 0x00, 0x00, 0x00, 0x00, 0x00, 0x00, 0x00, 0x00, 0x00, 0x00, 0x00, 0x00, 0x00, 0x00, 0x00, 0x00, 0x00, 0x00, 0x00, 0x00, 0x00, 0x00, 0x00, 0x00, 0x00, 0x00, 0x00, 0x00, 0x00, 0x00, 0x00}, 9, {0x7F, 0x14, 0x31, 0xA8, 0x31, 0xA9, 0x31, 0xAA}, 8 },  /* SETNEXTMSGRND3 */
            { {0x0C, 0x00, 0x03, 0x31, 0xAE, 0x31, 0xAF, 0x31, 0xB0, 0x00, 0x00, 0x00, 0x00, 0x00, 0x00, 0x00, 0x00, 0x00, 0x00, 0x00, 0x00, 0x00, 0x00, 0x00, 0x00, 0x00, 0x00, 0x00, 0x00, 0x00, 0x00, 0x00, 0x00, 0x00, 0x00, 0x00, 0x00, 0x00, 0x00, 0x00, 0x00, 0x00, 0x00, 0x00, 0x00, 0x00, 0x00}, 9, {0x7F, 0x14, 0x31, 0xAE, 0x31, 0xAF, 0x31, 0xB0}, 8 },  /* SETNEXTMSGRND3 */
            { {0x0C, 0x00, 0x03, 0x31, 0xB4, 0x31, 0xB5, 0x31, 0xB6, 0x00, 0x00, 0x00, 0x00, 0x00, 0x00, 0x00, 0x00, 0x00, 0x00, 0x00, 0x00, 0x00, 0x00, 0x00, 0x00, 0x00, 0x00, 0x00, 0x00, 0x00, 0x00, 0x00, 0x00, 0x00, 0x00, 0x00, 0x00, 0x00, 0x00, 0x00, 0x00, 0x00, 0x00, 0x00, 0x00, 0x00, 0x00}, 9, {0x7F, 0x14, 0x31, 0xB4, 0x31, 0xB5, 0x31, 0xB6}, 8 },  /* SETNEXTMSGRND3 */
            { {0x0C, 0x00, 0x03, 0x31, 0xBA, 0x31, 0xBB, 0x31, 0xBC, 0x00, 0x00, 0x00, 0x00, 0x00, 0x00, 0x00, 0x00, 0x00, 0x00, 0x00, 0x00, 0x00, 0x00, 0x00, 0x00, 0x00, 0x00, 0x00, 0x00, 0x00, 0x00, 0x00, 0x00, 0x00, 0x00, 0x00, 0x00, 0x00, 0x00, 0x00, 0x00, 0x00, 0x00, 0x00, 0x00, 0x00, 0x00}, 9, {0x7F, 0x14, 0x31, 0xBA, 0x31, 0xBB, 0x31, 0xBC}, 8 },  /* SETNEXTMSGRND3 */
            { {0x0C, 0x00, 0x03, 0x31, 0xC0, 0x31, 0xC1, 0x31, 0xC2, 0x00, 0x00, 0x00, 0x00, 0x00, 0x00, 0x00, 0x00, 0x00, 0x00, 0x00, 0x00, 0x00, 0x00, 0x00, 0x00, 0x00, 0x00, 0x00, 0x00, 0x00, 0x00, 0x00, 0x00, 0x00, 0x00, 0x00, 0x00, 0x00, 0x00, 0x00, 0x00, 0x00, 0x00, 0x00, 0x00, 0x00, 0x00}, 9, {0x7F, 0x14, 0x31, 0xC0, 0x31, 0xC1, 0x31, 0xC2}, 8 },  /* SETNEXTMSGRND3 */
            { {0x0C, 0x00, 0x03, 0x31, 0xE1, 0x31, 0xE2, 0x31, 0xE3, 0x00, 0x00, 0x00, 0x00, 0x00, 0x00, 0x00, 0x00, 0x00, 0x00, 0x00, 0x00, 0x00, 0x00, 0x00, 0x00, 0x00, 0x00, 0x00, 0x00, 0x00, 0x00, 0x00, 0x00, 0x00, 0x00, 0x00, 0x00, 0x00, 0x00, 0x00, 0x00, 0x00, 0x00, 0x00, 0x00, 0x00, 0x00}, 9, {0x7F, 0x14, 0x31, 0xE1, 0x31, 0xE2, 0x31, 0xE3}, 8 },  /* SETNEXTMSGRND3 */
            { {0x0C, 0x00, 0x03, 0x32, 0x56, 0x32, 0x59, 0x32, 0x5C, 0x00, 0x00, 0x00, 0x00, 0x00, 0x00, 0x00, 0x00, 0x00, 0x00, 0x00, 0x00, 0x00, 0x00, 0x00, 0x00, 0x00, 0x00, 0x00, 0x00, 0x00, 0x00, 0x00, 0x00, 0x00, 0x00, 0x00, 0x00, 0x00, 0x00, 0x00, 0x00, 0x00, 0x00, 0x00, 0x00, 0x00, 0x00}, 9, {0x7F, 0x14, 0x32, 0x56, 0x32, 0x59, 0x32, 0x5C}, 8 },  /* SETNEXTMSGRND3 */
            { {0x0C, 0x00, 0x03, 0x32, 0x65, 0x32, 0x68, 0x32, 0x6B, 0x00, 0x00, 0x00, 0x00, 0x00, 0x00, 0x00, 0x00, 0x00, 0x00, 0x00, 0x00, 0x00, 0x00, 0x00, 0x00, 0x00, 0x00, 0x00, 0x00, 0x00, 0x00, 0x00, 0x00, 0x00, 0x00, 0x00, 0x00, 0x00, 0x00, 0x00, 0x00, 0x00, 0x00, 0x00, 0x00, 0x00, 0x00}, 9, {0x7F, 0x14, 0x32, 0x65, 0x32, 0x68, 0x32, 0x6B}, 8 },  /* SETNEXTMSGRND3 */
            { {0x0C, 0x00, 0x03, 0x32, 0x65, 0x32, 0x68, 0x32, 0x6E, 0x00, 0x00, 0x00, 0x00, 0x00, 0x00, 0x00, 0x00, 0x00, 0x00, 0x00, 0x00, 0x00, 0x00, 0x00, 0x00, 0x00, 0x00, 0x00, 0x00, 0x00, 0x00, 0x00, 0x00, 0x00, 0x00, 0x00, 0x00, 0x00, 0x00, 0x00, 0x00, 0x00, 0x00, 0x00, 0x00, 0x00, 0x00}, 9, {0x7F, 0x14, 0x32, 0x65, 0x32, 0x68, 0x32, 0x6E}, 8 },  /* SETNEXTMSGRND3 */
            { {0x0C, 0x00, 0x03, 0x33, 0x8E, 0x33, 0x8F, 0x33, 0x90, 0x00, 0x00, 0x00, 0x00, 0x00, 0x00, 0x00, 0x00, 0x00, 0x00, 0x00, 0x00, 0x00, 0x00, 0x00, 0x00, 0x00, 0x00, 0x00, 0x00, 0x00, 0x00, 0x00, 0x00, 0x00, 0x00, 0x00, 0x00, 0x00, 0x00, 0x00, 0x00, 0x00, 0x00, 0x00, 0x00, 0x00, 0x00}, 9, {0x7F, 0x14, 0x33, 0x8E, 0x33, 0x8F, 0x33, 0x90}, 8 },  /* SETNEXTMSGRND3 */
            { {0x0C, 0x00, 0x03, 0x37, 0xAA, 0x37, 0xAB, 0x37, 0xAC, 0x00, 0x00, 0x00, 0x00, 0x00, 0x00, 0x00, 0x00, 0x00, 0x00, 0x00, 0x00, 0x00, 0x00, 0x00, 0x00, 0x00, 0x00, 0x00, 0x00, 0x00, 0x00, 0x00, 0x00, 0x00, 0x00, 0x00, 0x00, 0x00, 0x00, 0x00, 0x00, 0x00, 0x00, 0x00, 0x00, 0x00, 0x00}, 9, {0x7F, 0x14, 0x37, 0xAA, 0x37, 0xAB, 0x37, 0xAC}, 8 },  /* SETNEXTMSGRND3 */
            { {0x0C, 0x00, 0x03, 0x3E, 0x85, 0x3E, 0x86, 0x3E, 0x87, 0x00, 0x00, 0x00, 0x00, 0x00, 0x00, 0x00, 0x00, 0x00, 0x00, 0x00, 0x00, 0x00, 0x00, 0x00, 0x00, 0x00, 0x00, 0x00, 0x00, 0x00, 0x00, 0x00, 0x00, 0x00, 0x00, 0x00, 0x00, 0x00, 0x00, 0x00, 0x00, 0x00, 0x00, 0x00, 0x00, 0x00, 0x00}, 9, {0x7F, 0x14, 0x3E, 0x85, 0x3E, 0x86, 0x3E, 0x87}, 8 },  /* SETNEXTMSGRND3 */
            { {0x0C, 0x00, 0x03, 0x3E, 0x88, 0x3E, 0x89, 0x3E, 0x8A, 0x00, 0x00, 0x00, 0x00, 0x00, 0x00, 0x00, 0x00, 0x00, 0x00, 0x00, 0x00, 0x00, 0x00, 0x00, 0x00, 0x00, 0x00, 0x00, 0x00, 0x00, 0x00, 0x00, 0x00, 0x00, 0x00, 0x00, 0x00, 0x00, 0x00, 0x00, 0x00, 0x00, 0x00, 0x00, 0x00, 0x00, 0x00}, 9, {0x7F, 0x14, 0x3E, 0x88, 0x3E, 0x89, 0x3E, 0x8A}, 8 },  /* SETNEXTMSGRND3 */
            { {0x0C, 0x00, 0x03, 0x3E, 0x8B, 0x3E, 0x8C, 0x3E, 0x8D, 0x00, 0x00, 0x00, 0x00, 0x00, 0x00, 0x00, 0x00, 0x00, 0x00, 0x00, 0x00, 0x00, 0x00, 0x00, 0x00, 0x00, 0x00, 0x00, 0x00, 0x00, 0x00, 0x00, 0x00, 0x00, 0x00, 0x00, 0x00, 0x00, 0x00, 0x00, 0x00, 0x00, 0x00, 0x00, 0x00, 0x00, 0x00}, 9, {0x7F, 0x14, 0x3E, 0x8B, 0x3E, 0x8C, 0x3E, 0x8D}, 8 },  /* SETNEXTMSGRND3 */
            { {0x0C, 0x00, 0x03, 0x3E, 0x93, 0x3E, 0x94, 0x3E, 0x95, 0x00, 0x00, 0x00, 0x00, 0x00, 0x00, 0x00, 0x00, 0x00, 0x00, 0x00, 0x00, 0x00, 0x00, 0x00, 0x00, 0x00, 0x00, 0x00, 0x00, 0x00, 0x00, 0x00, 0x00, 0x00, 0x00, 0x00, 0x00, 0x00, 0x00, 0x00, 0x00, 0x00, 0x00, 0x00, 0x00, 0x00, 0x00}, 9, {0x7F, 0x14, 0x3E, 0x93, 0x3E, 0x94, 0x3E, 0x95}, 8 },  /* SETNEXTMSGRND3 */
            { {0x0C, 0x00, 0x03, 0x3E, 0xA3, 0x3E, 0xA4, 0x3E, 0xA5, 0x00, 0x00, 0x00, 0x00, 0x00, 0x00, 0x00, 0x00, 0x00, 0x00, 0x00, 0x00, 0x00, 0x00, 0x00, 0x00, 0x00, 0x00, 0x00, 0x00, 0x00, 0x00, 0x00, 0x00, 0x00, 0x00, 0x00, 0x00, 0x00, 0x00, 0x00, 0x00, 0x00, 0x00, 0x00, 0x00, 0x00, 0x00}, 9, {0x7F, 0x14, 0x3E, 0xA3, 0x3E, 0xA4, 0x3E, 0xA5}, 8 },  /* SETNEXTMSGRND3 */
            { {0x0C, 0x00, 0x03, 0x3E, 0xA6, 0x3E, 0xA7, 0x3E, 0xA8, 0x00, 0x00, 0x00, 0x00, 0x00, 0x00, 0x00, 0x00, 0x00, 0x00, 0x00, 0x00, 0x00, 0x00, 0x00, 0x00, 0x00, 0x00, 0x00, 0x00, 0x00, 0x00, 0x00, 0x00, 0x00, 0x00, 0x00, 0x00, 0x00, 0x00, 0x00, 0x00, 0x00, 0x00, 0x00, 0x00, 0x00, 0x00}, 9, {0x7F, 0x14, 0x3E, 0xA6, 0x3E, 0xA7, 0x3E, 0xA8}, 8 },  /* SETNEXTMSGRND3 */
            { {0x0C, 0x00, 0x03, 0x3E, 0xA9, 0x3E, 0xAA, 0x3E, 0xAB, 0x00, 0x00, 0x00, 0x00, 0x00, 0x00, 0x00, 0x00, 0x00, 0x00, 0x00, 0x00, 0x00, 0x00, 0x00, 0x00, 0x00, 0x00, 0x00, 0x00, 0x00, 0x00, 0x00, 0x00, 0x00, 0x00, 0x00, 0x00, 0x00, 0x00, 0x00, 0x00, 0x00, 0x00, 0x00, 0x00, 0x00, 0x00}, 9, {0x7F, 0x14, 0x3E, 0xA9, 0x3E, 0xAA, 0x3E, 0xAB}, 8 },  /* SETNEXTMSGRND3 */
            { {0x0C, 0x00, 0x03, 0x3E, 0xB6, 0x3E, 0xB6, 0x3E, 0xB7, 0x00, 0x00, 0x00, 0x00, 0x00, 0x00, 0x00, 0x00, 0x00, 0x00, 0x00, 0x00, 0x00, 0x00, 0x00, 0x00, 0x00, 0x00, 0x00, 0x00, 0x00, 0x00, 0x00, 0x00, 0x00, 0x00, 0x00, 0x00, 0x00, 0x00, 0x00, 0x00, 0x00, 0x00, 0x00, 0x00, 0x00, 0x00}, 9, {0x7F, 0x14, 0x3E, 0xB6, 0x3E, 0xB6, 0x3E, 0xB7}, 8 },  /* SETNEXTMSGRND3 */
            { {0x0C, 0x00, 0x03, 0x3E, 0xB8, 0x3E, 0xB8, 0x3E, 0xB9, 0x00, 0x00, 0x00, 0x00, 0x00, 0x00, 0x00, 0x00, 0x00, 0x00, 0x00, 0x00, 0x00, 0x00, 0x00, 0x00, 0x00, 0x00, 0x00, 0x00, 0x00, 0x00, 0x00, 0x00, 0x00, 0x00, 0x00, 0x00, 0x00, 0x00, 0x00, 0x00, 0x00, 0x00, 0x00, 0x00, 0x00, 0x00}, 9, {0x7F, 0x14, 0x3E, 0xB8, 0x3E, 0xB8, 0x3E, 0xB9}, 8 },  /* SETNEXTMSGRND3 */
            { {0x0C, 0x00, 0x03, 0x3E, 0xC2, 0x3E, 0xC3, 0x3E, 0xC4, 0x00, 0x00, 0x00, 0x00, 0x00, 0x00, 0x00, 0x00, 0x00, 0x00, 0x00, 0x00, 0x00, 0x00, 0x00, 0x00, 0x00, 0x00, 0x00, 0x00, 0x00, 0x00, 0x00, 0x00, 0x00, 0x00, 0x00, 0x00, 0x00, 0x00, 0x00, 0x00, 0x00, 0x00, 0x00, 0x00, 0x00, 0x00}, 9, {0x7F, 0x14, 0x3E, 0xC2, 0x3E, 0xC3, 0x3E, 0xC4}, 8 },  /* SETNEXTMSGRND3 */
            { {0x0C, 0x00, 0x03, 0x3E, 0xC5, 0x3E, 0xC6, 0x3E, 0xC7, 0x00, 0x00, 0x00, 0x00, 0x00, 0x00, 0x00, 0x00, 0x00, 0x00, 0x00, 0x00, 0x00, 0x00, 0x00, 0x00, 0x00, 0x00, 0x00, 0x00, 0x00, 0x00, 0x00, 0x00, 0x00, 0x00, 0x00, 0x00, 0x00, 0x00, 0x00, 0x00, 0x00, 0x00, 0x00, 0x00, 0x00, 0x00}, 9, {0x7F, 0x14, 0x3E, 0xC5, 0x3E, 0xC6, 0x3E, 0xC7}, 8 },  /* SETNEXTMSGRND3 */
            { {0x0C, 0x00, 0x03, 0x3E, 0xC8, 0x3E, 0xC9, 0x3E, 0xCA, 0x00, 0x00, 0x00, 0x00, 0x00, 0x00, 0x00, 0x00, 0x00, 0x00, 0x00, 0x00, 0x00, 0x00, 0x00, 0x00, 0x00, 0x00, 0x00, 0x00, 0x00, 0x00, 0x00, 0x00, 0x00, 0x00, 0x00, 0x00, 0x00, 0x00, 0x00, 0x00, 0x00, 0x00, 0x00, 0x00, 0x00, 0x00}, 9, {0x7F, 0x14, 0x3E, 0xC8, 0x3E, 0xC9, 0x3E, 0xCA}, 8 },  /* SETNEXTMSGRND3 */
            { {0x0C, 0x00, 0x03, 0x3E, 0xE3, 0x3E, 0xE4, 0x3E, 0xE5, 0x00, 0x00, 0x00, 0x00, 0x00, 0x00, 0x00, 0x00, 0x00, 0x00, 0x00, 0x00, 0x00, 0x00, 0x00, 0x00, 0x00, 0x00, 0x00, 0x00, 0x00, 0x00, 0x00, 0x00, 0x00, 0x00, 0x00, 0x00, 0x00, 0x00, 0x00, 0x00, 0x00, 0x00, 0x00, 0x00, 0x00, 0x00}, 9, {0x7F, 0x14, 0x3E, 0xE3, 0x3E, 0xE4, 0x3E, 0xE5}, 8 },  /* SETNEXTMSGRND3 */
            { {0x0C, 0x00, 0x03, 0x3E, 0xEE, 0x3E, 0xEF, 0x3E, 0xF0, 0x00, 0x00, 0x00, 0x00, 0x00, 0x00, 0x00, 0x00, 0x00, 0x00, 0x00, 0x00, 0x00, 0x00, 0x00, 0x00, 0x00, 0x00, 0x00, 0x00, 0x00, 0x00, 0x00, 0x00, 0x00, 0x00, 0x00, 0x00, 0x00, 0x00, 0x00, 0x00, 0x00, 0x00, 0x00, 0x00, 0x00, 0x00}, 9, {0x7F, 0x14, 0x3E, 0xEE, 0x3E, 0xEF, 0x3E, 0xF0}, 8 },  /* SETNEXTMSGRND3 */
            { {0x0C, 0x00, 0x03, 0x3E, 0xEE, 0x3E, 0xF0, 0x3E, 0xF7, 0x00, 0x00, 0x00, 0x00, 0x00, 0x00, 0x00, 0x00, 0x00, 0x00, 0x00, 0x00, 0x00, 0x00, 0x00, 0x00, 0x00, 0x00, 0x00, 0x00, 0x00, 0x00, 0x00, 0x00, 0x00, 0x00, 0x00, 0x00, 0x00, 0x00, 0x00, 0x00, 0x00, 0x00, 0x00, 0x00, 0x00, 0x00}, 9, {0x7F, 0x14, 0x3E, 0xEE, 0x3E, 0xF0, 0x3E, 0xF7}, 8 },  /* SETNEXTMSGRND3 */
            { {0x0C, 0x00, 0x03, 0x3E, 0xF3, 0x3E, 0xF4, 0x3E, 0xFA, 0x00, 0x00, 0x00, 0x00, 0x00, 0x00, 0x00, 0x00, 0x00, 0x00, 0x00, 0x00, 0x00, 0x00, 0x00, 0x00, 0x00, 0x00, 0x00, 0x00, 0x00, 0x00, 0x00, 0x00, 0x00, 0x00, 0x00, 0x00, 0x00, 0x00, 0x00, 0x00, 0x00, 0x00, 0x00, 0x00, 0x00, 0x00}, 9, {0x7F, 0x14, 0x3E, 0xF3, 0x3E, 0xF4, 0x3E, 0xFA}, 8 },  /* SETNEXTMSGRND3 */
            { {0x0C, 0x00, 0x03, 0x3F, 0x01, 0x3F, 0x02, 0x3F, 0x03, 0x00, 0x00, 0x00, 0x00, 0x00, 0x00, 0x00, 0x00, 0x00, 0x00, 0x00, 0x00, 0x00, 0x00, 0x00, 0x00, 0x00, 0x00, 0x00, 0x00, 0x00, 0x00, 0x00, 0x00, 0x00, 0x00, 0x00, 0x00, 0x00, 0x00, 0x00, 0x00, 0x00, 0x00, 0x00, 0x00, 0x00, 0x00}, 9, {0x7F, 0x14, 0x3F, 0x01, 0x3F, 0x02, 0x3F, 0x03}, 8 },  /* SETNEXTMSGRND3 */
            { {0x0C, 0x00, 0x03, 0x3F, 0x11, 0x3F, 0x11, 0x3F, 0x12, 0x00, 0x00, 0x00, 0x00, 0x00, 0x00, 0x00, 0x00, 0x00, 0x00, 0x00, 0x00, 0x00, 0x00, 0x00, 0x00, 0x00, 0x00, 0x00, 0x00, 0x00, 0x00, 0x00, 0x00, 0x00, 0x00, 0x00, 0x00, 0x00, 0x00, 0x00, 0x00, 0x00, 0x00, 0x00, 0x00, 0x00, 0x00}, 9, {0x7F, 0x14, 0x3F, 0x11, 0x3F, 0x11, 0x3F, 0x12}, 8 },  /* SETNEXTMSGRND3 */
            { {0x0C, 0x00, 0x03, 0x3F, 0x13, 0x3F, 0x15, 0x3F, 0x16, 0x00, 0x00, 0x00, 0x00, 0x00, 0x00, 0x00, 0x00, 0x00, 0x00, 0x00, 0x00, 0x00, 0x00, 0x00, 0x00, 0x00, 0x00, 0x00, 0x00, 0x00, 0x00, 0x00, 0x00, 0x00, 0x00, 0x00, 0x00, 0x00, 0x00, 0x00, 0x00, 0x00, 0x00, 0x00, 0x00, 0x00, 0x00}, 9, {0x7F, 0x14, 0x3F, 0x13, 0x3F, 0x15, 0x3F, 0x16}, 8 },  /* SETNEXTMSGRND3 */
            { {0x0C, 0x00, 0x03, 0x3F, 0x18, 0x3F, 0x18, 0x3F, 0x12, 0x00, 0x00, 0x00, 0x00, 0x00, 0x00, 0x00, 0x00, 0x00, 0x00, 0x00, 0x00, 0x00, 0x00, 0x00, 0x00, 0x00, 0x00, 0x00, 0x00, 0x00, 0x00, 0x00, 0x00, 0x00, 0x00, 0x00, 0x00, 0x00, 0x00, 0x00, 0x00, 0x00, 0x00, 0x00, 0x00, 0x00, 0x00}, 9, {0x7F, 0x14, 0x3F, 0x18, 0x3F, 0x18, 0x3F, 0x12}, 8 },  /* SETNEXTMSGRND3 */
            { {0x0C, 0x00, 0x03, 0x3F, 0x1C, 0x3F, 0x1D, 0x3F, 0x1E, 0x00, 0x00, 0x00, 0x00, 0x00, 0x00, 0x00, 0x00, 0x00, 0x00, 0x00, 0x00, 0x00, 0x00, 0x00, 0x00, 0x00, 0x00, 0x00, 0x00, 0x00, 0x00, 0x00, 0x00, 0x00, 0x00, 0x00, 0x00, 0x00, 0x00, 0x00, 0x00, 0x00, 0x00, 0x00, 0x00, 0x00, 0x00}, 9, {0x7F, 0x14, 0x3F, 0x1C, 0x3F, 0x1D, 0x3F, 0x1E}, 8 },  /* SETNEXTMSGRND3 */
            { {0x0C, 0x00, 0x03, 0x3F, 0x1F, 0x3F, 0x20, 0x3F, 0x21, 0x00, 0x00, 0x00, 0x00, 0x00, 0x00, 0x00, 0x00, 0x00, 0x00, 0x00, 0x00, 0x00, 0x00, 0x00, 0x00, 0x00, 0x00, 0x00, 0x00, 0x00, 0x00, 0x00, 0x00, 0x00, 0x00, 0x00, 0x00, 0x00, 0x00, 0x00, 0x00, 0x00, 0x00, 0x00, 0x00, 0x00, 0x00}, 9, {0x7F, 0x14, 0x3F, 0x1F, 0x3F, 0x20, 0x3F, 0x21}, 8 },  /* SETNEXTMSGRND3 */
            { {0x0C, 0x00, 0x03, 0x3F, 0x22, 0x3F, 0x23, 0x3F, 0x24, 0x00, 0x00, 0x00, 0x00, 0x00, 0x00, 0x00, 0x00, 0x00, 0x00, 0x00, 0x00, 0x00, 0x00, 0x00, 0x00, 0x00, 0x00, 0x00, 0x00, 0x00, 0x00, 0x00, 0x00, 0x00, 0x00, 0x00, 0x00, 0x00, 0x00, 0x00, 0x00, 0x00, 0x00, 0x00, 0x00, 0x00, 0x00}, 9, {0x7F, 0x14, 0x3F, 0x22, 0x3F, 0x23, 0x3F, 0x24}, 8 },  /* SETNEXTMSGRND3 */
            { {0x0C, 0x00, 0x03, 0x3F, 0x2F, 0x3F, 0x2F, 0x3F, 0x30, 0x00, 0x00, 0x00, 0x00, 0x00, 0x00, 0x00, 0x00, 0x00, 0x00, 0x00, 0x00, 0x00, 0x00, 0x00, 0x00, 0x00, 0x00, 0x00, 0x00, 0x00, 0x00, 0x00, 0x00, 0x00, 0x00, 0x00, 0x00, 0x00, 0x00, 0x00, 0x00, 0x00, 0x00, 0x00, 0x00, 0x00, 0x00}, 9, {0x7F, 0x14, 0x3F, 0x2F, 0x3F, 0x2F, 0x3F, 0x30}, 8 },  /* SETNEXTMSGRND3 */
            { {0x0C, 0x00, 0x03, 0x3F, 0x30, 0x3F, 0x30, 0x3F, 0x36, 0x00, 0x00, 0x00, 0x00, 0x00, 0x00, 0x00, 0x00, 0x00, 0x00, 0x00, 0x00, 0x00, 0x00, 0x00, 0x00, 0x00, 0x00, 0x00, 0x00, 0x00, 0x00, 0x00, 0x00, 0x00, 0x00, 0x00, 0x00, 0x00, 0x00, 0x00, 0x00, 0x00, 0x00, 0x00, 0x00, 0x00, 0x00}, 9, {0x7F, 0x14, 0x3F, 0x30, 0x3F, 0x30, 0x3F, 0x36}, 8 },  /* SETNEXTMSGRND3 */
            { {0x13, 0x00, 0x14, 0x69, 0x73, 0xFE, 0x69, 0x65, 0x73, 0x00, 0x00, 0x00, 0x00, 0x00, 0x00, 0x00, 0x00, 0x00, 0x00, 0x00, 0x00, 0x00, 0x00, 0x00, 0x00, 0x00, 0x00, 0x00, 0x00, 0x00, 0x00, 0x00, 0x00, 0x00, 0x00, 0x00, 0x00, 0x00, 0x00, 0x00, 0x00, 0x00, 0x00, 0x00, 0x00, 0x00, 0x00}, 9, {0x7F, 0x03, 0x0C}, 3 },  /* PAUSE */
            { {0x13, 0x00, 0x14, 0x75, 0x6E, 0xFE, 0x75, 0x6E, 0x61, 0x00, 0x00, 0x00, 0x00, 0x00, 0x00, 0x00, 0x00, 0x00, 0x00, 0x00, 0x00, 0x00, 0x00, 0x00, 0x00, 0x00, 0x00, 0x00, 0x00, 0x00, 0x00, 0x00, 0x00, 0x00, 0x00, 0x00, 0x00, 0x00, 0x00, 0x00, 0x00, 0x00, 0x00, 0x00, 0x00, 0x00, 0x00}, 9, {0x7F, 0x03, 0x06}, 3 },  /* PAUSE */
            { {0x13, 0x00, 0x14, 0x76, 0x75, 0xFE, 0x76, 0x75, 0x65, 0x00, 0x00, 0x00, 0x00, 0x00, 0x00, 0x00, 0x00, 0x00, 0x00, 0x00, 0x00, 0x00, 0x00, 0x00, 0x00, 0x00, 0x00, 0x00, 0x00, 0x00, 0x00, 0x00, 0x00, 0x00, 0x00, 0x00, 0x00, 0x00, 0x00, 0x00, 0x00, 0x00, 0x00, 0x00, 0x00, 0x00, 0x00}, 9, {0x7F, 0x03, 0x04}, 3 },  /* PAUSE */
            { {0x13, 0x00, 0x14, 0x82, 0x6E, 0xFE, 0x69, 0x6E, 0x61, 0x00, 0x00, 0x00, 0x00, 0x00, 0x00, 0x00, 0x00, 0x00, 0x00, 0x00, 0x00, 0x00, 0x00, 0x00, 0x00, 0x00, 0x00, 0x00, 0x00, 0x00, 0x00, 0x00, 0x00, 0x00, 0x00, 0x00, 0x00, 0x00, 0x00, 0x00, 0x00, 0x00, 0x00, 0x00, 0x00, 0x00, 0x00}, 9, {0x7F, 0x1C}, 2 },  /* STR_TAIL */
            { {0x13, 0x00, 0x20, 0x6F, 0x6E, 0xFE, 0x61, 0xFE, 0x78, 0x00, 0x00, 0x00, 0x00, 0x00, 0x00, 0x00, 0x00, 0x00, 0x00, 0x00, 0x00, 0x00, 0x00, 0x00, 0x00, 0x00, 0x00, 0x00, 0x00, 0x00, 0x00, 0x00, 0x00, 0x00, 0x00, 0x00, 0x00, 0x00, 0x00, 0x00, 0x00, 0x00, 0x00, 0x00, 0x00, 0x00, 0x00}, 9, {0x7F, 0x03, 0x0F}, 3 },  /* PAUSE */
            { {0x13, 0x00, 0x20, 0x7C, 0xFE, 0x7C, 0x65, 0xFE, 0x78, 0x00, 0x00, 0x00, 0x00, 0x00, 0x00, 0x00, 0x00, 0x00, 0x00, 0x00, 0x00, 0x00, 0x00, 0x00, 0x00, 0x00, 0x00, 0x00, 0x00, 0x00, 0x00, 0x00, 0x00, 0x00, 0x00, 0x00, 0x00, 0x00, 0x00, 0x00, 0x00, 0x00, 0x00, 0x00, 0x00, 0x00, 0x00}, 9, {0x7F, 0x03, 0x06}, 3 },  /* PAUSE */
            { {0x13, 0x00, 0x32, 0x7C, 0xFE, 0x7C, 0x65, 0xFE, 0x78, 0x00, 0x00, 0x00, 0x00, 0x00, 0x00, 0x00, 0x00, 0x00, 0x00, 0x00, 0x00, 0x00, 0x00, 0x00, 0x00, 0x00, 0x00, 0x00, 0x00, 0x00, 0x00, 0x00, 0x00, 0x00, 0x00, 0x00, 0x00, 0x00, 0x00, 0x00, 0x00, 0x00, 0x00, 0x00, 0x00, 0x00, 0x00}, 9, {0x7F, 0x05, 0x3C, 0x32, 0x28}, 5 },  /* TEXTCOLOR */
            { {0x13, 0x00, 0x14, 0x65, 0x6C, 0xFE, 0x6C, 0x61, 0x00, 0x00, 0x00, 0x00, 0x00, 0x00, 0x00, 0x00, 0x00, 0x00, 0x00, 0x00, 0x00, 0x00, 0x00, 0x00, 0x00, 0x00, 0x00, 0x00, 0x00, 0x00, 0x00, 0x00, 0x00, 0x00, 0x00, 0x00, 0x00, 0x00, 0x00, 0x00, 0x00, 0x00, 0x00, 0x00, 0x00, 0x00, 0x00}, 8, {0x7F, 0x03, 0x08}, 3 },  /* PAUSE */
            { {0x13, 0x00, 0x14, 0x6F, 0x73, 0xFE, 0x61, 0x73, 0x00, 0x00, 0x00, 0x00, 0x00, 0x00, 0x00, 0x00, 0x00, 0x00, 0x00, 0x00, 0x00, 0x00, 0x00, 0x00, 0x00, 0x00, 0x00, 0x00, 0x00, 0x00, 0x00, 0x00, 0x00, 0x00, 0x00, 0x00, 0x00, 0x00, 0x00, 0x00, 0x00, 0x00, 0x00, 0x00, 0x00, 0x00, 0x00}, 8, {0x7F, 0x04}, 2 },  /* BTN */
            { {0x13, 0x00, 0x20, 0x6F, 0xFE, 0x61, 0xFE, 0x78, 0x00, 0x00, 0x00, 0x00, 0x00, 0x00, 0x00, 0x00, 0x00, 0x00, 0x00, 0x00, 0x00, 0x00, 0x00, 0x00, 0x00, 0x00, 0x00, 0x00, 0x00, 0x00, 0x00, 0x00, 0x00, 0x00, 0x00, 0x00, 0x00, 0x00, 0x00, 0x00, 0x00, 0x00, 0x00, 0x00, 0x00, 0x00, 0x00}, 8, {0x7F, 0x03, 0x06}, 3 },  /* PAUSE */
            { {0x13, 0x00, 0x32, 0x65, 0xFE, 0x61, 0xFE, 0x78, 0x00, 0x00, 0x00, 0x00, 0x00, 0x00, 0x00, 0x00, 0x00, 0x00, 0x00, 0x00, 0x00, 0x00, 0x00, 0x00, 0x00, 0x00, 0x00, 0x00, 0x00, 0x00, 0x00, 0x00, 0x00, 0x00, 0x00, 0x00, 0x00, 0x00, 0x00, 0x00, 0x00, 0x00, 0x00, 0x00, 0x00, 0x00, 0x00}, 8, {0x7F, 0x03, 0x06}, 3 },  /* PAUSE */
            { {0x13, 0x00, 0x32, 0x6F, 0xFE, 0x61, 0xFE, 0x78, 0x00, 0x00, 0x00, 0x00, 0x00, 0x00, 0x00, 0x00, 0x00, 0x00, 0x00, 0x00, 0x00, 0x00, 0x00, 0x00, 0x00, 0x00, 0x00, 0x00, 0x00, 0x00, 0x00, 0x00, 0x00, 0x00, 0x00, 0x00, 0x00, 0x00, 0x00, 0x00, 0x00, 0x00, 0x00, 0x00, 0x00, 0x00, 0x00}, 8, {0x7F, 0x03, 0x06}, 3 },  /* PAUSE */
            { {0x13, 0x00, 0x33, 0x65, 0xFE, 0x61, 0xFE, 0x78, 0x00, 0x00, 0x00, 0x00, 0x00, 0x00, 0x00, 0x00, 0x00, 0x00, 0x00, 0x00, 0x00, 0x00, 0x00, 0x00, 0x00, 0x00, 0x00, 0x00, 0x00, 0x00, 0x00, 0x00, 0x00, 0x00, 0x00, 0x00, 0x00, 0x00, 0x00, 0x00, 0x00, 0x00, 0x00, 0x00, 0x00, 0x00, 0x00}, 8, {0x7F, 0x03, 0x04}, 3 },  /* PAUSE */
            { {0x13, 0x00, 0x33, 0x6F, 0xFE, 0x61, 0xFE, 0x78, 0x00, 0x00, 0x00, 0x00, 0x00, 0x00, 0x00, 0x00, 0x00, 0x00, 0x00, 0x00, 0x00, 0x00, 0x00, 0x00, 0x00, 0x00, 0x00, 0x00, 0x00, 0x00, 0x00, 0x00, 0x00, 0x00, 0x00, 0x00, 0x00, 0x00, 0x00, 0x00, 0x00, 0x00, 0x00, 0x00, 0x00, 0x00, 0x00}, 8, {0x7F, 0x03, 0x0A}, 3 },  /* PAUSE */
            { {0x13, 0x00, 0x34, 0x6F, 0xFE, 0x61, 0xFE, 0x78, 0x00, 0x00, 0x00, 0x00, 0x00, 0x00, 0x00, 0x00, 0x00, 0x00, 0x00, 0x00, 0x00, 0x00, 0x00, 0x00, 0x00, 0x00, 0x00, 0x00, 0x00, 0x00, 0x00, 0x00, 0x00, 0x00, 0x00, 0x00, 0x00, 0x00, 0x00, 0x00, 0x00, 0x00, 0x00, 0x00, 0x00, 0x00, 0x00}, 8, {0x7F, 0x03, 0x08}, 3 },  /* PAUSE */
            { {0x02, 0x00, 0x00, 0x00, 0x44, 0x00, 0x4E, 0x00, 0x00, 0x00, 0x00, 0x00, 0x00, 0x00, 0x00, 0x00, 0x00, 0x00, 0x00, 0x00, 0x00, 0x00, 0x00, 0x00, 0x00, 0x00, 0x00, 0x00, 0x00, 0x00, 0x00, 0x00, 0x00, 0x00, 0x00, 0x00, 0x00, 0x00, 0x00, 0x00, 0x00, 0x00, 0x00, 0x00, 0x00, 0x00, 0x00}, 7, {0x7F, 0x04}, 2 },  /* BTN */
            { {0x02, 0x00, 0x00, 0x02, 0x11, 0x02, 0x12, 0x00, 0x00, 0x00, 0x00, 0x00, 0x00, 0x00, 0x00, 0x00, 0x00, 0x00, 0x00, 0x00, 0x00, 0x00, 0x00, 0x00, 0x00, 0x00, 0x00, 0x00, 0x00, 0x00, 0x00, 0x00, 0x00, 0x00, 0x00, 0x00, 0x00, 0x00, 0x00, 0x00, 0x00, 0x00, 0x00, 0x00, 0x00, 0x00, 0x00}, 7, {0x7F, 0x04}, 2 },  /* BTN */
            { {0x0C, 0x00, 0x01, 0x3A, 0x2A, 0x3A, 0x2D, 0x00, 0x00, 0x00, 0x00, 0x00, 0x00, 0x00, 0x00, 0x00, 0x00, 0x00, 0x00, 0x00, 0x00, 0x00, 0x00, 0x00, 0x00, 0x00, 0x00, 0x00, 0x00, 0x00, 0x00, 0x00, 0x00, 0x00, 0x00, 0x00, 0x00, 0x00, 0x00, 0x00, 0x00, 0x00, 0x00, 0x00, 0x00, 0x00, 0x00}, 7, {0x7F, 0x63, 0x3A, 0x2A, 0x3A, 0x2D}, 6 },  /* SETNEXTMSGRNDSECTION */
            { {0x0C, 0x00, 0x01, 0x3A, 0x2E, 0x3A, 0x31, 0x00, 0x00, 0x00, 0x00, 0x00, 0x00, 0x00, 0x00, 0x00, 0x00, 0x00, 0x00, 0x00, 0x00, 0x00, 0x00, 0x00, 0x00, 0x00, 0x00, 0x00, 0x00, 0x00, 0x00, 0x00, 0x00, 0x00, 0x00, 0x00, 0x00, 0x00, 0x00, 0x00, 0x00, 0x00, 0x00, 0x00, 0x00, 0x00, 0x00}, 7, {0x7F, 0x63, 0x3A, 0x2E, 0x3A, 0x31}, 6 },  /* SETNEXTMSGRNDSECTION */
            { {0x0C, 0x00, 0x01, 0x3A, 0x8B, 0x3A, 0xBB, 0x00, 0x00, 0x00, 0x00, 0x00, 0x00, 0x00, 0x00, 0x00, 0x00, 0x00, 0x00, 0x00, 0x00, 0x00, 0x00, 0x00, 0x00, 0x00, 0x00, 0x00, 0x00, 0x00, 0x00, 0x00, 0x00, 0x00, 0x00, 0x00, 0x00, 0x00, 0x00, 0x00, 0x00, 0x00, 0x00, 0x00, 0x00, 0x00, 0x00}, 7, {0x7F, 0x63, 0x3A, 0x8B, 0x3A, 0xBB}, 6 },  /* SETNEXTMSGRNDSECTION */
            { {0x0C, 0x00, 0x01, 0x3A, 0xF2, 0x3A, 0xFA, 0x00, 0x00, 0x00, 0x00, 0x00, 0x00, 0x00, 0x00, 0x00, 0x00, 0x00, 0x00, 0x00, 0x00, 0x00, 0x00, 0x00, 0x00, 0x00, 0x00, 0x00, 0x00, 0x00, 0x00, 0x00, 0x00, 0x00, 0x00, 0x00, 0x00, 0x00, 0x00, 0x00, 0x00, 0x00, 0x00, 0x00, 0x00, 0x00, 0x00}, 7, {0x7F, 0x63, 0x3A, 0xF2, 0x3A, 0xFA}, 6 },  /* SETNEXTMSGRNDSECTION */
            { {0x0C, 0x00, 0x02, 0x0A, 0xCE, 0x0A, 0xD1, 0x00, 0x00, 0x00, 0x00, 0x00, 0x00, 0x00, 0x00, 0x00, 0x00, 0x00, 0x00, 0x00, 0x00, 0x00, 0x00, 0x00, 0x00, 0x00, 0x00, 0x00, 0x00, 0x00, 0x00, 0x00, 0x00, 0x00, 0x00, 0x00, 0x00, 0x00, 0x00, 0x00, 0x00, 0x00, 0x00, 0x00, 0x00, 0x00, 0x00}, 7, {0x7F, 0x13, 0x0A, 0xCE, 0x0A, 0xD1}, 6 },  /* SETNEXTMSGRND2 */
            { {0x0C, 0x00, 0x02, 0x0A, 0xEF, 0x0A, 0xF0, 0x00, 0x00, 0x00, 0x00, 0x00, 0x00, 0x00, 0x00, 0x00, 0x00, 0x00, 0x00, 0x00, 0x00, 0x00, 0x00, 0x00, 0x00, 0x00, 0x00, 0x00, 0x00, 0x00, 0x00, 0x00, 0x00, 0x00, 0x00, 0x00, 0x00, 0x00, 0x00, 0x00, 0x00, 0x00, 0x00, 0x00, 0x00, 0x00, 0x00}, 7, {0x7F, 0x13, 0x0A, 0xEF, 0x0A, 0xF0}, 6 },  /* SETNEXTMSGRND2 */
            { {0x0C, 0x00, 0x02, 0x0A, 0xF1, 0x0A, 0xF2, 0x00, 0x00, 0x00, 0x00, 0x00, 0x00, 0x00, 0x00, 0x00, 0x00, 0x00, 0x00, 0x00, 0x00, 0x00, 0x00, 0x00, 0x00, 0x00, 0x00, 0x00, 0x00, 0x00, 0x00, 0x00, 0x00, 0x00, 0x00, 0x00, 0x00, 0x00, 0x00, 0x00, 0x00, 0x00, 0x00, 0x00, 0x00, 0x00, 0x00}, 7, {0x7F, 0x13, 0x0A, 0xF1, 0x0A, 0xF2}, 6 },  /* SETNEXTMSGRND2 */
            { {0x0C, 0x00, 0x02, 0x0A, 0xF5, 0x0A, 0xF6, 0x00, 0x00, 0x00, 0x00, 0x00, 0x00, 0x00, 0x00, 0x00, 0x00, 0x00, 0x00, 0x00, 0x00, 0x00, 0x00, 0x00, 0x00, 0x00, 0x00, 0x00, 0x00, 0x00, 0x00, 0x00, 0x00, 0x00, 0x00, 0x00, 0x00, 0x00, 0x00, 0x00, 0x00, 0x00, 0x00, 0x00, 0x00, 0x00, 0x00}, 7, {0x7F, 0x13, 0x0A, 0xF5, 0x0A, 0xF6}, 6 },  /* SETNEXTMSGRND2 */
            { {0x0C, 0x00, 0x02, 0x0A, 0xF7, 0x0A, 0xF8, 0x00, 0x00, 0x00, 0x00, 0x00, 0x00, 0x00, 0x00, 0x00, 0x00, 0x00, 0x00, 0x00, 0x00, 0x00, 0x00, 0x00, 0x00, 0x00, 0x00, 0x00, 0x00, 0x00, 0x00, 0x00, 0x00, 0x00, 0x00, 0x00, 0x00, 0x00, 0x00, 0x00, 0x00, 0x00, 0x00, 0x00, 0x00, 0x00, 0x00}, 7, {0x7F, 0x13, 0x0A, 0xF7, 0x0A, 0xF8}, 6 },  /* SETNEXTMSGRND2 */
            { {0x0C, 0x00, 0x02, 0x0B, 0x66, 0x0B, 0x6B, 0x00, 0x00, 0x00, 0x00, 0x00, 0x00, 0x00, 0x00, 0x00, 0x00, 0x00, 0x00, 0x00, 0x00, 0x00, 0x00, 0x00, 0x00, 0x00, 0x00, 0x00, 0x00, 0x00, 0x00, 0x00, 0x00, 0x00, 0x00, 0x00, 0x00, 0x00, 0x00, 0x00, 0x00, 0x00, 0x00, 0x00, 0x00, 0x00, 0x00}, 7, {0x7F, 0x13, 0x0B, 0x66, 0x0B, 0x6B}, 6 },  /* SETNEXTMSGRND2 */
            { {0x0C, 0x00, 0x02, 0x0B, 0x82, 0x0B, 0x83, 0x00, 0x00, 0x00, 0x00, 0x00, 0x00, 0x00, 0x00, 0x00, 0x00, 0x00, 0x00, 0x00, 0x00, 0x00, 0x00, 0x00, 0x00, 0x00, 0x00, 0x00, 0x00, 0x00, 0x00, 0x00, 0x00, 0x00, 0x00, 0x00, 0x00, 0x00, 0x00, 0x00, 0x00, 0x00, 0x00, 0x00, 0x00, 0x00, 0x00}, 7, {0x7F, 0x13, 0x0B, 0x82, 0x0B, 0x83}, 6 },  /* SETNEXTMSGRND2 */
            { {0x0C, 0x00, 0x02, 0x0B, 0xC1, 0x0B, 0xC2, 0x00, 0x00, 0x00, 0x00, 0x00, 0x00, 0x00, 0x00, 0x00, 0x00, 0x00, 0x00, 0x00, 0x00, 0x00, 0x00, 0x00, 0x00, 0x00, 0x00, 0x00, 0x00, 0x00, 0x00, 0x00, 0x00, 0x00, 0x00, 0x00, 0x00, 0x00, 0x00, 0x00, 0x00, 0x00, 0x00, 0x00, 0x00, 0x00, 0x00}, 7, {0x7F, 0x13, 0x0B, 0xC1, 0x0B, 0xC2}, 6 },  /* SETNEXTMSGRND2 */
            { {0x0C, 0x00, 0x02, 0x0E, 0xFC, 0x0E, 0xFD, 0x00, 0x00, 0x00, 0x00, 0x00, 0x00, 0x00, 0x00, 0x00, 0x00, 0x00, 0x00, 0x00, 0x00, 0x00, 0x00, 0x00, 0x00, 0x00, 0x00, 0x00, 0x00, 0x00, 0x00, 0x00, 0x00, 0x00, 0x00, 0x00, 0x00, 0x00, 0x00, 0x00, 0x00, 0x00, 0x00, 0x00, 0x00, 0x00, 0x00}, 7, {0x7F, 0x13, 0x0E, 0xFC, 0x0E, 0xFD}, 6 },  /* SETNEXTMSGRND2 */
            { {0x0C, 0x00, 0x02, 0x0E, 0xFE, 0x0E, 0xFF, 0x00, 0x00, 0x00, 0x00, 0x00, 0x00, 0x00, 0x00, 0x00, 0x00, 0x00, 0x00, 0x00, 0x00, 0x00, 0x00, 0x00, 0x00, 0x00, 0x00, 0x00, 0x00, 0x00, 0x00, 0x00, 0x00, 0x00, 0x00, 0x00, 0x00, 0x00, 0x00, 0x00, 0x00, 0x00, 0x00, 0x00, 0x00, 0x00, 0x00}, 7, {0x7F, 0x13, 0x0E, 0xFE, 0x0E, 0xFF}, 6 },  /* SETNEXTMSGRND2 */
            { {0x0C, 0x00, 0x02, 0x0F, 0x23, 0x0F, 0x24, 0x00, 0x00, 0x00, 0x00, 0x00, 0x00, 0x00, 0x00, 0x00, 0x00, 0x00, 0x00, 0x00, 0x00, 0x00, 0x00, 0x00, 0x00, 0x00, 0x00, 0x00, 0x00, 0x00, 0x00, 0x00, 0x00, 0x00, 0x00, 0x00, 0x00, 0x00, 0x00, 0x00, 0x00, 0x00, 0x00, 0x00, 0x00, 0x00, 0x00}, 7, {0x7F, 0x13, 0x0F, 0x23, 0x0F, 0x24}, 6 },  /* SETNEXTMSGRND2 */
            { {0x0C, 0x00, 0x02, 0x0F, 0x27, 0x0F, 0x28, 0x00, 0x00, 0x00, 0x00, 0x00, 0x00, 0x00, 0x00, 0x00, 0x00, 0x00, 0x00, 0x00, 0x00, 0x00, 0x00, 0x00, 0x00, 0x00, 0x00, 0x00, 0x00, 0x00, 0x00, 0x00, 0x00, 0x00, 0x00, 0x00, 0x00, 0x00, 0x00, 0x00, 0x00, 0x00, 0x00, 0x00, 0x00, 0x00, 0x00}, 7, {0x7F, 0x13, 0x0F, 0x27, 0x0F, 0x28}, 6 },  /* SETNEXTMSGRND2 */
            { {0x0C, 0x00, 0x02, 0x0F, 0x29, 0x0F, 0x2A, 0x00, 0x00, 0x00, 0x00, 0x00, 0x00, 0x00, 0x00, 0x00, 0x00, 0x00, 0x00, 0x00, 0x00, 0x00, 0x00, 0x00, 0x00, 0x00, 0x00, 0x00, 0x00, 0x00, 0x00, 0x00, 0x00, 0x00, 0x00, 0x00, 0x00, 0x00, 0x00, 0x00, 0x00, 0x00, 0x00, 0x00, 0x00, 0x00, 0x00}, 7, {0x7F, 0x13, 0x0F, 0x29, 0x0F, 0x2A}, 6 },  /* SETNEXTMSGRND2 */
            { {0x0C, 0x00, 0x02, 0x0F, 0x57, 0x0F, 0x58, 0x00, 0x00, 0x00, 0x00, 0x00, 0x00, 0x00, 0x00, 0x00, 0x00, 0x00, 0x00, 0x00, 0x00, 0x00, 0x00, 0x00, 0x00, 0x00, 0x00, 0x00, 0x00, 0x00, 0x00, 0x00, 0x00, 0x00, 0x00, 0x00, 0x00, 0x00, 0x00, 0x00, 0x00, 0x00, 0x00, 0x00, 0x00, 0x00, 0x00}, 7, {0x7F, 0x13, 0x0F, 0x57, 0x0F, 0x58}, 6 },  /* SETNEXTMSGRND2 */
            { {0x0C, 0x00, 0x02, 0x0F, 0x5A, 0x0F, 0x5B, 0x00, 0x00, 0x00, 0x00, 0x00, 0x00, 0x00, 0x00, 0x00, 0x00, 0x00, 0x00, 0x00, 0x00, 0x00, 0x00, 0x00, 0x00, 0x00, 0x00, 0x00, 0x00, 0x00, 0x00, 0x00, 0x00, 0x00, 0x00, 0x00, 0x00, 0x00, 0x00, 0x00, 0x00, 0x00, 0x00, 0x00, 0x00, 0x00, 0x00}, 7, {0x7F, 0x13, 0x0F, 0x5A, 0x0F, 0x5B}, 6 },  /* SETNEXTMSGRND2 */
            { {0x0C, 0x00, 0x02, 0x0F, 0x5D, 0x0F, 0x5E, 0x00, 0x00, 0x00, 0x00, 0x00, 0x00, 0x00, 0x00, 0x00, 0x00, 0x00, 0x00, 0x00, 0x00, 0x00, 0x00, 0x00, 0x00, 0x00, 0x00, 0x00, 0x00, 0x00, 0x00, 0x00, 0x00, 0x00, 0x00, 0x00, 0x00, 0x00, 0x00, 0x00, 0x00, 0x00, 0x00, 0x00, 0x00, 0x00, 0x00}, 7, {0x7F, 0x13, 0x0F, 0x5D, 0x0F, 0x5E}, 6 },  /* SETNEXTMSGRND2 */
            { {0x0C, 0x00, 0x02, 0x0F, 0x7C, 0x0F, 0x7D, 0x00, 0x00, 0x00, 0x00, 0x00, 0x00, 0x00, 0x00, 0x00, 0x00, 0x00, 0x00, 0x00, 0x00, 0x00, 0x00, 0x00, 0x00, 0x00, 0x00, 0x00, 0x00, 0x00, 0x00, 0x00, 0x00, 0x00, 0x00, 0x00, 0x00, 0x00, 0x00, 0x00, 0x00, 0x00, 0x00, 0x00, 0x00, 0x00, 0x00}, 7, {0x7F, 0x13, 0x0F, 0x7C, 0x0F, 0x7D}, 6 },  /* SETNEXTMSGRND2 */
            { {0x0C, 0x00, 0x02, 0x0F, 0x81, 0x0F, 0x82, 0x00, 0x00, 0x00, 0x00, 0x00, 0x00, 0x00, 0x00, 0x00, 0x00, 0x00, 0x00, 0x00, 0x00, 0x00, 0x00, 0x00, 0x00, 0x00, 0x00, 0x00, 0x00, 0x00, 0x00, 0x00, 0x00, 0x00, 0x00, 0x00, 0x00, 0x00, 0x00, 0x00, 0x00, 0x00, 0x00, 0x00, 0x00, 0x00, 0x00}, 7, {0x7F, 0x13, 0x0F, 0x81, 0x0F, 0x82}, 6 },  /* SETNEXTMSGRND2 */
            { {0x0C, 0x00, 0x02, 0x0F, 0x9B, 0x0F, 0x9C, 0x00, 0x00, 0x00, 0x00, 0x00, 0x00, 0x00, 0x00, 0x00, 0x00, 0x00, 0x00, 0x00, 0x00, 0x00, 0x00, 0x00, 0x00, 0x00, 0x00, 0x00, 0x00, 0x00, 0x00, 0x00, 0x00, 0x00, 0x00, 0x00, 0x00, 0x00, 0x00, 0x00, 0x00, 0x00, 0x00, 0x00, 0x00, 0x00, 0x00}, 7, {0x7F, 0x13, 0x0F, 0x9B, 0x0F, 0x9C}, 6 },  /* SETNEXTMSGRND2 */
            { {0x0C, 0x00, 0x02, 0x0F, 0x9C, 0x0F, 0x9E, 0x00, 0x00, 0x00, 0x00, 0x00, 0x00, 0x00, 0x00, 0x00, 0x00, 0x00, 0x00, 0x00, 0x00, 0x00, 0x00, 0x00, 0x00, 0x00, 0x00, 0x00, 0x00, 0x00, 0x00, 0x00, 0x00, 0x00, 0x00, 0x00, 0x00, 0x00, 0x00, 0x00, 0x00, 0x00, 0x00, 0x00, 0x00, 0x00, 0x00}, 7, {0x7F, 0x13, 0x0F, 0x9C, 0x0F, 0x9E}, 6 },  /* SETNEXTMSGRND2 */
            { {0x0C, 0x00, 0x02, 0x15, 0x14, 0x15, 0x12, 0x00, 0x00, 0x00, 0x00, 0x00, 0x00, 0x00, 0x00, 0x00, 0x00, 0x00, 0x00, 0x00, 0x00, 0x00, 0x00, 0x00, 0x00, 0x00, 0x00, 0x00, 0x00, 0x00, 0x00, 0x00, 0x00, 0x00, 0x00, 0x00, 0x00, 0x00, 0x00, 0x00, 0x00, 0x00, 0x00, 0x00, 0x00, 0x00, 0x00}, 7, {0x7F, 0x13, 0x15, 0x14, 0x15, 0x12}, 6 },  /* SETNEXTMSGRND2 */
            { {0x0C, 0x00, 0x02, 0x17, 0x09, 0x17, 0x0A, 0x00, 0x00, 0x00, 0x00, 0x00, 0x00, 0x00, 0x00, 0x00, 0x00, 0x00, 0x00, 0x00, 0x00, 0x00, 0x00, 0x00, 0x00, 0x00, 0x00, 0x00, 0x00, 0x00, 0x00, 0x00, 0x00, 0x00, 0x00, 0x00, 0x00, 0x00, 0x00, 0x00, 0x00, 0x00, 0x00, 0x00, 0x00, 0x00, 0x00}, 7, {0x7F, 0x13, 0x17, 0x09, 0x17, 0x0A}, 6 },  /* SETNEXTMSGRND2 */
            { {0x0C, 0x00, 0x02, 0x17, 0x0B, 0x17, 0x0C, 0x00, 0x00, 0x00, 0x00, 0x00, 0x00, 0x00, 0x00, 0x00, 0x00, 0x00, 0x00, 0x00, 0x00, 0x00, 0x00, 0x00, 0x00, 0x00, 0x00, 0x00, 0x00, 0x00, 0x00, 0x00, 0x00, 0x00, 0x00, 0x00, 0x00, 0x00, 0x00, 0x00, 0x00, 0x00, 0x00, 0x00, 0x00, 0x00, 0x00}, 7, {0x7F, 0x13, 0x17, 0x0B, 0x17, 0x0C}, 6 },  /* SETNEXTMSGRND2 */
            { {0x0C, 0x00, 0x02, 0x17, 0x7F, 0x17, 0x80, 0x00, 0x00, 0x00, 0x00, 0x00, 0x00, 0x00, 0x00, 0x00, 0x00, 0x00, 0x00, 0x00, 0x00, 0x00, 0x00, 0x00, 0x00, 0x00, 0x00, 0x00, 0x00, 0x00, 0x00, 0x00, 0x00, 0x00, 0x00, 0x00, 0x00, 0x00, 0x00, 0x00, 0x00, 0x00, 0x00, 0x00, 0x00, 0x00, 0x00}, 7, {0x7F, 0x13, 0x17, 0x7F, 0x17, 0x80}, 6 },  /* SETNEXTMSGRND2 */
            { {0x0C, 0x00, 0x02, 0x17, 0x82, 0x17, 0x83, 0x00, 0x00, 0x00, 0x00, 0x00, 0x00, 0x00, 0x00, 0x00, 0x00, 0x00, 0x00, 0x00, 0x00, 0x00, 0x00, 0x00, 0x00, 0x00, 0x00, 0x00, 0x00, 0x00, 0x00, 0x00, 0x00, 0x00, 0x00, 0x00, 0x00, 0x00, 0x00, 0x00, 0x00, 0x00, 0x00, 0x00, 0x00, 0x00, 0x00}, 7, {0x7F, 0x13, 0x17, 0x82, 0x17, 0x83}, 6 },  /* SETNEXTMSGRND2 */
            { {0x0C, 0x00, 0x02, 0x17, 0x86, 0x17, 0x80, 0x00, 0x00, 0x00, 0x00, 0x00, 0x00, 0x00, 0x00, 0x00, 0x00, 0x00, 0x00, 0x00, 0x00, 0x00, 0x00, 0x00, 0x00, 0x00, 0x00, 0x00, 0x00, 0x00, 0x00, 0x00, 0x00, 0x00, 0x00, 0x00, 0x00, 0x00, 0x00, 0x00, 0x00, 0x00, 0x00, 0x00, 0x00, 0x00, 0x00}, 7, {0x7F, 0x13, 0x17, 0x86, 0x17, 0x80}, 6 },  /* SETNEXTMSGRND2 */
            { {0x0C, 0x00, 0x02, 0x17, 0x8C, 0x17, 0x8D, 0x00, 0x00, 0x00, 0x00, 0x00, 0x00, 0x00, 0x00, 0x00, 0x00, 0x00, 0x00, 0x00, 0x00, 0x00, 0x00, 0x00, 0x00, 0x00, 0x00, 0x00, 0x00, 0x00, 0x00, 0x00, 0x00, 0x00, 0x00, 0x00, 0x00, 0x00, 0x00, 0x00, 0x00, 0x00, 0x00, 0x00, 0x00, 0x00, 0x00}, 7, {0x7F, 0x13, 0x17, 0x8C, 0x17, 0x8D}, 6 },  /* SETNEXTMSGRND2 */
            { {0x0C, 0x00, 0x02, 0x17, 0x8F, 0x17, 0x8D, 0x00, 0x00, 0x00, 0x00, 0x00, 0x00, 0x00, 0x00, 0x00, 0x00, 0x00, 0x00, 0x00, 0x00, 0x00, 0x00, 0x00, 0x00, 0x00, 0x00, 0x00, 0x00, 0x00, 0x00, 0x00, 0x00, 0x00, 0x00, 0x00, 0x00, 0x00, 0x00, 0x00, 0x00, 0x00, 0x00, 0x00, 0x00, 0x00, 0x00}, 7, {0x7F, 0x13, 0x17, 0x8F, 0x17, 0x8D}, 6 },  /* SETNEXTMSGRND2 */
            { {0x0C, 0x00, 0x02, 0x18, 0x57, 0x18, 0x58, 0x00, 0x00, 0x00, 0x00, 0x00, 0x00, 0x00, 0x00, 0x00, 0x00, 0x00, 0x00, 0x00, 0x00, 0x00, 0x00, 0x00, 0x00, 0x00, 0x00, 0x00, 0x00, 0x00, 0x00, 0x00, 0x00, 0x00, 0x00, 0x00, 0x00, 0x00, 0x00, 0x00, 0x00, 0x00, 0x00, 0x00, 0x00, 0x00, 0x00}, 7, {0x7F, 0x13, 0x18, 0x57, 0x18, 0x58}, 6 },  /* SETNEXTMSGRND2 */
            { {0x0C, 0x00, 0x02, 0x18, 0xDE, 0x2C, 0xCD, 0x00, 0x00, 0x00, 0x00, 0x00, 0x00, 0x00, 0x00, 0x00, 0x00, 0x00, 0x00, 0x00, 0x00, 0x00, 0x00, 0x00, 0x00, 0x00, 0x00, 0x00, 0x00, 0x00, 0x00, 0x00, 0x00, 0x00, 0x00, 0x00, 0x00, 0x00, 0x00, 0x00, 0x00, 0x00, 0x00, 0x00, 0x00, 0x00, 0x00}, 7, {0x7F, 0x13, 0x18, 0xDE, 0x2C, 0xCD}, 6 },  /* SETNEXTMSGRND2 */
            { {0x0C, 0x00, 0x02, 0x18, 0xDE, 0x2C, 0xCE, 0x00, 0x00, 0x00, 0x00, 0x00, 0x00, 0x00, 0x00, 0x00, 0x00, 0x00, 0x00, 0x00, 0x00, 0x00, 0x00, 0x00, 0x00, 0x00, 0x00, 0x00, 0x00, 0x00, 0x00, 0x00, 0x00, 0x00, 0x00, 0x00, 0x00, 0x00, 0x00, 0x00, 0x00, 0x00, 0x00, 0x00, 0x00, 0x00, 0x00}, 7, {0x7F, 0x13, 0x18, 0xDE, 0x2C, 0xCE}, 6 },  /* SETNEXTMSGRND2 */
            { {0x0C, 0x00, 0x02, 0x18, 0xDE, 0x2C, 0xCF, 0x00, 0x00, 0x00, 0x00, 0x00, 0x00, 0x00, 0x00, 0x00, 0x00, 0x00, 0x00, 0x00, 0x00, 0x00, 0x00, 0x00, 0x00, 0x00, 0x00, 0x00, 0x00, 0x00, 0x00, 0x00, 0x00, 0x00, 0x00, 0x00, 0x00, 0x00, 0x00, 0x00, 0x00, 0x00, 0x00, 0x00, 0x00, 0x00, 0x00}, 7, {0x7F, 0x13, 0x18, 0xDE, 0x2C, 0xCF}, 6 },  /* SETNEXTMSGRND2 */
            { {0x0C, 0x00, 0x02, 0x18, 0xF7, 0x18, 0xF8, 0x00, 0x00, 0x00, 0x00, 0x00, 0x00, 0x00, 0x00, 0x00, 0x00, 0x00, 0x00, 0x00, 0x00, 0x00, 0x00, 0x00, 0x00, 0x00, 0x00, 0x00, 0x00, 0x00, 0x00, 0x00, 0x00, 0x00, 0x00, 0x00, 0x00, 0x00, 0x00, 0x00, 0x00, 0x00, 0x00, 0x00, 0x00, 0x00, 0x00}, 7, {0x7F, 0x13, 0x18, 0xF7, 0x18, 0xF8}, 6 },  /* SETNEXTMSGRND2 */
            { {0x0C, 0x00, 0x02, 0x19, 0x0A, 0x19, 0x0B, 0x00, 0x00, 0x00, 0x00, 0x00, 0x00, 0x00, 0x00, 0x00, 0x00, 0x00, 0x00, 0x00, 0x00, 0x00, 0x00, 0x00, 0x00, 0x00, 0x00, 0x00, 0x00, 0x00, 0x00, 0x00, 0x00, 0x00, 0x00, 0x00, 0x00, 0x00, 0x00, 0x00, 0x00, 0x00, 0x00, 0x00, 0x00, 0x00, 0x00}, 7, {0x7F, 0x13, 0x19, 0x0A, 0x19, 0x0B}, 6 },  /* SETNEXTMSGRND2 */
            { {0x0C, 0x00, 0x02, 0x1C, 0x95, 0x1C, 0x96, 0x00, 0x00, 0x00, 0x00, 0x00, 0x00, 0x00, 0x00, 0x00, 0x00, 0x00, 0x00, 0x00, 0x00, 0x00, 0x00, 0x00, 0x00, 0x00, 0x00, 0x00, 0x00, 0x00, 0x00, 0x00, 0x00, 0x00, 0x00, 0x00, 0x00, 0x00, 0x00, 0x00, 0x00, 0x00, 0x00, 0x00, 0x00, 0x00, 0x00}, 7, {0x7F, 0x13, 0x1C, 0x95, 0x1C, 0x96}, 6 },  /* SETNEXTMSGRND2 */
            { {0x0C, 0x00, 0x02, 0x1C, 0x98, 0x1C, 0x99, 0x00, 0x00, 0x00, 0x00, 0x00, 0x00, 0x00, 0x00, 0x00, 0x00, 0x00, 0x00, 0x00, 0x00, 0x00, 0x00, 0x00, 0x00, 0x00, 0x00, 0x00, 0x00, 0x00, 0x00, 0x00, 0x00, 0x00, 0x00, 0x00, 0x00, 0x00, 0x00, 0x00, 0x00, 0x00, 0x00, 0x00, 0x00, 0x00, 0x00}, 7, {0x7F, 0x13, 0x1C, 0x98, 0x1C, 0x99}, 6 },  /* SETNEXTMSGRND2 */
            { {0x0C, 0x00, 0x02, 0x1C, 0xB5, 0x1C, 0xB6, 0x00, 0x00, 0x00, 0x00, 0x00, 0x00, 0x00, 0x00, 0x00, 0x00, 0x00, 0x00, 0x00, 0x00, 0x00, 0x00, 0x00, 0x00, 0x00, 0x00, 0x00, 0x00, 0x00, 0x00, 0x00, 0x00, 0x00, 0x00, 0x00, 0x00, 0x00, 0x00, 0x00, 0x00, 0x00, 0x00, 0x00, 0x00, 0x00, 0x00}, 7, {0x7F, 0x13, 0x1C, 0xB5, 0x1C, 0xB6}, 6 },  /* SETNEXTMSGRND2 */
            { {0x0C, 0x00, 0x02, 0x1F, 0xD2, 0x1F, 0xD3, 0x00, 0x00, 0x00, 0x00, 0x00, 0x00, 0x00, 0x00, 0x00, 0x00, 0x00, 0x00, 0x00, 0x00, 0x00, 0x00, 0x00, 0x00, 0x00, 0x00, 0x00, 0x00, 0x00, 0x00, 0x00, 0x00, 0x00, 0x00, 0x00, 0x00, 0x00, 0x00, 0x00, 0x00, 0x00, 0x00, 0x00, 0x00, 0x00, 0x00}, 7, {0x7F, 0x13, 0x1F, 0xD2, 0x1F, 0xD3}, 6 },  /* SETNEXTMSGRND2 */
            { {0x0C, 0x00, 0x02, 0x20, 0xBB, 0x20, 0xBC, 0x00, 0x00, 0x00, 0x00, 0x00, 0x00, 0x00, 0x00, 0x00, 0x00, 0x00, 0x00, 0x00, 0x00, 0x00, 0x00, 0x00, 0x00, 0x00, 0x00, 0x00, 0x00, 0x00, 0x00, 0x00, 0x00, 0x00, 0x00, 0x00, 0x00, 0x00, 0x00, 0x00, 0x00, 0x00, 0x00, 0x00, 0x00, 0x00, 0x00}, 7, {0x7F, 0x13, 0x20, 0xBB, 0x20, 0xBC}, 6 },  /* SETNEXTMSGRND2 */
            { {0x0C, 0x00, 0x02, 0x20, 0xBD, 0x20, 0xBE, 0x00, 0x00, 0x00, 0x00, 0x00, 0x00, 0x00, 0x00, 0x00, 0x00, 0x00, 0x00, 0x00, 0x00, 0x00, 0x00, 0x00, 0x00, 0x00, 0x00, 0x00, 0x00, 0x00, 0x00, 0x00, 0x00, 0x00, 0x00, 0x00, 0x00, 0x00, 0x00, 0x00, 0x00, 0x00, 0x00, 0x00, 0x00, 0x00, 0x00}, 7, {0x7F, 0x13, 0x20, 0xBD, 0x20, 0xBE}, 6 },  /* SETNEXTMSGRND2 */
            { {0x0C, 0x00, 0x02, 0x20, 0xC1, 0x20, 0xC2, 0x00, 0x00, 0x00, 0x00, 0x00, 0x00, 0x00, 0x00, 0x00, 0x00, 0x00, 0x00, 0x00, 0x00, 0x00, 0x00, 0x00, 0x00, 0x00, 0x00, 0x00, 0x00, 0x00, 0x00, 0x00, 0x00, 0x00, 0x00, 0x00, 0x00, 0x00, 0x00, 0x00, 0x00, 0x00, 0x00, 0x00, 0x00, 0x00, 0x00}, 7, {0x7F, 0x13, 0x20, 0xC1, 0x20, 0xC2}, 6 },  /* SETNEXTMSGRND2 */
            { {0x0C, 0x00, 0x02, 0x21, 0x43, 0x21, 0x44, 0x00, 0x00, 0x00, 0x00, 0x00, 0x00, 0x00, 0x00, 0x00, 0x00, 0x00, 0x00, 0x00, 0x00, 0x00, 0x00, 0x00, 0x00, 0x00, 0x00, 0x00, 0x00, 0x00, 0x00, 0x00, 0x00, 0x00, 0x00, 0x00, 0x00, 0x00, 0x00, 0x00, 0x00, 0x00, 0x00, 0x00, 0x00, 0x00, 0x00}, 7, {0x7F, 0x13, 0x21, 0x43, 0x21, 0x44}, 6 },  /* SETNEXTMSGRND2 */
            { {0x0C, 0x00, 0x02, 0x23, 0x45, 0x23, 0x46, 0x00, 0x00, 0x00, 0x00, 0x00, 0x00, 0x00, 0x00, 0x00, 0x00, 0x00, 0x00, 0x00, 0x00, 0x00, 0x00, 0x00, 0x00, 0x00, 0x00, 0x00, 0x00, 0x00, 0x00, 0x00, 0x00, 0x00, 0x00, 0x00, 0x00, 0x00, 0x00, 0x00, 0x00, 0x00, 0x00, 0x00, 0x00, 0x00, 0x00}, 7, {0x7F, 0x13, 0x23, 0x45, 0x23, 0x46}, 6 },  /* SETNEXTMSGRND2 */
            { {0x0C, 0x00, 0x02, 0x23, 0x48, 0x23, 0x49, 0x00, 0x00, 0x00, 0x00, 0x00, 0x00, 0x00, 0x00, 0x00, 0x00, 0x00, 0x00, 0x00, 0x00, 0x00, 0x00, 0x00, 0x00, 0x00, 0x00, 0x00, 0x00, 0x00, 0x00, 0x00, 0x00, 0x00, 0x00, 0x00, 0x00, 0x00, 0x00, 0x00, 0x00, 0x00, 0x00, 0x00, 0x00, 0x00, 0x00}, 7, {0x7F, 0x13, 0x23, 0x48, 0x23, 0x49}, 6 },  /* SETNEXTMSGRND2 */
            { {0x0C, 0x00, 0x02, 0x23, 0x58, 0x23, 0x59, 0x00, 0x00, 0x00, 0x00, 0x00, 0x00, 0x00, 0x00, 0x00, 0x00, 0x00, 0x00, 0x00, 0x00, 0x00, 0x00, 0x00, 0x00, 0x00, 0x00, 0x00, 0x00, 0x00, 0x00, 0x00, 0x00, 0x00, 0x00, 0x00, 0x00, 0x00, 0x00, 0x00, 0x00, 0x00, 0x00, 0x00, 0x00, 0x00, 0x00}, 7, {0x7F, 0x13, 0x23, 0x58, 0x23, 0x59}, 6 },  /* SETNEXTMSGRND2 */
            { {0x0C, 0x00, 0x02, 0x23, 0xAD, 0x23, 0xAE, 0x00, 0x00, 0x00, 0x00, 0x00, 0x00, 0x00, 0x00, 0x00, 0x00, 0x00, 0x00, 0x00, 0x00, 0x00, 0x00, 0x00, 0x00, 0x00, 0x00, 0x00, 0x00, 0x00, 0x00, 0x00, 0x00, 0x00, 0x00, 0x00, 0x00, 0x00, 0x00, 0x00, 0x00, 0x00, 0x00, 0x00, 0x00, 0x00, 0x00}, 7, {0x7F, 0x13, 0x23, 0xAD, 0x23, 0xAE}, 6 },  /* SETNEXTMSGRND2 */
            { {0x0C, 0x00, 0x02, 0x23, 0xC4, 0x23, 0xC5, 0x00, 0x00, 0x00, 0x00, 0x00, 0x00, 0x00, 0x00, 0x00, 0x00, 0x00, 0x00, 0x00, 0x00, 0x00, 0x00, 0x00, 0x00, 0x00, 0x00, 0x00, 0x00, 0x00, 0x00, 0x00, 0x00, 0x00, 0x00, 0x00, 0x00, 0x00, 0x00, 0x00, 0x00, 0x00, 0x00, 0x00, 0x00, 0x00, 0x00}, 7, {0x7F, 0x13, 0x23, 0xC4, 0x23, 0xC5}, 6 },  /* SETNEXTMSGRND2 */
            { {0x0C, 0x00, 0x02, 0x23, 0xC6, 0x23, 0xC7, 0x00, 0x00, 0x00, 0x00, 0x00, 0x00, 0x00, 0x00, 0x00, 0x00, 0x00, 0x00, 0x00, 0x00, 0x00, 0x00, 0x00, 0x00, 0x00, 0x00, 0x00, 0x00, 0x00, 0x00, 0x00, 0x00, 0x00, 0x00, 0x00, 0x00, 0x00, 0x00, 0x00, 0x00, 0x00, 0x00, 0x00, 0x00, 0x00, 0x00}, 7, {0x7F, 0x13, 0x23, 0xC6, 0x23, 0xC7}, 6 },  /* SETNEXTMSGRND2 */
            { {0x0C, 0x00, 0x02, 0x23, 0xE0, 0x23, 0xE1, 0x00, 0x00, 0x00, 0x00, 0x00, 0x00, 0x00, 0x00, 0x00, 0x00, 0x00, 0x00, 0x00, 0x00, 0x00, 0x00, 0x00, 0x00, 0x00, 0x00, 0x00, 0x00, 0x00, 0x00, 0x00, 0x00, 0x00, 0x00, 0x00, 0x00, 0x00, 0x00, 0x00, 0x00, 0x00, 0x00, 0x00, 0x00, 0x00, 0x00}, 7, {0x7F, 0x13, 0x23, 0xE0, 0x23, 0xE1}, 6 },  /* SETNEXTMSGRND2 */
            { {0x0C, 0x00, 0x02, 0x24, 0x3D, 0x24, 0x3E, 0x00, 0x00, 0x00, 0x00, 0x00, 0x00, 0x00, 0x00, 0x00, 0x00, 0x00, 0x00, 0x00, 0x00, 0x00, 0x00, 0x00, 0x00, 0x00, 0x00, 0x00, 0x00, 0x00, 0x00, 0x00, 0x00, 0x00, 0x00, 0x00, 0x00, 0x00, 0x00, 0x00, 0x00, 0x00, 0x00, 0x00, 0x00, 0x00, 0x00}, 7, {0x7F, 0x13, 0x24, 0x3D, 0x24, 0x3E}, 6 },  /* SETNEXTMSGRND2 */
            { {0x0C, 0x00, 0x02, 0x24, 0x41, 0x24, 0x42, 0x00, 0x00, 0x00, 0x00, 0x00, 0x00, 0x00, 0x00, 0x00, 0x00, 0x00, 0x00, 0x00, 0x00, 0x00, 0x00, 0x00, 0x00, 0x00, 0x00, 0x00, 0x00, 0x00, 0x00, 0x00, 0x00, 0x00, 0x00, 0x00, 0x00, 0x00, 0x00, 0x00, 0x00, 0x00, 0x00, 0x00, 0x00, 0x00, 0x00}, 7, {0x7F, 0x13, 0x24, 0x41, 0x24, 0x42}, 6 },  /* SETNEXTMSGRND2 */
            { {0x0C, 0x00, 0x02, 0x24, 0x4A, 0x24, 0x4B, 0x00, 0x00, 0x00, 0x00, 0x00, 0x00, 0x00, 0x00, 0x00, 0x00, 0x00, 0x00, 0x00, 0x00, 0x00, 0x00, 0x00, 0x00, 0x00, 0x00, 0x00, 0x00, 0x00, 0x00, 0x00, 0x00, 0x00, 0x00, 0x00, 0x00, 0x00, 0x00, 0x00, 0x00, 0x00, 0x00, 0x00, 0x00, 0x00, 0x00}, 7, {0x7F, 0x13, 0x24, 0x4A, 0x24, 0x4B}, 6 },  /* SETNEXTMSGRND2 */
            { {0x0C, 0x00, 0x02, 0x24, 0x4F, 0x24, 0x50, 0x00, 0x00, 0x00, 0x00, 0x00, 0x00, 0x00, 0x00, 0x00, 0x00, 0x00, 0x00, 0x00, 0x00, 0x00, 0x00, 0x00, 0x00, 0x00, 0x00, 0x00, 0x00, 0x00, 0x00, 0x00, 0x00, 0x00, 0x00, 0x00, 0x00, 0x00, 0x00, 0x00, 0x00, 0x00, 0x00, 0x00, 0x00, 0x00, 0x00}, 7, {0x7F, 0x13, 0x24, 0x4F, 0x24, 0x50}, 6 },  /* SETNEXTMSGRND2 */
            { {0x0C, 0x00, 0x02, 0x24, 0x77, 0x24, 0x78, 0x00, 0x00, 0x00, 0x00, 0x00, 0x00, 0x00, 0x00, 0x00, 0x00, 0x00, 0x00, 0x00, 0x00, 0x00, 0x00, 0x00, 0x00, 0x00, 0x00, 0x00, 0x00, 0x00, 0x00, 0x00, 0x00, 0x00, 0x00, 0x00, 0x00, 0x00, 0x00, 0x00, 0x00, 0x00, 0x00, 0x00, 0x00, 0x00, 0x00}, 7, {0x7F, 0x13, 0x24, 0x77, 0x24, 0x78}, 6 },  /* SETNEXTMSGRND2 */
            { {0x0C, 0x00, 0x02, 0x24, 0x7C, 0x24, 0x7D, 0x00, 0x00, 0x00, 0x00, 0x00, 0x00, 0x00, 0x00, 0x00, 0x00, 0x00, 0x00, 0x00, 0x00, 0x00, 0x00, 0x00, 0x00, 0x00, 0x00, 0x00, 0x00, 0x00, 0x00, 0x00, 0x00, 0x00, 0x00, 0x00, 0x00, 0x00, 0x00, 0x00, 0x00, 0x00, 0x00, 0x00, 0x00, 0x00, 0x00}, 7, {0x7F, 0x13, 0x24, 0x7C, 0x24, 0x7D}, 6 },  /* SETNEXTMSGRND2 */
            { {0x0C, 0x00, 0x02, 0x24, 0x82, 0x25, 0x20, 0x00, 0x00, 0x00, 0x00, 0x00, 0x00, 0x00, 0x00, 0x00, 0x00, 0x00, 0x00, 0x00, 0x00, 0x00, 0x00, 0x00, 0x00, 0x00, 0x00, 0x00, 0x00, 0x00, 0x00, 0x00, 0x00, 0x00, 0x00, 0x00, 0x00, 0x00, 0x00, 0x00, 0x00, 0x00, 0x00, 0x00, 0x00, 0x00, 0x00}, 7, {0x7F, 0x13, 0x24, 0x82, 0x25, 0x20}, 6 },  /* SETNEXTMSGRND2 */
            { {0x0C, 0x00, 0x02, 0x24, 0x85, 0x24, 0x86, 0x00, 0x00, 0x00, 0x00, 0x00, 0x00, 0x00, 0x00, 0x00, 0x00, 0x00, 0x00, 0x00, 0x00, 0x00, 0x00, 0x00, 0x00, 0x00, 0x00, 0x00, 0x00, 0x00, 0x00, 0x00, 0x00, 0x00, 0x00, 0x00, 0x00, 0x00, 0x00, 0x00, 0x00, 0x00, 0x00, 0x00, 0x00, 0x00, 0x00}, 7, {0x7F, 0x13, 0x24, 0x85, 0x24, 0x86}, 6 },  /* SETNEXTMSGRND2 */
            { {0x0C, 0x00, 0x02, 0x24, 0x8E, 0x24, 0x8F, 0x00, 0x00, 0x00, 0x00, 0x00, 0x00, 0x00, 0x00, 0x00, 0x00, 0x00, 0x00, 0x00, 0x00, 0x00, 0x00, 0x00, 0x00, 0x00, 0x00, 0x00, 0x00, 0x00, 0x00, 0x00, 0x00, 0x00, 0x00, 0x00, 0x00, 0x00, 0x00, 0x00, 0x00, 0x00, 0x00, 0x00, 0x00, 0x00, 0x00}, 7, {0x7F, 0x13, 0x24, 0x8E, 0x24, 0x8F}, 6 },  /* SETNEXTMSGRND2 */
            { {0x0C, 0x00, 0x02, 0x24, 0x92, 0x24, 0x93, 0x00, 0x00, 0x00, 0x00, 0x00, 0x00, 0x00, 0x00, 0x00, 0x00, 0x00, 0x00, 0x00, 0x00, 0x00, 0x00, 0x00, 0x00, 0x00, 0x00, 0x00, 0x00, 0x00, 0x00, 0x00, 0x00, 0x00, 0x00, 0x00, 0x00, 0x00, 0x00, 0x00, 0x00, 0x00, 0x00, 0x00, 0x00, 0x00, 0x00}, 7, {0x7F, 0x13, 0x24, 0x92, 0x24, 0x93}, 6 },  /* SETNEXTMSGRND2 */
            { {0x0C, 0x00, 0x02, 0x24, 0x98, 0x24, 0x99, 0x00, 0x00, 0x00, 0x00, 0x00, 0x00, 0x00, 0x00, 0x00, 0x00, 0x00, 0x00, 0x00, 0x00, 0x00, 0x00, 0x00, 0x00, 0x00, 0x00, 0x00, 0x00, 0x00, 0x00, 0x00, 0x00, 0x00, 0x00, 0x00, 0x00, 0x00, 0x00, 0x00, 0x00, 0x00, 0x00, 0x00, 0x00, 0x00, 0x00}, 7, {0x7F, 0x13, 0x24, 0x98, 0x24, 0x99}, 6 },  /* SETNEXTMSGRND2 */
            { {0x0C, 0x00, 0x02, 0x24, 0x9F, 0x24, 0xA0, 0x00, 0x00, 0x00, 0x00, 0x00, 0x00, 0x00, 0x00, 0x00, 0x00, 0x00, 0x00, 0x00, 0x00, 0x00, 0x00, 0x00, 0x00, 0x00, 0x00, 0x00, 0x00, 0x00, 0x00, 0x00, 0x00, 0x00, 0x00, 0x00, 0x00, 0x00, 0x00, 0x00, 0x00, 0x00, 0x00, 0x00, 0x00, 0x00, 0x00}, 7, {0x7F, 0x13, 0x24, 0x9F, 0x24, 0xA0}, 6 },  /* SETNEXTMSGRND2 */
            { {0x0C, 0x00, 0x02, 0x24, 0xD5, 0x24, 0xD6, 0x00, 0x00, 0x00, 0x00, 0x00, 0x00, 0x00, 0x00, 0x00, 0x00, 0x00, 0x00, 0x00, 0x00, 0x00, 0x00, 0x00, 0x00, 0x00, 0x00, 0x00, 0x00, 0x00, 0x00, 0x00, 0x00, 0x00, 0x00, 0x00, 0x00, 0x00, 0x00, 0x00, 0x00, 0x00, 0x00, 0x00, 0x00, 0x00, 0x00}, 7, {0x7F, 0x13, 0x24, 0xD5, 0x24, 0xD6}, 6 },  /* SETNEXTMSGRND2 */
            { {0x0C, 0x00, 0x02, 0x24, 0xD9, 0x24, 0xDA, 0x00, 0x00, 0x00, 0x00, 0x00, 0x00, 0x00, 0x00, 0x00, 0x00, 0x00, 0x00, 0x00, 0x00, 0x00, 0x00, 0x00, 0x00, 0x00, 0x00, 0x00, 0x00, 0x00, 0x00, 0x00, 0x00, 0x00, 0x00, 0x00, 0x00, 0x00, 0x00, 0x00, 0x00, 0x00, 0x00, 0x00, 0x00, 0x00, 0x00}, 7, {0x7F, 0x13, 0x24, 0xD9, 0x24, 0xDA}, 6 },  /* SETNEXTMSGRND2 */
            { {0x0C, 0x00, 0x02, 0x24, 0xDD, 0x24, 0xDE, 0x00, 0x00, 0x00, 0x00, 0x00, 0x00, 0x00, 0x00, 0x00, 0x00, 0x00, 0x00, 0x00, 0x00, 0x00, 0x00, 0x00, 0x00, 0x00, 0x00, 0x00, 0x00, 0x00, 0x00, 0x00, 0x00, 0x00, 0x00, 0x00, 0x00, 0x00, 0x00, 0x00, 0x00, 0x00, 0x00, 0x00, 0x00, 0x00, 0x00}, 7, {0x7F, 0x13, 0x24, 0xDD, 0x24, 0xDE}, 6 },  /* SETNEXTMSGRND2 */
            { {0x0C, 0x00, 0x02, 0x24, 0xDF, 0x24, 0xE0, 0x00, 0x00, 0x00, 0x00, 0x00, 0x00, 0x00, 0x00, 0x00, 0x00, 0x00, 0x00, 0x00, 0x00, 0x00, 0x00, 0x00, 0x00, 0x00, 0x00, 0x00, 0x00, 0x00, 0x00, 0x00, 0x00, 0x00, 0x00, 0x00, 0x00, 0x00, 0x00, 0x00, 0x00, 0x00, 0x00, 0x00, 0x00, 0x00, 0x00}, 7, {0x7F, 0x13, 0x24, 0xDF, 0x24, 0xE0}, 6 },  /* SETNEXTMSGRND2 */
            { {0x0C, 0x00, 0x02, 0x24, 0xE1, 0x24, 0xE2, 0x00, 0x00, 0x00, 0x00, 0x00, 0x00, 0x00, 0x00, 0x00, 0x00, 0x00, 0x00, 0x00, 0x00, 0x00, 0x00, 0x00, 0x00, 0x00, 0x00, 0x00, 0x00, 0x00, 0x00, 0x00, 0x00, 0x00, 0x00, 0x00, 0x00, 0x00, 0x00, 0x00, 0x00, 0x00, 0x00, 0x00, 0x00, 0x00, 0x00}, 7, {0x7F, 0x13, 0x24, 0xE1, 0x24, 0xE2}, 6 },  /* SETNEXTMSGRND2 */
            { {0x0C, 0x00, 0x02, 0x24, 0xE5, 0x24, 0xE6, 0x00, 0x00, 0x00, 0x00, 0x00, 0x00, 0x00, 0x00, 0x00, 0x00, 0x00, 0x00, 0x00, 0x00, 0x00, 0x00, 0x00, 0x00, 0x00, 0x00, 0x00, 0x00, 0x00, 0x00, 0x00, 0x00, 0x00, 0x00, 0x00, 0x00, 0x00, 0x00, 0x00, 0x00, 0x00, 0x00, 0x00, 0x00, 0x00, 0x00}, 7, {0x7F, 0x13, 0x24, 0xE5, 0x24, 0xE6}, 6 },  /* SETNEXTMSGRND2 */
            { {0x0C, 0x00, 0x02, 0x24, 0xE7, 0x24, 0xE8, 0x00, 0x00, 0x00, 0x00, 0x00, 0x00, 0x00, 0x00, 0x00, 0x00, 0x00, 0x00, 0x00, 0x00, 0x00, 0x00, 0x00, 0x00, 0x00, 0x00, 0x00, 0x00, 0x00, 0x00, 0x00, 0x00, 0x00, 0x00, 0x00, 0x00, 0x00, 0x00, 0x00, 0x00, 0x00, 0x00, 0x00, 0x00, 0x00, 0x00}, 7, {0x7F, 0x13, 0x24, 0xE7, 0x24, 0xE8}, 6 },  /* SETNEXTMSGRND2 */
            { {0x0C, 0x00, 0x02, 0x25, 0x21, 0x25, 0x22, 0x00, 0x00, 0x00, 0x00, 0x00, 0x00, 0x00, 0x00, 0x00, 0x00, 0x00, 0x00, 0x00, 0x00, 0x00, 0x00, 0x00, 0x00, 0x00, 0x00, 0x00, 0x00, 0x00, 0x00, 0x00, 0x00, 0x00, 0x00, 0x00, 0x00, 0x00, 0x00, 0x00, 0x00, 0x00, 0x00, 0x00, 0x00, 0x00, 0x00}, 7, {0x7F, 0x13, 0x25, 0x21, 0x25, 0x22}, 6 },  /* SETNEXTMSGRND2 */
            { {0x0C, 0x00, 0x02, 0x25, 0x23, 0x25, 0x24, 0x00, 0x00, 0x00, 0x00, 0x00, 0x00, 0x00, 0x00, 0x00, 0x00, 0x00, 0x00, 0x00, 0x00, 0x00, 0x00, 0x00, 0x00, 0x00, 0x00, 0x00, 0x00, 0x00, 0x00, 0x00, 0x00, 0x00, 0x00, 0x00, 0x00, 0x00, 0x00, 0x00, 0x00, 0x00, 0x00, 0x00, 0x00, 0x00, 0x00}, 7, {0x7F, 0x13, 0x25, 0x23, 0x25, 0x24}, 6 },  /* SETNEXTMSGRND2 */
            { {0x0C, 0x00, 0x02, 0x25, 0x2C, 0x25, 0x2D, 0x00, 0x00, 0x00, 0x00, 0x00, 0x00, 0x00, 0x00, 0x00, 0x00, 0x00, 0x00, 0x00, 0x00, 0x00, 0x00, 0x00, 0x00, 0x00, 0x00, 0x00, 0x00, 0x00, 0x00, 0x00, 0x00, 0x00, 0x00, 0x00, 0x00, 0x00, 0x00, 0x00, 0x00, 0x00, 0x00, 0x00, 0x00, 0x00, 0x00}, 7, {0x7F, 0x13, 0x25, 0x2C, 0x25, 0x2D}, 6 },  /* SETNEXTMSGRND2 */
            { {0x0C, 0x00, 0x02, 0x25, 0x32, 0x25, 0x33, 0x00, 0x00, 0x00, 0x00, 0x00, 0x00, 0x00, 0x00, 0x00, 0x00, 0x00, 0x00, 0x00, 0x00, 0x00, 0x00, 0x00, 0x00, 0x00, 0x00, 0x00, 0x00, 0x00, 0x00, 0x00, 0x00, 0x00, 0x00, 0x00, 0x00, 0x00, 0x00, 0x00, 0x00, 0x00, 0x00, 0x00, 0x00, 0x00, 0x00}, 7, {0x7F, 0x13, 0x25, 0x32, 0x25, 0x33}, 6 },  /* SETNEXTMSGRND2 */
            { {0x0C, 0x00, 0x02, 0x25, 0x3A, 0x25, 0x3B, 0x00, 0x00, 0x00, 0x00, 0x00, 0x00, 0x00, 0x00, 0x00, 0x00, 0x00, 0x00, 0x00, 0x00, 0x00, 0x00, 0x00, 0x00, 0x00, 0x00, 0x00, 0x00, 0x00, 0x00, 0x00, 0x00, 0x00, 0x00, 0x00, 0x00, 0x00, 0x00, 0x00, 0x00, 0x00, 0x00, 0x00, 0x00, 0x00, 0x00}, 7, {0x7F, 0x13, 0x25, 0x3A, 0x25, 0x3B}, 6 },  /* SETNEXTMSGRND2 */
            { {0x0C, 0x00, 0x02, 0x25, 0x6A, 0x25, 0x6B, 0x00, 0x00, 0x00, 0x00, 0x00, 0x00, 0x00, 0x00, 0x00, 0x00, 0x00, 0x00, 0x00, 0x00, 0x00, 0x00, 0x00, 0x00, 0x00, 0x00, 0x00, 0x00, 0x00, 0x00, 0x00, 0x00, 0x00, 0x00, 0x00, 0x00, 0x00, 0x00, 0x00, 0x00, 0x00, 0x00, 0x00, 0x00, 0x00, 0x00}, 7, {0x7F, 0x13, 0x25, 0x6A, 0x25, 0x6B}, 6 },  /* SETNEXTMSGRND2 */
            { {0x0C, 0x00, 0x02, 0x25, 0xC2, 0x25, 0xC3, 0x00, 0x00, 0x00, 0x00, 0x00, 0x00, 0x00, 0x00, 0x00, 0x00, 0x00, 0x00, 0x00, 0x00, 0x00, 0x00, 0x00, 0x00, 0x00, 0x00, 0x00, 0x00, 0x00, 0x00, 0x00, 0x00, 0x00, 0x00, 0x00, 0x00, 0x00, 0x00, 0x00, 0x00, 0x00, 0x00, 0x00, 0x00, 0x00, 0x00}, 7, {0x7F, 0x13, 0x25, 0xC2, 0x25, 0xC3}, 6 },  /* SETNEXTMSGRND2 */
            { {0x0C, 0x00, 0x02, 0x25, 0xFB, 0x25, 0xFC, 0x00, 0x00, 0x00, 0x00, 0x00, 0x00, 0x00, 0x00, 0x00, 0x00, 0x00, 0x00, 0x00, 0x00, 0x00, 0x00, 0x00, 0x00, 0x00, 0x00, 0x00, 0x00, 0x00, 0x00, 0x00, 0x00, 0x00, 0x00, 0x00, 0x00, 0x00, 0x00, 0x00, 0x00, 0x00, 0x00, 0x00, 0x00, 0x00, 0x00}, 7, {0x7F, 0x13, 0x25, 0xFB, 0x25, 0xFC}, 6 },  /* SETNEXTMSGRND2 */
            { {0x0C, 0x00, 0x02, 0x26, 0x04, 0x26, 0x07, 0x00, 0x00, 0x00, 0x00, 0x00, 0x00, 0x00, 0x00, 0x00, 0x00, 0x00, 0x00, 0x00, 0x00, 0x00, 0x00, 0x00, 0x00, 0x00, 0x00, 0x00, 0x00, 0x00, 0x00, 0x00, 0x00, 0x00, 0x00, 0x00, 0x00, 0x00, 0x00, 0x00, 0x00, 0x00, 0x00, 0x00, 0x00, 0x00, 0x00}, 7, {0x7F, 0x13, 0x26, 0x04, 0x26, 0x07}, 6 },  /* SETNEXTMSGRND2 */
            { {0x0C, 0x00, 0x02, 0x26, 0x05, 0x26, 0x07, 0x00, 0x00, 0x00, 0x00, 0x00, 0x00, 0x00, 0x00, 0x00, 0x00, 0x00, 0x00, 0x00, 0x00, 0x00, 0x00, 0x00, 0x00, 0x00, 0x00, 0x00, 0x00, 0x00, 0x00, 0x00, 0x00, 0x00, 0x00, 0x00, 0x00, 0x00, 0x00, 0x00, 0x00, 0x00, 0x00, 0x00, 0x00, 0x00, 0x00}, 7, {0x7F, 0x13, 0x26, 0x05, 0x26, 0x07}, 6 },  /* SETNEXTMSGRND2 */
            { {0x0C, 0x00, 0x02, 0x26, 0x06, 0x26, 0x07, 0x00, 0x00, 0x00, 0x00, 0x00, 0x00, 0x00, 0x00, 0x00, 0x00, 0x00, 0x00, 0x00, 0x00, 0x00, 0x00, 0x00, 0x00, 0x00, 0x00, 0x00, 0x00, 0x00, 0x00, 0x00, 0x00, 0x00, 0x00, 0x00, 0x00, 0x00, 0x00, 0x00, 0x00, 0x00, 0x00, 0x00, 0x00, 0x00, 0x00}, 7, {0x7F, 0x13, 0x26, 0x06, 0x26, 0x07}, 6 },  /* SETNEXTMSGRND2 */
            { {0x0C, 0x00, 0x02, 0x26, 0x6D, 0x26, 0x6E, 0x00, 0x00, 0x00, 0x00, 0x00, 0x00, 0x00, 0x00, 0x00, 0x00, 0x00, 0x00, 0x00, 0x00, 0x00, 0x00, 0x00, 0x00, 0x00, 0x00, 0x00, 0x00, 0x00, 0x00, 0x00, 0x00, 0x00, 0x00, 0x00, 0x00, 0x00, 0x00, 0x00, 0x00, 0x00, 0x00, 0x00, 0x00, 0x00, 0x00}, 7, {0x7F, 0x13, 0x26, 0x6D, 0x26, 0x6E}, 6 },  /* SETNEXTMSGRND2 */
            { {0x0C, 0x00, 0x02, 0x26, 0x73, 0x26, 0x74, 0x00, 0x00, 0x00, 0x00, 0x00, 0x00, 0x00, 0x00, 0x00, 0x00, 0x00, 0x00, 0x00, 0x00, 0x00, 0x00, 0x00, 0x00, 0x00, 0x00, 0x00, 0x00, 0x00, 0x00, 0x00, 0x00, 0x00, 0x00, 0x00, 0x00, 0x00, 0x00, 0x00, 0x00, 0x00, 0x00, 0x00, 0x00, 0x00, 0x00}, 7, {0x7F, 0x13, 0x26, 0x73, 0x26, 0x74}, 6 },  /* SETNEXTMSGRND2 */
            { {0x0C, 0x00, 0x02, 0x26, 0x7A, 0x26, 0x7C, 0x00, 0x00, 0x00, 0x00, 0x00, 0x00, 0x00, 0x00, 0x00, 0x00, 0x00, 0x00, 0x00, 0x00, 0x00, 0x00, 0x00, 0x00, 0x00, 0x00, 0x00, 0x00, 0x00, 0x00, 0x00, 0x00, 0x00, 0x00, 0x00, 0x00, 0x00, 0x00, 0x00, 0x00, 0x00, 0x00, 0x00, 0x00, 0x00, 0x00}, 7, {0x7F, 0x13, 0x26, 0x7A, 0x26, 0x7C}, 6 },  /* SETNEXTMSGRND2 */
            { {0x0C, 0x00, 0x02, 0x26, 0x7B, 0x26, 0x7C, 0x00, 0x00, 0x00, 0x00, 0x00, 0x00, 0x00, 0x00, 0x00, 0x00, 0x00, 0x00, 0x00, 0x00, 0x00, 0x00, 0x00, 0x00, 0x00, 0x00, 0x00, 0x00, 0x00, 0x00, 0x00, 0x00, 0x00, 0x00, 0x00, 0x00, 0x00, 0x00, 0x00, 0x00, 0x00, 0x00, 0x00, 0x00, 0x00, 0x00}, 7, {0x7F, 0x13, 0x26, 0x7B, 0x26, 0x7C}, 6 },  /* SETNEXTMSGRND2 */
            { {0x0C, 0x00, 0x02, 0x26, 0x96, 0x26, 0x97, 0x00, 0x00, 0x00, 0x00, 0x00, 0x00, 0x00, 0x00, 0x00, 0x00, 0x00, 0x00, 0x00, 0x00, 0x00, 0x00, 0x00, 0x00, 0x00, 0x00, 0x00, 0x00, 0x00, 0x00, 0x00, 0x00, 0x00, 0x00, 0x00, 0x00, 0x00, 0x00, 0x00, 0x00, 0x00, 0x00, 0x00, 0x00, 0x00, 0x00}, 7, {0x7F, 0x13, 0x26, 0x96, 0x26, 0x97}, 6 },  /* SETNEXTMSGRND2 */
            { {0x0C, 0x00, 0x02, 0x26, 0x9A, 0x26, 0x9B, 0x00, 0x00, 0x00, 0x00, 0x00, 0x00, 0x00, 0x00, 0x00, 0x00, 0x00, 0x00, 0x00, 0x00, 0x00, 0x00, 0x00, 0x00, 0x00, 0x00, 0x00, 0x00, 0x00, 0x00, 0x00, 0x00, 0x00, 0x00, 0x00, 0x00, 0x00, 0x00, 0x00, 0x00, 0x00, 0x00, 0x00, 0x00, 0x00, 0x00}, 7, {0x7F, 0x13, 0x26, 0x9A, 0x26, 0x9B}, 6 },  /* SETNEXTMSGRND2 */
            { {0x0C, 0x00, 0x02, 0x26, 0x9D, 0x26, 0x9E, 0x00, 0x00, 0x00, 0x00, 0x00, 0x00, 0x00, 0x00, 0x00, 0x00, 0x00, 0x00, 0x00, 0x00, 0x00, 0x00, 0x00, 0x00, 0x00, 0x00, 0x00, 0x00, 0x00, 0x00, 0x00, 0x00, 0x00, 0x00, 0x00, 0x00, 0x00, 0x00, 0x00, 0x00, 0x00, 0x00, 0x00, 0x00, 0x00, 0x00}, 7, {0x7F, 0x13, 0x26, 0x9D, 0x26, 0x9E}, 6 },  /* SETNEXTMSGRND2 */
            { {0x0C, 0x00, 0x02, 0x26, 0xAC, 0x26, 0xAD, 0x00, 0x00, 0x00, 0x00, 0x00, 0x00, 0x00, 0x00, 0x00, 0x00, 0x00, 0x00, 0x00, 0x00, 0x00, 0x00, 0x00, 0x00, 0x00, 0x00, 0x00, 0x00, 0x00, 0x00, 0x00, 0x00, 0x00, 0x00, 0x00, 0x00, 0x00, 0x00, 0x00, 0x00, 0x00, 0x00, 0x00, 0x00, 0x00, 0x00}, 7, {0x7F, 0x13, 0x26, 0xAC, 0x26, 0xAD}, 6 },  /* SETNEXTMSGRND2 */
            { {0x0C, 0x00, 0x02, 0x27, 0x54, 0x27, 0x55, 0x00, 0x00, 0x00, 0x00, 0x00, 0x00, 0x00, 0x00, 0x00, 0x00, 0x00, 0x00, 0x00, 0x00, 0x00, 0x00, 0x00, 0x00, 0x00, 0x00, 0x00, 0x00, 0x00, 0x00, 0x00, 0x00, 0x00, 0x00, 0x00, 0x00, 0x00, 0x00, 0x00, 0x00, 0x00, 0x00, 0x00, 0x00, 0x00, 0x00}, 7, {0x7F, 0x13, 0x27, 0x54, 0x27, 0x55}, 6 },  /* SETNEXTMSGRND2 */
            { {0x0C, 0x00, 0x02, 0x27, 0x56, 0x27, 0x57, 0x00, 0x00, 0x00, 0x00, 0x00, 0x00, 0x00, 0x00, 0x00, 0x00, 0x00, 0x00, 0x00, 0x00, 0x00, 0x00, 0x00, 0x00, 0x00, 0x00, 0x00, 0x00, 0x00, 0x00, 0x00, 0x00, 0x00, 0x00, 0x00, 0x00, 0x00, 0x00, 0x00, 0x00, 0x00, 0x00, 0x00, 0x00, 0x00, 0x00}, 7, {0x7F, 0x13, 0x27, 0x56, 0x27, 0x57}, 6 },  /* SETNEXTMSGRND2 */
            { {0x0C, 0x00, 0x02, 0x27, 0x90, 0x27, 0x91, 0x00, 0x00, 0x00, 0x00, 0x00, 0x00, 0x00, 0x00, 0x00, 0x00, 0x00, 0x00, 0x00, 0x00, 0x00, 0x00, 0x00, 0x00, 0x00, 0x00, 0x00, 0x00, 0x00, 0x00, 0x00, 0x00, 0x00, 0x00, 0x00, 0x00, 0x00, 0x00, 0x00, 0x00, 0x00, 0x00, 0x00, 0x00, 0x00, 0x00}, 7, {0x7F, 0x13, 0x27, 0x90, 0x27, 0x91}, 6 },  /* SETNEXTMSGRND2 */
            { {0x0C, 0x00, 0x02, 0x27, 0x93, 0x27, 0x94, 0x00, 0x00, 0x00, 0x00, 0x00, 0x00, 0x00, 0x00, 0x00, 0x00, 0x00, 0x00, 0x00, 0x00, 0x00, 0x00, 0x00, 0x00, 0x00, 0x00, 0x00, 0x00, 0x00, 0x00, 0x00, 0x00, 0x00, 0x00, 0x00, 0x00, 0x00, 0x00, 0x00, 0x00, 0x00, 0x00, 0x00, 0x00, 0x00, 0x00}, 7, {0x7F, 0x13, 0x27, 0x93, 0x27, 0x94}, 6 },  /* SETNEXTMSGRND2 */
            { {0x0C, 0x00, 0x02, 0x27, 0x99, 0x27, 0x9A, 0x00, 0x00, 0x00, 0x00, 0x00, 0x00, 0x00, 0x00, 0x00, 0x00, 0x00, 0x00, 0x00, 0x00, 0x00, 0x00, 0x00, 0x00, 0x00, 0x00, 0x00, 0x00, 0x00, 0x00, 0x00, 0x00, 0x00, 0x00, 0x00, 0x00, 0x00, 0x00, 0x00, 0x00, 0x00, 0x00, 0x00, 0x00, 0x00, 0x00}, 7, {0x7F, 0x13, 0x27, 0x99, 0x27, 0x9A}, 6 },  /* SETNEXTMSGRND2 */
            { {0x0C, 0x00, 0x02, 0x27, 0xEC, 0x27, 0xED, 0x00, 0x00, 0x00, 0x00, 0x00, 0x00, 0x00, 0x00, 0x00, 0x00, 0x00, 0x00, 0x00, 0x00, 0x00, 0x00, 0x00, 0x00, 0x00, 0x00, 0x00, 0x00, 0x00, 0x00, 0x00, 0x00, 0x00, 0x00, 0x00, 0x00, 0x00, 0x00, 0x00, 0x00, 0x00, 0x00, 0x00, 0x00, 0x00, 0x00}, 7, {0x7F, 0x13, 0x27, 0xEC, 0x27, 0xED}, 6 },  /* SETNEXTMSGRND2 */
            { {0x0C, 0x00, 0x02, 0x28, 0x3B, 0x28, 0x3C, 0x00, 0x00, 0x00, 0x00, 0x00, 0x00, 0x00, 0x00, 0x00, 0x00, 0x00, 0x00, 0x00, 0x00, 0x00, 0x00, 0x00, 0x00, 0x00, 0x00, 0x00, 0x00, 0x00, 0x00, 0x00, 0x00, 0x00, 0x00, 0x00, 0x00, 0x00, 0x00, 0x00, 0x00, 0x00, 0x00, 0x00, 0x00, 0x00, 0x00}, 7, {0x7F, 0x13, 0x28, 0x3B, 0x28, 0x3C}, 6 },  /* SETNEXTMSGRND2 */
            { {0x0C, 0x00, 0x02, 0x28, 0x9C, 0x28, 0x9D, 0x00, 0x00, 0x00, 0x00, 0x00, 0x00, 0x00, 0x00, 0x00, 0x00, 0x00, 0x00, 0x00, 0x00, 0x00, 0x00, 0x00, 0x00, 0x00, 0x00, 0x00, 0x00, 0x00, 0x00, 0x00, 0x00, 0x00, 0x00, 0x00, 0x00, 0x00, 0x00, 0x00, 0x00, 0x00, 0x00, 0x00, 0x00, 0x00, 0x00}, 7, {0x7F, 0x13, 0x28, 0x9C, 0x28, 0x9D}, 6 },  /* SETNEXTMSGRND2 */
            { {0x0C, 0x00, 0x02, 0x28, 0xA1, 0x28, 0xA2, 0x00, 0x00, 0x00, 0x00, 0x00, 0x00, 0x00, 0x00, 0x00, 0x00, 0x00, 0x00, 0x00, 0x00, 0x00, 0x00, 0x00, 0x00, 0x00, 0x00, 0x00, 0x00, 0x00, 0x00, 0x00, 0x00, 0x00, 0x00, 0x00, 0x00, 0x00, 0x00, 0x00, 0x00, 0x00, 0x00, 0x00, 0x00, 0x00, 0x00}, 7, {0x7F, 0x13, 0x28, 0xA1, 0x28, 0xA2}, 6 },  /* SETNEXTMSGRND2 */
            { {0x0C, 0x00, 0x02, 0x28, 0xA9, 0x28, 0xAA, 0x00, 0x00, 0x00, 0x00, 0x00, 0x00, 0x00, 0x00, 0x00, 0x00, 0x00, 0x00, 0x00, 0x00, 0x00, 0x00, 0x00, 0x00, 0x00, 0x00, 0x00, 0x00, 0x00, 0x00, 0x00, 0x00, 0x00, 0x00, 0x00, 0x00, 0x00, 0x00, 0x00, 0x00, 0x00, 0x00, 0x00, 0x00, 0x00, 0x00}, 7, {0x7F, 0x13, 0x28, 0xA9, 0x28, 0xAA}, 6 },  /* SETNEXTMSGRND2 */
            { {0x0C, 0x00, 0x02, 0x29, 0xAB, 0x29, 0xAC, 0x00, 0x00, 0x00, 0x00, 0x00, 0x00, 0x00, 0x00, 0x00, 0x00, 0x00, 0x00, 0x00, 0x00, 0x00, 0x00, 0x00, 0x00, 0x00, 0x00, 0x00, 0x00, 0x00, 0x00, 0x00, 0x00, 0x00, 0x00, 0x00, 0x00, 0x00, 0x00, 0x00, 0x00, 0x00, 0x00, 0x00, 0x00, 0x00, 0x00}, 7, {0x7F, 0x13, 0x29, 0xAB, 0x29, 0xAC}, 6 },  /* SETNEXTMSGRND2 */
            { {0x0C, 0x00, 0x02, 0x29, 0xB3, 0x29, 0xB4, 0x00, 0x00, 0x00, 0x00, 0x00, 0x00, 0x00, 0x00, 0x00, 0x00, 0x00, 0x00, 0x00, 0x00, 0x00, 0x00, 0x00, 0x00, 0x00, 0x00, 0x00, 0x00, 0x00, 0x00, 0x00, 0x00, 0x00, 0x00, 0x00, 0x00, 0x00, 0x00, 0x00, 0x00, 0x00, 0x00, 0x00, 0x00, 0x00, 0x00}, 7, {0x7F, 0x13, 0x29, 0xB3, 0x29, 0xB4}, 6 },  /* SETNEXTMSGRND2 */
            { {0x0C, 0x00, 0x02, 0x29, 0xBB, 0x29, 0xBC, 0x00, 0x00, 0x00, 0x00, 0x00, 0x00, 0x00, 0x00, 0x00, 0x00, 0x00, 0x00, 0x00, 0x00, 0x00, 0x00, 0x00, 0x00, 0x00, 0x00, 0x00, 0x00, 0x00, 0x00, 0x00, 0x00, 0x00, 0x00, 0x00, 0x00, 0x00, 0x00, 0x00, 0x00, 0x00, 0x00, 0x00, 0x00, 0x00, 0x00}, 7, {0x7F, 0x13, 0x29, 0xBB, 0x29, 0xBC}, 6 },  /* SETNEXTMSGRND2 */
            { {0x0C, 0x00, 0x02, 0x29, 0xBE, 0x29, 0xBF, 0x00, 0x00, 0x00, 0x00, 0x00, 0x00, 0x00, 0x00, 0x00, 0x00, 0x00, 0x00, 0x00, 0x00, 0x00, 0x00, 0x00, 0x00, 0x00, 0x00, 0x00, 0x00, 0x00, 0x00, 0x00, 0x00, 0x00, 0x00, 0x00, 0x00, 0x00, 0x00, 0x00, 0x00, 0x00, 0x00, 0x00, 0x00, 0x00, 0x00}, 7, {0x7F, 0x13, 0x29, 0xBE, 0x29, 0xBF}, 6 },  /* SETNEXTMSGRND2 */
            { {0x0C, 0x00, 0x02, 0x2C, 0xD6, 0x2C, 0xD7, 0x00, 0x00, 0x00, 0x00, 0x00, 0x00, 0x00, 0x00, 0x00, 0x00, 0x00, 0x00, 0x00, 0x00, 0x00, 0x00, 0x00, 0x00, 0x00, 0x00, 0x00, 0x00, 0x00, 0x00, 0x00, 0x00, 0x00, 0x00, 0x00, 0x00, 0x00, 0x00, 0x00, 0x00, 0x00, 0x00, 0x00, 0x00, 0x00, 0x00}, 7, {0x7F, 0x13, 0x2C, 0xD6, 0x2C, 0xD7}, 6 },  /* SETNEXTMSGRND2 */
            { {0x0C, 0x00, 0x02, 0x2C, 0xEE, 0x2C, 0xF5, 0x00, 0x00, 0x00, 0x00, 0x00, 0x00, 0x00, 0x00, 0x00, 0x00, 0x00, 0x00, 0x00, 0x00, 0x00, 0x00, 0x00, 0x00, 0x00, 0x00, 0x00, 0x00, 0x00, 0x00, 0x00, 0x00, 0x00, 0x00, 0x00, 0x00, 0x00, 0x00, 0x00, 0x00, 0x00, 0x00, 0x00, 0x00, 0x00, 0x00}, 7, {0x7F, 0x13, 0x2C, 0xEE, 0x2C, 0xF5}, 6 },  /* SETNEXTMSGRND2 */
            { {0x0C, 0x00, 0x02, 0x2C, 0xF3, 0x2C, 0xF4, 0x00, 0x00, 0x00, 0x00, 0x00, 0x00, 0x00, 0x00, 0x00, 0x00, 0x00, 0x00, 0x00, 0x00, 0x00, 0x00, 0x00, 0x00, 0x00, 0x00, 0x00, 0x00, 0x00, 0x00, 0x00, 0x00, 0x00, 0x00, 0x00, 0x00, 0x00, 0x00, 0x00, 0x00, 0x00, 0x00, 0x00, 0x00, 0x00, 0x00}, 7, {0x7F, 0x13, 0x2C, 0xF3, 0x2C, 0xF4}, 6 },  /* SETNEXTMSGRND2 */
            { {0x0C, 0x00, 0x02, 0x2C, 0xF7, 0x2C, 0xF8, 0x00, 0x00, 0x00, 0x00, 0x00, 0x00, 0x00, 0x00, 0x00, 0x00, 0x00, 0x00, 0x00, 0x00, 0x00, 0x00, 0x00, 0x00, 0x00, 0x00, 0x00, 0x00, 0x00, 0x00, 0x00, 0x00, 0x00, 0x00, 0x00, 0x00, 0x00, 0x00, 0x00, 0x00, 0x00, 0x00, 0x00, 0x00, 0x00, 0x00}, 7, {0x7F, 0x13, 0x2C, 0xF7, 0x2C, 0xF8}, 6 },  /* SETNEXTMSGRND2 */
            { {0x0C, 0x00, 0x02, 0x2C, 0xF7, 0x2C, 0xFA, 0x00, 0x00, 0x00, 0x00, 0x00, 0x00, 0x00, 0x00, 0x00, 0x00, 0x00, 0x00, 0x00, 0x00, 0x00, 0x00, 0x00, 0x00, 0x00, 0x00, 0x00, 0x00, 0x00, 0x00, 0x00, 0x00, 0x00, 0x00, 0x00, 0x00, 0x00, 0x00, 0x00, 0x00, 0x00, 0x00, 0x00, 0x00, 0x00, 0x00}, 7, {0x7F, 0x13, 0x2C, 0xF7, 0x2C, 0xFA}, 6 },  /* SETNEXTMSGRND2 */
            { {0x0C, 0x00, 0x02, 0x2D, 0x04, 0x2D, 0x05, 0x00, 0x00, 0x00, 0x00, 0x00, 0x00, 0x00, 0x00, 0x00, 0x00, 0x00, 0x00, 0x00, 0x00, 0x00, 0x00, 0x00, 0x00, 0x00, 0x00, 0x00, 0x00, 0x00, 0x00, 0x00, 0x00, 0x00, 0x00, 0x00, 0x00, 0x00, 0x00, 0x00, 0x00, 0x00, 0x00, 0x00, 0x00, 0x00, 0x00}, 7, {0x7F, 0x13, 0x2D, 0x04, 0x2D, 0x05}, 6 },  /* SETNEXTMSGRND2 */
            { {0x0C, 0x00, 0x02, 0x2D, 0x09, 0x2D, 0x0A, 0x00, 0x00, 0x00, 0x00, 0x00, 0x00, 0x00, 0x00, 0x00, 0x00, 0x00, 0x00, 0x00, 0x00, 0x00, 0x00, 0x00, 0x00, 0x00, 0x00, 0x00, 0x00, 0x00, 0x00, 0x00, 0x00, 0x00, 0x00, 0x00, 0x00, 0x00, 0x00, 0x00, 0x00, 0x00, 0x00, 0x00, 0x00, 0x00, 0x00}, 7, {0x7F, 0x13, 0x2D, 0x09, 0x2D, 0x0A}, 6 },  /* SETNEXTMSGRND2 */
            { {0x0C, 0x00, 0x02, 0x2D, 0x21, 0x2D, 0x22, 0x00, 0x00, 0x00, 0x00, 0x00, 0x00, 0x00, 0x00, 0x00, 0x00, 0x00, 0x00, 0x00, 0x00, 0x00, 0x00, 0x00, 0x00, 0x00, 0x00, 0x00, 0x00, 0x00, 0x00, 0x00, 0x00, 0x00, 0x00, 0x00, 0x00, 0x00, 0x00, 0x00, 0x00, 0x00, 0x00, 0x00, 0x00, 0x00, 0x00}, 7, {0x7F, 0x13, 0x2D, 0x21, 0x2D, 0x22}, 6 },  /* SETNEXTMSGRND2 */
            { {0x0C, 0x00, 0x02, 0x2D, 0x25, 0x2D, 0x26, 0x00, 0x00, 0x00, 0x00, 0x00, 0x00, 0x00, 0x00, 0x00, 0x00, 0x00, 0x00, 0x00, 0x00, 0x00, 0x00, 0x00, 0x00, 0x00, 0x00, 0x00, 0x00, 0x00, 0x00, 0x00, 0x00, 0x00, 0x00, 0x00, 0x00, 0x00, 0x00, 0x00, 0x00, 0x00, 0x00, 0x00, 0x00, 0x00, 0x00}, 7, {0x7F, 0x13, 0x2D, 0x25, 0x2D, 0x26}, 6 },  /* SETNEXTMSGRND2 */
            { {0x0C, 0x00, 0x02, 0x2F, 0x42, 0x2F, 0x43, 0x00, 0x00, 0x00, 0x00, 0x00, 0x00, 0x00, 0x00, 0x00, 0x00, 0x00, 0x00, 0x00, 0x00, 0x00, 0x00, 0x00, 0x00, 0x00, 0x00, 0x00, 0x00, 0x00, 0x00, 0x00, 0x00, 0x00, 0x00, 0x00, 0x00, 0x00, 0x00, 0x00, 0x00, 0x00, 0x00, 0x00, 0x00, 0x00, 0x00}, 7, {0x7F, 0x13, 0x2F, 0x42, 0x2F, 0x43}, 6 },  /* SETNEXTMSGRND2 */
            { {0x0C, 0x00, 0x02, 0x30, 0x57, 0x30, 0x58, 0x00, 0x00, 0x00, 0x00, 0x00, 0x00, 0x00, 0x00, 0x00, 0x00, 0x00, 0x00, 0x00, 0x00, 0x00, 0x00, 0x00, 0x00, 0x00, 0x00, 0x00, 0x00, 0x00, 0x00, 0x00, 0x00, 0x00, 0x00, 0x00, 0x00, 0x00, 0x00, 0x00, 0x00, 0x00, 0x00, 0x00, 0x00, 0x00, 0x00}, 7, {0x7F, 0x13, 0x30, 0x57, 0x30, 0x58}, 6 },  /* SETNEXTMSGRND2 */
            { {0x0C, 0x00, 0x02, 0x30, 0x59, 0x30, 0x5A, 0x00, 0x00, 0x00, 0x00, 0x00, 0x00, 0x00, 0x00, 0x00, 0x00, 0x00, 0x00, 0x00, 0x00, 0x00, 0x00, 0x00, 0x00, 0x00, 0x00, 0x00, 0x00, 0x00, 0x00, 0x00, 0x00, 0x00, 0x00, 0x00, 0x00, 0x00, 0x00, 0x00, 0x00, 0x00, 0x00, 0x00, 0x00, 0x00, 0x00}, 7, {0x7F, 0x13, 0x30, 0x59, 0x30, 0x5A}, 6 },  /* SETNEXTMSGRND2 */
            { {0x0C, 0x00, 0x02, 0x30, 0x5B, 0x30, 0x5C, 0x00, 0x00, 0x00, 0x00, 0x00, 0x00, 0x00, 0x00, 0x00, 0x00, 0x00, 0x00, 0x00, 0x00, 0x00, 0x00, 0x00, 0x00, 0x00, 0x00, 0x00, 0x00, 0x00, 0x00, 0x00, 0x00, 0x00, 0x00, 0x00, 0x00, 0x00, 0x00, 0x00, 0x00, 0x00, 0x00, 0x00, 0x00, 0x00, 0x00}, 7, {0x7F, 0x13, 0x30, 0x5B, 0x30, 0x5C}, 6 },  /* SETNEXTMSGRND2 */
            { {0x0C, 0x00, 0x02, 0x30, 0x5D, 0x30, 0x5E, 0x00, 0x00, 0x00, 0x00, 0x00, 0x00, 0x00, 0x00, 0x00, 0x00, 0x00, 0x00, 0x00, 0x00, 0x00, 0x00, 0x00, 0x00, 0x00, 0x00, 0x00, 0x00, 0x00, 0x00, 0x00, 0x00, 0x00, 0x00, 0x00, 0x00, 0x00, 0x00, 0x00, 0x00, 0x00, 0x00, 0x00, 0x00, 0x00, 0x00}, 7, {0x7F, 0x13, 0x30, 0x5D, 0x30, 0x5E}, 6 },  /* SETNEXTMSGRND2 */
            { {0x0C, 0x00, 0x02, 0x30, 0x5F, 0x30, 0x60, 0x00, 0x00, 0x00, 0x00, 0x00, 0x00, 0x00, 0x00, 0x00, 0x00, 0x00, 0x00, 0x00, 0x00, 0x00, 0x00, 0x00, 0x00, 0x00, 0x00, 0x00, 0x00, 0x00, 0x00, 0x00, 0x00, 0x00, 0x00, 0x00, 0x00, 0x00, 0x00, 0x00, 0x00, 0x00, 0x00, 0x00, 0x00, 0x00, 0x00}, 7, {0x7F, 0x13, 0x30, 0x5F, 0x30, 0x60}, 6 },  /* SETNEXTMSGRND2 */
            { {0x0C, 0x00, 0x02, 0x30, 0x61, 0x30, 0x62, 0x00, 0x00, 0x00, 0x00, 0x00, 0x00, 0x00, 0x00, 0x00, 0x00, 0x00, 0x00, 0x00, 0x00, 0x00, 0x00, 0x00, 0x00, 0x00, 0x00, 0x00, 0x00, 0x00, 0x00, 0x00, 0x00, 0x00, 0x00, 0x00, 0x00, 0x00, 0x00, 0x00, 0x00, 0x00, 0x00, 0x00, 0x00, 0x00, 0x00}, 7, {0x7F, 0x13, 0x30, 0x61, 0x30, 0x62}, 6 },  /* SETNEXTMSGRND2 */
            { {0x0C, 0x00, 0x02, 0x34, 0xBF, 0x34, 0xC0, 0x00, 0x00, 0x00, 0x00, 0x00, 0x00, 0x00, 0x00, 0x00, 0x00, 0x00, 0x00, 0x00, 0x00, 0x00, 0x00, 0x00, 0x00, 0x00, 0x00, 0x00, 0x00, 0x00, 0x00, 0x00, 0x00, 0x00, 0x00, 0x00, 0x00, 0x00, 0x00, 0x00, 0x00, 0x00, 0x00, 0x00, 0x00, 0x00, 0x00}, 7, {0x7F, 0x13, 0x34, 0xBF, 0x34, 0xC0}, 6 },  /* SETNEXTMSGRND2 */
            { {0x0C, 0x00, 0x02, 0x34, 0xC1, 0x34, 0xC2, 0x00, 0x00, 0x00, 0x00, 0x00, 0x00, 0x00, 0x00, 0x00, 0x00, 0x00, 0x00, 0x00, 0x00, 0x00, 0x00, 0x00, 0x00, 0x00, 0x00, 0x00, 0x00, 0x00, 0x00, 0x00, 0x00, 0x00, 0x00, 0x00, 0x00, 0x00, 0x00, 0x00, 0x00, 0x00, 0x00, 0x00, 0x00, 0x00, 0x00}, 7, {0x7F, 0x13, 0x34, 0xC1, 0x34, 0xC2}, 6 },  /* SETNEXTMSGRND2 */
            { {0x0C, 0x00, 0x02, 0x34, 0xC3, 0x34, 0xC4, 0x00, 0x00, 0x00, 0x00, 0x00, 0x00, 0x00, 0x00, 0x00, 0x00, 0x00, 0x00, 0x00, 0x00, 0x00, 0x00, 0x00, 0x00, 0x00, 0x00, 0x00, 0x00, 0x00, 0x00, 0x00, 0x00, 0x00, 0x00, 0x00, 0x00, 0x00, 0x00, 0x00, 0x00, 0x00, 0x00, 0x00, 0x00, 0x00, 0x00}, 7, {0x7F, 0x13, 0x34, 0xC3, 0x34, 0xC4}, 6 },  /* SETNEXTMSGRND2 */
            { {0x0C, 0x00, 0x02, 0x34, 0xC5, 0x34, 0xC6, 0x00, 0x00, 0x00, 0x00, 0x00, 0x00, 0x00, 0x00, 0x00, 0x00, 0x00, 0x00, 0x00, 0x00, 0x00, 0x00, 0x00, 0x00, 0x00, 0x00, 0x00, 0x00, 0x00, 0x00, 0x00, 0x00, 0x00, 0x00, 0x00, 0x00, 0x00, 0x00, 0x00, 0x00, 0x00, 0x00, 0x00, 0x00, 0x00, 0x00}, 7, {0x7F, 0x13, 0x34, 0xC5, 0x34, 0xC6}, 6 },  /* SETNEXTMSGRND2 */
            { {0x0C, 0x00, 0x02, 0x34, 0xC7, 0x34, 0xC8, 0x00, 0x00, 0x00, 0x00, 0x00, 0x00, 0x00, 0x00, 0x00, 0x00, 0x00, 0x00, 0x00, 0x00, 0x00, 0x00, 0x00, 0x00, 0x00, 0x00, 0x00, 0x00, 0x00, 0x00, 0x00, 0x00, 0x00, 0x00, 0x00, 0x00, 0x00, 0x00, 0x00, 0x00, 0x00, 0x00, 0x00, 0x00, 0x00, 0x00}, 7, {0x7F, 0x13, 0x34, 0xC7, 0x34, 0xC8}, 6 },  /* SETNEXTMSGRND2 */
            { {0x0C, 0x00, 0x02, 0x34, 0xC9, 0x34, 0xCA, 0x00, 0x00, 0x00, 0x00, 0x00, 0x00, 0x00, 0x00, 0x00, 0x00, 0x00, 0x00, 0x00, 0x00, 0x00, 0x00, 0x00, 0x00, 0x00, 0x00, 0x00, 0x00, 0x00, 0x00, 0x00, 0x00, 0x00, 0x00, 0x00, 0x00, 0x00, 0x00, 0x00, 0x00, 0x00, 0x00, 0x00, 0x00, 0x00, 0x00}, 7, {0x7F, 0x13, 0x34, 0xC9, 0x34, 0xCA}, 6 },  /* SETNEXTMSGRND2 */
            { {0x0C, 0x00, 0x02, 0x3E, 0x98, 0x3E, 0x9B, 0x00, 0x00, 0x00, 0x00, 0x00, 0x00, 0x00, 0x00, 0x00, 0x00, 0x00, 0x00, 0x00, 0x00, 0x00, 0x00, 0x00, 0x00, 0x00, 0x00, 0x00, 0x00, 0x00, 0x00, 0x00, 0x00, 0x00, 0x00, 0x00, 0x00, 0x00, 0x00, 0x00, 0x00, 0x00, 0x00, 0x00, 0x00, 0x00, 0x00}, 7, {0x7F, 0x13, 0x3E, 0x98, 0x3E, 0x9B}, 6 },  /* SETNEXTMSGRND2 */
            { {0x0C, 0x00, 0x02, 0x3E, 0xB1, 0x3E, 0xB2, 0x00, 0x00, 0x00, 0x00, 0x00, 0x00, 0x00, 0x00, 0x00, 0x00, 0x00, 0x00, 0x00, 0x00, 0x00, 0x00, 0x00, 0x00, 0x00, 0x00, 0x00, 0x00, 0x00, 0x00, 0x00, 0x00, 0x00, 0x00, 0x00, 0x00, 0x00, 0x00, 0x00, 0x00, 0x00, 0x00, 0x00, 0x00, 0x00, 0x00}, 7, {0x7F, 0x13, 0x3E, 0xB1, 0x3E, 0xB2}, 6 },  /* SETNEXTMSGRND2 */
            { {0x0C, 0x00, 0x02, 0x3E, 0xB3, 0x3E, 0xBB, 0x00, 0x00, 0x00, 0x00, 0x00, 0x00, 0x00, 0x00, 0x00, 0x00, 0x00, 0x00, 0x00, 0x00, 0x00, 0x00, 0x00, 0x00, 0x00, 0x00, 0x00, 0x00, 0x00, 0x00, 0x00, 0x00, 0x00, 0x00, 0x00, 0x00, 0x00, 0x00, 0x00, 0x00, 0x00, 0x00, 0x00, 0x00, 0x00, 0x00}, 7, {0x7F, 0x13, 0x3E, 0xB3, 0x3E, 0xBB}, 6 },  /* SETNEXTMSGRND2 */
            { {0x0C, 0x00, 0x02, 0x3E, 0xB9, 0x3E, 0xBA, 0x00, 0x00, 0x00, 0x00, 0x00, 0x00, 0x00, 0x00, 0x00, 0x00, 0x00, 0x00, 0x00, 0x00, 0x00, 0x00, 0x00, 0x00, 0x00, 0x00, 0x00, 0x00, 0x00, 0x00, 0x00, 0x00, 0x00, 0x00, 0x00, 0x00, 0x00, 0x00, 0x00, 0x00, 0x00, 0x00, 0x00, 0x00, 0x00, 0x00}, 7, {0x7F, 0x13, 0x3E, 0xB9, 0x3E, 0xBA}, 6 },  /* SETNEXTMSGRND2 */
            { {0x0C, 0x00, 0x02, 0x3E, 0xD0, 0x3E, 0xD2, 0x00, 0x00, 0x00, 0x00, 0x00, 0x00, 0x00, 0x00, 0x00, 0x00, 0x00, 0x00, 0x00, 0x00, 0x00, 0x00, 0x00, 0x00, 0x00, 0x00, 0x00, 0x00, 0x00, 0x00, 0x00, 0x00, 0x00, 0x00, 0x00, 0x00, 0x00, 0x00, 0x00, 0x00, 0x00, 0x00, 0x00, 0x00, 0x00, 0x00}, 7, {0x7F, 0x13, 0x3E, 0xD0, 0x3E, 0xD2}, 6 },  /* SETNEXTMSGRND2 */
            { {0x0C, 0x00, 0x02, 0x3E, 0xD5, 0x3E, 0xD6, 0x00, 0x00, 0x00, 0x00, 0x00, 0x00, 0x00, 0x00, 0x00, 0x00, 0x00, 0x00, 0x00, 0x00, 0x00, 0x00, 0x00, 0x00, 0x00, 0x00, 0x00, 0x00, 0x00, 0x00, 0x00, 0x00, 0x00, 0x00, 0x00, 0x00, 0x00, 0x00, 0x00, 0x00, 0x00, 0x00, 0x00, 0x00, 0x00, 0x00}, 7, {0x7F, 0x13, 0x3E, 0xD5, 0x3E, 0xD6}, 6 },  /* SETNEXTMSGRND2 */
            { {0x0C, 0x00, 0x02, 0x3E, 0xF3, 0x3E, 0xF4, 0x00, 0x00, 0x00, 0x00, 0x00, 0x00, 0x00, 0x00, 0x00, 0x00, 0x00, 0x00, 0x00, 0x00, 0x00, 0x00, 0x00, 0x00, 0x00, 0x00, 0x00, 0x00, 0x00, 0x00, 0x00, 0x00, 0x00, 0x00, 0x00, 0x00, 0x00, 0x00, 0x00, 0x00, 0x00, 0x00, 0x00, 0x00, 0x00, 0x00}, 7, {0x7F, 0x13, 0x3E, 0xF3, 0x3E, 0xF4}, 6 },  /* SETNEXTMSGRND2 */
            { {0x0C, 0x00, 0x07, 0x36, 0x3B, 0x36, 0x3C, 0x00, 0x00, 0x00, 0x00, 0x00, 0x00, 0x00, 0x00, 0x00, 0x00, 0x00, 0x00, 0x00, 0x00, 0x00, 0x00, 0x00, 0x00, 0x00, 0x00, 0x00, 0x00, 0x00, 0x00, 0x00, 0x00, 0x00, 0x00, 0x00, 0x00, 0x00, 0x00, 0x00, 0x00, 0x00, 0x00, 0x00, 0x00, 0x00, 0x00}, 7, {0x7F, 0x6A, 0x36, 0x3B, 0x36, 0x3C}, 6 },  /* MALEFEMALECHK */
            { {0x0C, 0x00, 0x07, 0x36, 0x5E, 0x36, 0x5F, 0x00, 0x00, 0x00, 0x00, 0x00, 0x00, 0x00, 0x00, 0x00, 0x00, 0x00, 0x00, 0x00, 0x00, 0x00, 0x00, 0x00, 0x00, 0x00, 0x00, 0x00, 0x00, 0x00, 0x00, 0x00, 0x00, 0x00, 0x00, 0x00, 0x00, 0x00, 0x00, 0x00, 0x00, 0x00, 0x00, 0x00, 0x00, 0x00, 0x00}, 7, {0x7F, 0x6A, 0x36, 0x5E, 0x36, 0x5F}, 6 },  /* MALEFEMALECHK */
            { {0x0C, 0x00, 0x07, 0x36, 0x6B, 0x36, 0x6C, 0x00, 0x00, 0x00, 0x00, 0x00, 0x00, 0x00, 0x00, 0x00, 0x00, 0x00, 0x00, 0x00, 0x00, 0x00, 0x00, 0x00, 0x00, 0x00, 0x00, 0x00, 0x00, 0x00, 0x00, 0x00, 0x00, 0x00, 0x00, 0x00, 0x00, 0x00, 0x00, 0x00, 0x00, 0x00, 0x00, 0x00, 0x00, 0x00, 0x00}, 7, {0x7F, 0x6A, 0x36, 0x6B, 0x36, 0x6C}, 6 },  /* MALEFEMALECHK */
            { {0x0C, 0x00, 0x07, 0x36, 0x86, 0x36, 0x87, 0x00, 0x00, 0x00, 0x00, 0x00, 0x00, 0x00, 0x00, 0x00, 0x00, 0x00, 0x00, 0x00, 0x00, 0x00, 0x00, 0x00, 0x00, 0x00, 0x00, 0x00, 0x00, 0x00, 0x00, 0x00, 0x00, 0x00, 0x00, 0x00, 0x00, 0x00, 0x00, 0x00, 0x00, 0x00, 0x00, 0x00, 0x00, 0x00, 0x00}, 7, {0x7F, 0x6A, 0x36, 0x86, 0x36, 0x87}, 6 },  /* MALEFEMALECHK */
            { {0x0C, 0x00, 0x07, 0x36, 0x8D, 0x36, 0x8E, 0x00, 0x00, 0x00, 0x00, 0x00, 0x00, 0x00, 0x00, 0x00, 0x00, 0x00, 0x00, 0x00, 0x00, 0x00, 0x00, 0x00, 0x00, 0x00, 0x00, 0x00, 0x00, 0x00, 0x00, 0x00, 0x00, 0x00, 0x00, 0x00, 0x00, 0x00, 0x00, 0x00, 0x00, 0x00, 0x00, 0x00, 0x00, 0x00, 0x00}, 7, {0x7F, 0x6A, 0x36, 0x8D, 0x36, 0x8E}, 6 },  /* MALEFEMALECHK */
            { {0x0C, 0x00, 0x07, 0x36, 0xA9, 0x36, 0xAA, 0x00, 0x00, 0x00, 0x00, 0x00, 0x00, 0x00, 0x00, 0x00, 0x00, 0x00, 0x00, 0x00, 0x00, 0x00, 0x00, 0x00, 0x00, 0x00, 0x00, 0x00, 0x00, 0x00, 0x00, 0x00, 0x00, 0x00, 0x00, 0x00, 0x00, 0x00, 0x00, 0x00, 0x00, 0x00, 0x00, 0x00, 0x00, 0x00, 0x00}, 7, {0x7F, 0x6A, 0x36, 0xA9, 0x36, 0xAA}, 6 },  /* MALEFEMALECHK */
            { {0x0C, 0x00, 0x07, 0x38, 0xA5, 0x38, 0xA6, 0x00, 0x00, 0x00, 0x00, 0x00, 0x00, 0x00, 0x00, 0x00, 0x00, 0x00, 0x00, 0x00, 0x00, 0x00, 0x00, 0x00, 0x00, 0x00, 0x00, 0x00, 0x00, 0x00, 0x00, 0x00, 0x00, 0x00, 0x00, 0x00, 0x00, 0x00, 0x00, 0x00, 0x00, 0x00, 0x00, 0x00, 0x00, 0x00, 0x00}, 7, {0x7F, 0x6A, 0x38, 0xA5, 0x38, 0xA6}, 6 },  /* MALEFEMALECHK */
            { {0x0C, 0x00, 0x07, 0x38, 0xAD, 0x38, 0xAE, 0x00, 0x00, 0x00, 0x00, 0x00, 0x00, 0x00, 0x00, 0x00, 0x00, 0x00, 0x00, 0x00, 0x00, 0x00, 0x00, 0x00, 0x00, 0x00, 0x00, 0x00, 0x00, 0x00, 0x00, 0x00, 0x00, 0x00, 0x00, 0x00, 0x00, 0x00, 0x00, 0x00, 0x00, 0x00, 0x00, 0x00, 0x00, 0x00, 0x00}, 7, {0x7F, 0x6A, 0x38, 0xAD, 0x38, 0xAE}, 6 },  /* MALEFEMALECHK */
            { {0x0C, 0x00, 0x07, 0x39, 0xA8, 0x39, 0xAD, 0x00, 0x00, 0x00, 0x00, 0x00, 0x00, 0x00, 0x00, 0x00, 0x00, 0x00, 0x00, 0x00, 0x00, 0x00, 0x00, 0x00, 0x00, 0x00, 0x00, 0x00, 0x00, 0x00, 0x00, 0x00, 0x00, 0x00, 0x00, 0x00, 0x00, 0x00, 0x00, 0x00, 0x00, 0x00, 0x00, 0x00, 0x00, 0x00, 0x00}, 7, {0x7F, 0x6A, 0x39, 0xA8, 0x39, 0xAD}, 6 },  /* MALEFEMALECHK */
            { {0x13, 0x00, 0x14, 0x64, 0xFE, 0x64, 0x65, 0x00, 0x00, 0x00, 0x00, 0x00, 0x00, 0x00, 0x00, 0x00, 0x00, 0x00, 0x00, 0x00, 0x00, 0x00, 0x00, 0x00, 0x00, 0x00, 0x00, 0x00, 0x00, 0x00, 0x00, 0x00, 0x00, 0x00, 0x00, 0x00, 0x00, 0x00, 0x00, 0x00, 0x00, 0x00, 0x00, 0x00, 0x00, 0x00, 0x00}, 7, {0x7F, 0x03, 0x08}, 3 },  /* PAUSE */
            { {0x13, 0x00, 0x14, 0x66, 0xFE, 0x76, 0x65, 0x00, 0x00, 0x00, 0x00, 0x00, 0x00, 0x00, 0x00, 0x00, 0x00, 0x00, 0x00, 0x00, 0x00, 0x00, 0x00, 0x00, 0x00, 0x00, 0x00, 0x00, 0x00, 0x00, 0x00, 0x00, 0x00, 0x00, 0x00, 0x00, 0x00, 0x00, 0x00, 0x00, 0x00, 0x00, 0x00, 0x00, 0x00, 0x00, 0x00}, 7, {0x7F, 0x03, 0x0A}, 3 },  /* PAUSE */
            { {0x13, 0x00, 0x14, 0x6C, 0xFE, 0x6C, 0x61, 0x00, 0x00, 0x00, 0x00, 0x00, 0x00, 0x00, 0x00, 0x00, 0x00, 0x00, 0x00, 0x00, 0x00, 0x00, 0x00, 0x00, 0x00, 0x00, 0x00, 0x00, 0x00, 0x00, 0x00, 0x00, 0x00, 0x00, 0x00, 0x00, 0x00, 0x00, 0x00, 0x00, 0x00, 0x00, 0x00, 0x00, 0x00, 0x00, 0x00}, 7, {0x7F, 0x03, 0x0C}, 3 },  /* PAUSE */
            { {0x13, 0x00, 0x14, 0x6C, 0xFE, 0x6C, 0x65, 0x00, 0x00, 0x00, 0x00, 0x00, 0x00, 0x00, 0x00, 0x00, 0x00, 0x00, 0x00, 0x00, 0x00, 0x00, 0x00, 0x00, 0x00, 0x00, 0x00, 0x00, 0x00, 0x00, 0x00, 0x00, 0x00, 0x00, 0x00, 0x00, 0x00, 0x00, 0x00, 0x00, 0x00, 0x00, 0x00, 0x00, 0x00, 0x00, 0x00}, 7, {0x7F, 0x1A}, 2 },  /* STR_PLAYERNAME */
            { {0x13, 0x00, 0x14, 0x6E, 0xFE, 0x6E, 0x61, 0x00, 0x00, 0x00, 0x00, 0x00, 0x00, 0x00, 0x00, 0x00, 0x00, 0x00, 0x00, 0x00, 0x00, 0x00, 0x00, 0x00, 0x00, 0x00, 0x00, 0x00, 0x00, 0x00, 0x00, 0x00, 0x00, 0x00, 0x00, 0x00, 0x00, 0x00, 0x00, 0x00, 0x00, 0x00, 0x00, 0x00, 0x00, 0x00, 0x00}, 7, {0x7F, 0x03, 0x0C}, 3 },  /* PAUSE */
            { {0x13, 0x00, 0x14, 0x6E, 0xFE, 0x6E, 0x65, 0x00, 0x00, 0x00, 0x00, 0x00, 0x00, 0x00, 0x00, 0x00, 0x00, 0x00, 0x00, 0x00, 0x00, 0x00, 0x00, 0x00, 0x00, 0x00, 0x00, 0x00, 0x00, 0x00, 0x00, 0x00, 0x00, 0x00, 0x00, 0x00, 0x00, 0x00, 0x00, 0x00, 0x00, 0x00, 0x00, 0x00, 0x00, 0x00, 0x00}, 7, {0x7F, 0x03, 0x06}, 3 },  /* PAUSE */
            { {0x13, 0x00, 0x14, 0x6F, 0x6E, 0xFE, 0x61, 0x00, 0x00, 0x00, 0x00, 0x00, 0x00, 0x00, 0x00, 0x00, 0x00, 0x00, 0x00, 0x00, 0x00, 0x00, 0x00, 0x00, 0x00, 0x00, 0x00, 0x00, 0x00, 0x00, 0x00, 0x00, 0x00, 0x00, 0x00, 0x00, 0x00, 0x00, 0x00, 0x00, 0x00, 0x00, 0x00, 0x00, 0x00, 0x00, 0x00}, 7, {0x7F, 0x1A}, 2 },  /* STR_PLAYERNAME */
            { {0x13, 0x00, 0x14, 0x72, 0xFE, 0x72, 0x61, 0x00, 0x00, 0x00, 0x00, 0x00, 0x00, 0x00, 0x00, 0x00, 0x00, 0x00, 0x00, 0x00, 0x00, 0x00, 0x00, 0x00, 0x00, 0x00, 0x00, 0x00, 0x00, 0x00, 0x00, 0x00, 0x00, 0x00, 0x00, 0x00, 0x00, 0x00, 0x00, 0x00, 0x00, 0x00, 0x00, 0x00, 0x00, 0x00, 0x00}, 7, {0x7F, 0x03, 0x08}, 3 },  /* PAUSE */
            { {0x13, 0x00, 0x14, 0x73, 0xFE, 0x65, 0x73, 0x00, 0x00, 0x00, 0x00, 0x00, 0x00, 0x00, 0x00, 0x00, 0x00, 0x00, 0x00, 0x00, 0x00, 0x00, 0x00, 0x00, 0x00, 0x00, 0x00, 0x00, 0x00, 0x00, 0x00, 0x00, 0x00, 0x00, 0x00, 0x00, 0x00, 0x00, 0x00, 0x00, 0x00, 0x00, 0x00, 0x00, 0x00, 0x00, 0x00}, 7, {0x7F, 0x03, 0x06}, 3 },  /* PAUSE */
            { {0x13, 0x00, 0x14, 0x74, 0xFE, 0x74, 0x65, 0x00, 0x00, 0x00, 0x00, 0x00, 0x00, 0x00, 0x00, 0x00, 0x00, 0x00, 0x00, 0x00, 0x00, 0x00, 0x00, 0x00, 0x00, 0x00, 0x00, 0x00, 0x00, 0x00, 0x00, 0x00, 0x00, 0x00, 0x00, 0x00, 0x00, 0x00, 0x00, 0x00, 0x00, 0x00, 0x00, 0x00, 0x00, 0x00, 0x00}, 7, {0x7F, 0x05, 0xFF, 0xFF, 0xAF}, 5 },  /* TEXTCOLOR */
            { {0x13, 0x00, 0x14, 0x75, 0xFE, 0x75, 0x65, 0x00, 0x00, 0x00, 0x00, 0x00, 0x00, 0x00, 0x00, 0x00, 0x00, 0x00, 0x00, 0x00, 0x00, 0x00, 0x00, 0x00, 0x00, 0x00, 0x00, 0x00, 0x00, 0x00, 0x00, 0x00, 0x00, 0x00, 0x00, 0x00, 0x00, 0x00, 0x00, 0x00, 0x00, 0x00, 0x00, 0x00, 0x00, 0x00, 0x00}, 7, {0x7F, 0x2A}, 2 },  /* STR_FREE6 */
            { {0x13, 0x00, 0x14, 0x78, 0xFE, 0x73, 0x65, 0x00, 0x00, 0x00, 0x00, 0x00, 0x00, 0x00, 0x00, 0x00, 0x00, 0x00, 0x00, 0x00, 0x00, 0x00, 0x00, 0x00, 0x00, 0x00, 0x00, 0x00, 0x00, 0x00, 0x00, 0x00, 0x00, 0x00, 0x00, 0x00, 0x00, 0x00, 0x00, 0x00, 0x00, 0x00, 0x00, 0x00, 0x00, 0x00, 0x00}, 7, {0x7F, 0x03, 0x0C}, 3 },  /* PAUSE */
            { {0x13, 0x00, 0x14, 0x7C, 0xFE, 0x7C, 0x65, 0x00, 0x00, 0x00, 0x00, 0x00, 0x00, 0x00, 0x00, 0x00, 0x00, 0x00, 0x00, 0x00, 0x00, 0x00, 0x00, 0x00, 0x00, 0x00, 0x00, 0x00, 0x00, 0x00, 0x00, 0x00, 0x00, 0x00, 0x00, 0x00, 0x00, 0x00, 0x00, 0x00, 0x00, 0x00, 0x00, 0x00, 0x00, 0x00, 0x00}, 7, {0x7F, 0x03, 0x04}, 3 },  /* PAUSE */
            { {0x13, 0x00, 0x14, 0x65, 0xFE, 0x61, 0x00, 0x00, 0x00, 0x00, 0x00, 0x00, 0x00, 0x00, 0x00, 0x00, 0x00, 0x00, 0x00, 0x00, 0x00, 0x00, 0x00, 0x00, 0x00, 0x00, 0x00, 0x00, 0x00, 0x00, 0x00, 0x00, 0x00, 0x00, 0x00, 0x00, 0x00, 0x00, 0x00, 0x00, 0x00, 0x00, 0x00, 0x00, 0x00, 0x00, 0x00}, 6, {0x7F, 0x03, 0x0A}, 3 },  /* PAUSE */
            { {0x13, 0x00, 0x14, 0x69, 0xFE, 0x65, 0x00, 0x00, 0x00, 0x00, 0x00, 0x00, 0x00, 0x00, 0x00, 0x00, 0x00, 0x00, 0x00, 0x00, 0x00, 0x00, 0x00, 0x00, 0x00, 0x00, 0x00, 0x00, 0x00, 0x00, 0x00, 0x00, 0x00, 0x00, 0x00, 0x00, 0x00, 0x00, 0x00, 0x00, 0x00, 0x00, 0x00, 0x00, 0x00, 0x00, 0x00}, 6, {0x7F, 0x03, 0x04}, 3 },  /* PAUSE */
            { {0x13, 0x00, 0x14, 0x6F, 0xFE, 0x61, 0x00, 0x00, 0x00, 0x00, 0x00, 0x00, 0x00, 0x00, 0x00, 0x00, 0x00, 0x00, 0x00, 0x00, 0x00, 0x00, 0x00, 0x00, 0x00, 0x00, 0x00, 0x00, 0x00, 0x00, 0x00, 0x00, 0x00, 0x00, 0x00, 0x00, 0x00, 0x00, 0x00, 0x00, 0x00, 0x00, 0x00, 0x00, 0x00, 0x00, 0x00}, 6, {0x7F, 0x03, 0x08}, 3 },  /* PAUSE */
            { {0x02, 0x00, 0x05, 0x16, 0xE9, 0x00, 0x00, 0x00, 0x00, 0x00, 0x00, 0x00, 0x00, 0x00, 0x00, 0x00, 0x00, 0x00, 0x00, 0x00, 0x00, 0x00, 0x00, 0x00, 0x00, 0x00, 0x00, 0x00, 0x00, 0x00, 0x00, 0x00, 0x00, 0x00, 0x00, 0x00, 0x00, 0x00, 0x00, 0x00, 0x00, 0x00, 0x00, 0x00, 0x00, 0x00, 0x00}, 5, {0x7F, 0x0F, 0x16, 0xE9}, 4 },  /* SETNEXTMSG0 */
            { {0x02, 0x00, 0x05, 0x29, 0xAF, 0x00, 0x00, 0x00, 0x00, 0x00, 0x00, 0x00, 0x00, 0x00, 0x00, 0x00, 0x00, 0x00, 0x00, 0x00, 0x00, 0x00, 0x00, 0x00, 0x00, 0x00, 0x00, 0x00, 0x00, 0x00, 0x00, 0x00, 0x00, 0x00, 0x00, 0x00, 0x00, 0x00, 0x00, 0x00, 0x00, 0x00, 0x00, 0x00, 0x00, 0x00, 0x00}, 5, {0x7F, 0x0F, 0x29, 0xAF}, 4 },  /* SETNEXTMSG0 */
            { {0x02, 0x00, 0x05, 0x29, 0xB1, 0x00, 0x00, 0x00, 0x00, 0x00, 0x00, 0x00, 0x00, 0x00, 0x00, 0x00, 0x00, 0x00, 0x00, 0x00, 0x00, 0x00, 0x00, 0x00, 0x00, 0x00, 0x00, 0x00, 0x00, 0x00, 0x00, 0x00, 0x00, 0x00, 0x00, 0x00, 0x00, 0x00, 0x00, 0x00, 0x00, 0x00, 0x00, 0x00, 0x00, 0x00, 0x00}, 5, {0x7F, 0x0F, 0x29, 0xB1}, 4 },  /* SETNEXTMSG0 */
            { {0x02, 0x00, 0x05, 0x36, 0x23, 0x00, 0x00, 0x00, 0x00, 0x00, 0x00, 0x00, 0x00, 0x00, 0x00, 0x00, 0x00, 0x00, 0x00, 0x00, 0x00, 0x00, 0x00, 0x00, 0x00, 0x00, 0x00, 0x00, 0x00, 0x00, 0x00, 0x00, 0x00, 0x00, 0x00, 0x00, 0x00, 0x00, 0x00, 0x00, 0x00, 0x00, 0x00, 0x00, 0x00, 0x00, 0x00}, 5, {0x7F, 0x0F, 0x36, 0x23}, 4 },  /* SETNEXTMSG0 */
            { {0x02, 0x00, 0x06, 0x16, 0xEA, 0x00, 0x00, 0x00, 0x00, 0x00, 0x00, 0x00, 0x00, 0x00, 0x00, 0x00, 0x00, 0x00, 0x00, 0x00, 0x00, 0x00, 0x00, 0x00, 0x00, 0x00, 0x00, 0x00, 0x00, 0x00, 0x00, 0x00, 0x00, 0x00, 0x00, 0x00, 0x00, 0x00, 0x00, 0x00, 0x00, 0x00, 0x00, 0x00, 0x00, 0x00, 0x00}, 5, {0x7F, 0x10, 0x16, 0xEA}, 4 },  /* SETNEXTMSG1 */
            { {0x02, 0x00, 0x06, 0x29, 0xB0, 0x00, 0x00, 0x00, 0x00, 0x00, 0x00, 0x00, 0x00, 0x00, 0x00, 0x00, 0x00, 0x00, 0x00, 0x00, 0x00, 0x00, 0x00, 0x00, 0x00, 0x00, 0x00, 0x00, 0x00, 0x00, 0x00, 0x00, 0x00, 0x00, 0x00, 0x00, 0x00, 0x00, 0x00, 0x00, 0x00, 0x00, 0x00, 0x00, 0x00, 0x00, 0x00}, 5, {0x7F, 0x10, 0x29, 0xB0}, 4 },  /* SETNEXTMSG1 */
            { {0x02, 0x00, 0x06, 0x29, 0xB1, 0x00, 0x00, 0x00, 0x00, 0x00, 0x00, 0x00, 0x00, 0x00, 0x00, 0x00, 0x00, 0x00, 0x00, 0x00, 0x00, 0x00, 0x00, 0x00, 0x00, 0x00, 0x00, 0x00, 0x00, 0x00, 0x00, 0x00, 0x00, 0x00, 0x00, 0x00, 0x00, 0x00, 0x00, 0x00, 0x00, 0x00, 0x00, 0x00, 0x00, 0x00, 0x00}, 5, {0x7F, 0x10, 0x29, 0xB1}, 4 },  /* SETNEXTMSG1 */
            { {0x02, 0x00, 0x06, 0x36, 0x24, 0x00, 0x00, 0x00, 0x00, 0x00, 0x00, 0x00, 0x00, 0x00, 0x00, 0x00, 0x00, 0x00, 0x00, 0x00, 0x00, 0x00, 0x00, 0x00, 0x00, 0x00, 0x00, 0x00, 0x00, 0x00, 0x00, 0x00, 0x00, 0x00, 0x00, 0x00, 0x00, 0x00, 0x00, 0x00, 0x00, 0x00, 0x00, 0x00, 0x00, 0x00, 0x00}, 5, {0x7F, 0x10, 0x36, 0x24}, 4 },  /* SETNEXTMSG1 */
            { {0x02, 0x00, 0x07, 0x16, 0xEB, 0x00, 0x00, 0x00, 0x00, 0x00, 0x00, 0x00, 0x00, 0x00, 0x00, 0x00, 0x00, 0x00, 0x00, 0x00, 0x00, 0x00, 0x00, 0x00, 0x00, 0x00, 0x00, 0x00, 0x00, 0x00, 0x00, 0x00, 0x00, 0x00, 0x00, 0x00, 0x00, 0x00, 0x00, 0x00, 0x00, 0x00, 0x00, 0x00, 0x00, 0x00, 0x00}, 5, {0x7F, 0x11, 0x16, 0xEB}, 4 },  /* SETNEXTMSG2 */
            { {0x02, 0x00, 0x07, 0x29, 0xAF, 0x00, 0x00, 0x00, 0x00, 0x00, 0x00, 0x00, 0x00, 0x00, 0x00, 0x00, 0x00, 0x00, 0x00, 0x00, 0x00, 0x00, 0x00, 0x00, 0x00, 0x00, 0x00, 0x00, 0x00, 0x00, 0x00, 0x00, 0x00, 0x00, 0x00, 0x00, 0x00, 0x00, 0x00, 0x00, 0x00, 0x00, 0x00, 0x00, 0x00, 0x00, 0x00}, 5, {0x7F, 0x11, 0x29, 0xAF}, 4 },  /* SETNEXTMSG2 */
            { {0x02, 0x00, 0x07, 0x29, 0xB2, 0x00, 0x00, 0x00, 0x00, 0x00, 0x00, 0x00, 0x00, 0x00, 0x00, 0x00, 0x00, 0x00, 0x00, 0x00, 0x00, 0x00, 0x00, 0x00, 0x00, 0x00, 0x00, 0x00, 0x00, 0x00, 0x00, 0x00, 0x00, 0x00, 0x00, 0x00, 0x00, 0x00, 0x00, 0x00, 0x00, 0x00, 0x00, 0x00, 0x00, 0x00, 0x00}, 5, {0x7F, 0x11, 0x29, 0xB2}, 4 },  /* SETNEXTMSG2 */
            { {0x02, 0x00, 0x08, 0x29, 0xAF, 0x00, 0x00, 0x00, 0x00, 0x00, 0x00, 0x00, 0x00, 0x00, 0x00, 0x00, 0x00, 0x00, 0x00, 0x00, 0x00, 0x00, 0x00, 0x00, 0x00, 0x00, 0x00, 0x00, 0x00, 0x00, 0x00, 0x00, 0x00, 0x00, 0x00, 0x00, 0x00, 0x00, 0x00, 0x00, 0x00, 0x00, 0x00, 0x00, 0x00, 0x00, 0x00}, 5, {0x7F, 0x12, 0x29, 0xAF}, 4 },  /* SETNEXTMSG3 */
            { {0x02, 0x00, 0x08, 0x29, 0xB1, 0x00, 0x00, 0x00, 0x00, 0x00, 0x00, 0x00, 0x00, 0x00, 0x00, 0x00, 0x00, 0x00, 0x00, 0x00, 0x00, 0x00, 0x00, 0x00, 0x00, 0x00, 0x00, 0x00, 0x00, 0x00, 0x00, 0x00, 0x00, 0x00, 0x00, 0x00, 0x00, 0x00, 0x00, 0x00, 0x00, 0x00, 0x00, 0x00, 0x00, 0x00, 0x00}, 5, {0x7F, 0x12, 0x29, 0xB1}, 4 },  /* SETNEXTMSG3 */
            { {0x0A, 0x00, 0x12, 0x00, 0x00, 0x00, 0x00, 0x00, 0x00, 0x00, 0x00, 0x00, 0x00, 0x00, 0x00, 0x00, 0x00, 0x00, 0x00, 0x00, 0x00, 0x00, 0x00, 0x00, 0x00, 0x00, 0x00, 0x00, 0x00, 0x00, 0x00, 0x00, 0x00, 0x00, 0x00, 0x00, 0x00, 0x00, 0x00, 0x00, 0x00, 0x00, 0x00, 0x00, 0x00, 0x00, 0x00}, 5, {0x7F, 0x57, 0x00, 0x00}, 4 },  /* BGMDELETE */
            { {0x0A, 0x00, 0x12, 0x01, 0x00, 0x00, 0x00, 0x00, 0x00, 0x00, 0x00, 0x00, 0x00, 0x00, 0x00, 0x00, 0x00, 0x00, 0x00, 0x00, 0x00, 0x00, 0x00, 0x00, 0x00, 0x00, 0x00, 0x00, 0x00, 0x00, 0x00, 0x00, 0x00, 0x00, 0x00, 0x00, 0x00, 0x00, 0x00, 0x00, 0x00, 0x00, 0x00, 0x00, 0x00, 0x00, 0x00}, 5, {0x7F, 0x57, 0x01, 0x00}, 4 },  /* BGMDELETE */
            { {0x0A, 0x00, 0x12, 0x02, 0x00, 0x00, 0x00, 0x00, 0x00, 0x00, 0x00, 0x00, 0x00, 0x00, 0x00, 0x00, 0x00, 0x00, 0x00, 0x00, 0x00, 0x00, 0x00, 0x00, 0x00, 0x00, 0x00, 0x00, 0x00, 0x00, 0x00, 0x00, 0x00, 0x00, 0x00, 0x00, 0x00, 0x00, 0x00, 0x00, 0x00, 0x00, 0x00, 0x00, 0x00, 0x00, 0x00}, 5, {0x7F, 0x57, 0x02, 0x00}, 4 },  /* BGMDELETE */
            { {0x0A, 0x00, 0x12, 0x03, 0x01, 0x00, 0x00, 0x00, 0x00, 0x00, 0x00, 0x00, 0x00, 0x00, 0x00, 0x00, 0x00, 0x00, 0x00, 0x00, 0x00, 0x00, 0x00, 0x00, 0x00, 0x00, 0x00, 0x00, 0x00, 0x00, 0x00, 0x00, 0x00, 0x00, 0x00, 0x00, 0x00, 0x00, 0x00, 0x00, 0x00, 0x00, 0x00, 0x00, 0x00, 0x00, 0x00}, 5, {0x7F, 0x57, 0x03, 0x01}, 4 },  /* BGMDELETE */
            { {0x0A, 0x00, 0x12, 0x05, 0x02, 0x00, 0x00, 0x00, 0x00, 0x00, 0x00, 0x00, 0x00, 0x00, 0x00, 0x00, 0x00, 0x00, 0x00, 0x00, 0x00, 0x00, 0x00, 0x00, 0x00, 0x00, 0x00, 0x00, 0x00, 0x00, 0x00, 0x00, 0x00, 0x00, 0x00, 0x00, 0x00, 0x00, 0x00, 0x00, 0x00, 0x00, 0x00, 0x00, 0x00, 0x00, 0x00}, 5, {0x7F, 0x57, 0x05, 0x02}, 4 },  /* BGMDELETE */
            { {0x0A, 0x00, 0x13, 0x00, 0x01, 0x00, 0x00, 0x00, 0x00, 0x00, 0x00, 0x00, 0x00, 0x00, 0x00, 0x00, 0x00, 0x00, 0x00, 0x00, 0x00, 0x00, 0x00, 0x00, 0x00, 0x00, 0x00, 0x00, 0x00, 0x00, 0x00, 0x00, 0x00, 0x00, 0x00, 0x00, 0x00, 0x00, 0x00, 0x00, 0x00, 0x00, 0x00, 0x00, 0x00, 0x00, 0x00}, 5, {0x7F, 0x56, 0x00, 0x01}, 4 },  /* BGMMAKE */
            { {0x0A, 0x00, 0x13, 0x02, 0x00, 0x00, 0x00, 0x00, 0x00, 0x00, 0x00, 0x00, 0x00, 0x00, 0x00, 0x00, 0x00, 0x00, 0x00, 0x00, 0x00, 0x00, 0x00, 0x00, 0x00, 0x00, 0x00, 0x00, 0x00, 0x00, 0x00, 0x00, 0x00, 0x00, 0x00, 0x00, 0x00, 0x00, 0x00, 0x00, 0x00, 0x00, 0x00, 0x00, 0x00, 0x00, 0x00}, 5, {0x7F, 0x56, 0x02, 0x00}, 4 },  /* BGMMAKE */
            { {0x0A, 0x00, 0x13, 0x03, 0x00, 0x00, 0x00, 0x00, 0x00, 0x00, 0x00, 0x00, 0x00, 0x00, 0x00, 0x00, 0x00, 0x00, 0x00, 0x00, 0x00, 0x00, 0x00, 0x00, 0x00, 0x00, 0x00, 0x00, 0x00, 0x00, 0x00, 0x00, 0x00, 0x00, 0x00, 0x00, 0x00, 0x00, 0x00, 0x00, 0x00, 0x00, 0x00, 0x00, 0x00, 0x00, 0x00}, 5, {0x7F, 0x56, 0x03, 0x00}, 4 },  /* BGMMAKE */
            { {0x0A, 0x00, 0x13, 0x04, 0x00, 0x00, 0x00, 0x00, 0x00, 0x00, 0x00, 0x00, 0x00, 0x00, 0x00, 0x00, 0x00, 0x00, 0x00, 0x00, 0x00, 0x00, 0x00, 0x00, 0x00, 0x00, 0x00, 0x00, 0x00, 0x00, 0x00, 0x00, 0x00, 0x00, 0x00, 0x00, 0x00, 0x00, 0x00, 0x00, 0x00, 0x00, 0x00, 0x00, 0x00, 0x00, 0x00}, 5, {0x7F, 0x56, 0x04, 0x00}, 4 },  /* BGMMAKE */
            { {0x0A, 0x00, 0x13, 0x05, 0x00, 0x00, 0x00, 0x00, 0x00, 0x00, 0x00, 0x00, 0x00, 0x00, 0x00, 0x00, 0x00, 0x00, 0x00, 0x00, 0x00, 0x00, 0x00, 0x00, 0x00, 0x00, 0x00, 0x00, 0x00, 0x00, 0x00, 0x00, 0x00, 0x00, 0x00, 0x00, 0x00, 0x00, 0x00, 0x00, 0x00, 0x00, 0x00, 0x00, 0x00, 0x00, 0x00}, 5, {0x7F, 0x56, 0x05, 0x00}, 4 },  /* BGMMAKE */
            { {0x0A, 0x00, 0x13, 0x06, 0x02, 0x00, 0x00, 0x00, 0x00, 0x00, 0x00, 0x00, 0x00, 0x00, 0x00, 0x00, 0x00, 0x00, 0x00, 0x00, 0x00, 0x00, 0x00, 0x00, 0x00, 0x00, 0x00, 0x00, 0x00, 0x00, 0x00, 0x00, 0x00, 0x00, 0x00, 0x00, 0x00, 0x00, 0x00, 0x00, 0x00, 0x00, 0x00, 0x00, 0x00, 0x00, 0x00}, 5, {0x7F, 0x56, 0x06, 0x02}, 4 },  /* BGMMAKE */
            { {0xFF, 0x00, 0x01, 0x00, 0x19, 0x00, 0x00, 0x00, 0x00, 0x00, 0x00, 0x00, 0x00, 0x00, 0x00, 0x00, 0x00, 0x00, 0x00, 0x00, 0x00, 0x00, 0x00, 0x00, 0x00, 0x00, 0x00, 0x00, 0x00, 0x00, 0x00, 0x00, 0x00, 0x00, 0x00, 0x00, 0x00, 0x00, 0x00, 0x00, 0x00, 0x00, 0x00, 0x00, 0x00, 0x00, 0x00}, 5, {0x7F, 0x54, 0x08}, 3 },  /* CHARSCALE */
            { {0xFF, 0x00, 0x01, 0x00, 0x23, 0x00, 0x00, 0x00, 0x00, 0x00, 0x00, 0x00, 0x00, 0x00, 0x00, 0x00, 0x00, 0x00, 0x00, 0x00, 0x00, 0x00, 0x00, 0x00, 0x00, 0x00, 0x00, 0x00, 0x00, 0x00, 0x00, 0x00, 0x00, 0x00, 0x00, 0x00, 0x00, 0x00, 0x00, 0x00, 0x00, 0x00, 0x00, 0x00, 0x00, 0x00, 0x00}, 5, {0x7F, 0x54, 0x0C}, 3 },  /* CHARSCALE */
            { {0xFF, 0x00, 0x01, 0x00, 0x32, 0x00, 0x00, 0x00, 0x00, 0x00, 0x00, 0x00, 0x00, 0x00, 0x00, 0x00, 0x00, 0x00, 0x00, 0x00, 0x00, 0x00, 0x00, 0x00, 0x00, 0x00, 0x00, 0x00, 0x00, 0x00, 0x00, 0x00, 0x00, 0x00, 0x00, 0x00, 0x00, 0x00, 0x00, 0x00, 0x00, 0x00, 0x00, 0x00, 0x00, 0x00, 0x00}, 5, {0x7F, 0x54, 0x10}, 3 },  /* CHARSCALE */
            { {0xFF, 0x00, 0x01, 0x00, 0x37, 0x00, 0x00, 0x00, 0x00, 0x00, 0x00, 0x00, 0x00, 0x00, 0x00, 0x00, 0x00, 0x00, 0x00, 0x00, 0x00, 0x00, 0x00, 0x00, 0x00, 0x00, 0x00, 0x00, 0x00, 0x00, 0x00, 0x00, 0x00, 0x00, 0x00, 0x00, 0x00, 0x00, 0x00, 0x00, 0x00, 0x00, 0x00, 0x00, 0x00, 0x00, 0x00}, 5, {0x7F, 0x54, 0x12}, 3 },  /* CHARSCALE */
            { {0xFF, 0x00, 0x01, 0x00, 0x3C, 0x00, 0x00, 0x00, 0x00, 0x00, 0x00, 0x00, 0x00, 0x00, 0x00, 0x00, 0x00, 0x00, 0x00, 0x00, 0x00, 0x00, 0x00, 0x00, 0x00, 0x00, 0x00, 0x00, 0x00, 0x00, 0x00, 0x00, 0x00, 0x00, 0x00, 0x00, 0x00, 0x00, 0x00, 0x00, 0x00, 0x00, 0x00, 0x00, 0x00, 0x00, 0x00}, 5, {0x7F, 0x5A, 0x14}, 3 },  /* LINESCALE */
            { {0xFF, 0x00, 0x01, 0x00, 0x46, 0x00, 0x00, 0x00, 0x00, 0x00, 0x00, 0x00, 0x00, 0x00, 0x00, 0x00, 0x00, 0x00, 0x00, 0x00, 0x00, 0x00, 0x00, 0x00, 0x00, 0x00, 0x00, 0x00, 0x00, 0x00, 0x00, 0x00, 0x00, 0x00, 0x00, 0x00, 0x00, 0x00, 0x00, 0x00, 0x00, 0x00, 0x00, 0x00, 0x00, 0x00, 0x00}, 5, {0x7F, 0x54, 0x16}, 3 },  /* CHARSCALE */
            { {0xFF, 0x00, 0x01, 0x00, 0x4B, 0x00, 0x00, 0x00, 0x00, 0x00, 0x00, 0x00, 0x00, 0x00, 0x00, 0x00, 0x00, 0x00, 0x00, 0x00, 0x00, 0x00, 0x00, 0x00, 0x00, 0x00, 0x00, 0x00, 0x00, 0x00, 0x00, 0x00, 0x00, 0x00, 0x00, 0x00, 0x00, 0x00, 0x00, 0x00, 0x00, 0x00, 0x00, 0x00, 0x00, 0x00, 0x00}, 5, {0x7F, 0x54, 0x18}, 3 },  /* CHARSCALE */
            { {0xFF, 0x00, 0x01, 0x00, 0x50, 0x00, 0x00, 0x00, 0x00, 0x00, 0x00, 0x00, 0x00, 0x00, 0x00, 0x00, 0x00, 0x00, 0x00, 0x00, 0x00, 0x00, 0x00, 0x00, 0x00, 0x00, 0x00, 0x00, 0x00, 0x00, 0x00, 0x00, 0x00, 0x00, 0x00, 0x00, 0x00, 0x00, 0x00, 0x00, 0x00, 0x00, 0x00, 0x00, 0x00, 0x00, 0x00}, 5, {0x7F, 0x54, 0x1A}, 3 },  /* CHARSCALE */
            { {0xFF, 0x00, 0x01, 0x00, 0x55, 0x00, 0x00, 0x00, 0x00, 0x00, 0x00, 0x00, 0x00, 0x00, 0x00, 0x00, 0x00, 0x00, 0x00, 0x00, 0x00, 0x00, 0x00, 0x00, 0x00, 0x00, 0x00, 0x00, 0x00, 0x00, 0x00, 0x00, 0x00, 0x00, 0x00, 0x00, 0x00, 0x00, 0x00, 0x00, 0x00, 0x00, 0x00, 0x00, 0x00, 0x00, 0x00}, 5, {0x7F, 0x54, 0x1C}, 3 },  /* CHARSCALE */
            { {0xFF, 0x00, 0x01, 0x00, 0x5F, 0x00, 0x00, 0x00, 0x00, 0x00, 0x00, 0x00, 0x00, 0x00, 0x00, 0x00, 0x00, 0x00, 0x00, 0x00, 0x00, 0x00, 0x00, 0x00, 0x00, 0x00, 0x00, 0x00, 0x00, 0x00, 0x00, 0x00, 0x00, 0x00, 0x00, 0x00, 0x00, 0x00, 0x00, 0x00, 0x00, 0x00, 0x00, 0x00, 0x00, 0x00, 0x00}, 5, {0x7F, 0x54, 0x1E}, 3 },  /* CHARSCALE */
            { {0xFF, 0x00, 0x01, 0x00, 0x64, 0x00, 0x00, 0x00, 0x00, 0x00, 0x00, 0x00, 0x00, 0x00, 0x00, 0x00, 0x00, 0x00, 0x00, 0x00, 0x00, 0x00, 0x00, 0x00, 0x00, 0x00, 0x00, 0x00, 0x00, 0x00, 0x00, 0x00, 0x00, 0x00, 0x00, 0x00, 0x00, 0x00, 0x00, 0x00, 0x00, 0x00, 0x00, 0x00, 0x00, 0x00, 0x00}, 5, {0x7F, 0x54, 0x20}, 3 },  /* CHARSCALE */
            { {0xFF, 0x00, 0x01, 0x00, 0x6E, 0x00, 0x00, 0x00, 0x00, 0x00, 0x00, 0x00, 0x00, 0x00, 0x00, 0x00, 0x00, 0x00, 0x00, 0x00, 0x00, 0x00, 0x00, 0x00, 0x00, 0x00, 0x00, 0x00, 0x00, 0x00, 0x00, 0x00, 0x00, 0x00, 0x00, 0x00, 0x00, 0x00, 0x00, 0x00, 0x00, 0x00, 0x00, 0x00, 0x00, 0x00, 0x00}, 5, {0x7F, 0x54, 0x23}, 3 },  /* CHARSCALE */
            { {0xFF, 0x00, 0x01, 0x00, 0x73, 0x00, 0x00, 0x00, 0x00, 0x00, 0x00, 0x00, 0x00, 0x00, 0x00, 0x00, 0x00, 0x00, 0x00, 0x00, 0x00, 0x00, 0x00, 0x00, 0x00, 0x00, 0x00, 0x00, 0x00, 0x00, 0x00, 0x00, 0x00, 0x00, 0x00, 0x00, 0x00, 0x00, 0x00, 0x00, 0x00, 0x00, 0x00, 0x00, 0x00, 0x00, 0x00}, 5, {0x7F, 0x54, 0x25}, 3 },  /* CHARSCALE */
            { {0xFF, 0x00, 0x01, 0x00, 0x78, 0x00, 0x00, 0x00, 0x00, 0x00, 0x00, 0x00, 0x00, 0x00, 0x00, 0x00, 0x00, 0x00, 0x00, 0x00, 0x00, 0x00, 0x00, 0x00, 0x00, 0x00, 0x00, 0x00, 0x00, 0x00, 0x00, 0x00, 0x00, 0x00, 0x00, 0x00, 0x00, 0x00, 0x00, 0x00, 0x00, 0x00, 0x00, 0x00, 0x00, 0x00, 0x00}, 5, {0x7F, 0x54, 0x26}, 3 },  /* CHARSCALE */
            { {0xFF, 0x00, 0x01, 0x00, 0x7D, 0x00, 0x00, 0x00, 0x00, 0x00, 0x00, 0x00, 0x00, 0x00, 0x00, 0x00, 0x00, 0x00, 0x00, 0x00, 0x00, 0x00, 0x00, 0x00, 0x00, 0x00, 0x00, 0x00, 0x00, 0x00, 0x00, 0x00, 0x00, 0x00, 0x00, 0x00, 0x00, 0x00, 0x00, 0x00, 0x00, 0x00, 0x00, 0x00, 0x00, 0x00, 0x00}, 5, {0x7F, 0x54, 0x28}, 3 },  /* CHARSCALE */
            { {0xFF, 0x00, 0x01, 0x00, 0x82, 0x00, 0x00, 0x00, 0x00, 0x00, 0x00, 0x00, 0x00, 0x00, 0x00, 0x00, 0x00, 0x00, 0x00, 0x00, 0x00, 0x00, 0x00, 0x00, 0x00, 0x00, 0x00, 0x00, 0x00, 0x00, 0x00, 0x00, 0x00, 0x00, 0x00, 0x00, 0x00, 0x00, 0x00, 0x00, 0x00, 0x00, 0x00, 0x00, 0x00, 0x00, 0x00}, 5, {0x7F, 0x54, 0x2A}, 3 },  /* CHARSCALE */
            { {0xFF, 0x00, 0x01, 0x00, 0x87, 0x00, 0x00, 0x00, 0x00, 0x00, 0x00, 0x00, 0x00, 0x00, 0x00, 0x00, 0x00, 0x00, 0x00, 0x00, 0x00, 0x00, 0x00, 0x00, 0x00, 0x00, 0x00, 0x00, 0x00, 0x00, 0x00, 0x00, 0x00, 0x00, 0x00, 0x00, 0x00, 0x00, 0x00, 0x00, 0x00, 0x00, 0x00, 0x00, 0x00, 0x00, 0x00}, 5, {0x7F, 0x54, 0x2C}, 3 },  /* CHARSCALE */
            { {0xFF, 0x00, 0x01, 0x00, 0x8C, 0x00, 0x00, 0x00, 0x00, 0x00, 0x00, 0x00, 0x00, 0x00, 0x00, 0x00, 0x00, 0x00, 0x00, 0x00, 0x00, 0x00, 0x00, 0x00, 0x00, 0x00, 0x00, 0x00, 0x00, 0x00, 0x00, 0x00, 0x00, 0x00, 0x00, 0x00, 0x00, 0x00, 0x00, 0x00, 0x00, 0x00, 0x00, 0x00, 0x00, 0x00, 0x00}, 5, {0x7F, 0x5A, 0x2D}, 3 },  /* LINESCALE */
            { {0xFF, 0x00, 0x01, 0x00, 0x91, 0x00, 0x00, 0x00, 0x00, 0x00, 0x00, 0x00, 0x00, 0x00, 0x00, 0x00, 0x00, 0x00, 0x00, 0x00, 0x00, 0x00, 0x00, 0x00, 0x00, 0x00, 0x00, 0x00, 0x00, 0x00, 0x00, 0x00, 0x00, 0x00, 0x00, 0x00, 0x00, 0x00, 0x00, 0x00, 0x00, 0x00, 0x00, 0x00, 0x00, 0x00, 0x00}, 5, {0x7F, 0x54, 0x2E}, 3 },  /* CHARSCALE */
            { {0xFF, 0x00, 0x01, 0x00, 0x96, 0x00, 0x00, 0x00, 0x00, 0x00, 0x00, 0x00, 0x00, 0x00, 0x00, 0x00, 0x00, 0x00, 0x00, 0x00, 0x00, 0x00, 0x00, 0x00, 0x00, 0x00, 0x00, 0x00, 0x00, 0x00, 0x00, 0x00, 0x00, 0x00, 0x00, 0x00, 0x00, 0x00, 0x00, 0x00, 0x00, 0x00, 0x00, 0x00, 0x00, 0x00, 0x00}, 5, {0x7F, 0x5A, 0x30}, 3 },  /* LINESCALE */
            { {0xFF, 0x00, 0x01, 0x00, 0x9B, 0x00, 0x00, 0x00, 0x00, 0x00, 0x00, 0x00, 0x00, 0x00, 0x00, 0x00, 0x00, 0x00, 0x00, 0x00, 0x00, 0x00, 0x00, 0x00, 0x00, 0x00, 0x00, 0x00, 0x00, 0x00, 0x00, 0x00, 0x00, 0x00, 0x00, 0x00, 0x00, 0x00, 0x00, 0x00, 0x00, 0x00, 0x00, 0x00, 0x00, 0x00, 0x00}, 5, {0x7F, 0x5A, 0x32}, 3 },  /* LINESCALE */
            { {0xFF, 0x00, 0x01, 0x00, 0xA0, 0x00, 0x00, 0x00, 0x00, 0x00, 0x00, 0x00, 0x00, 0x00, 0x00, 0x00, 0x00, 0x00, 0x00, 0x00, 0x00, 0x00, 0x00, 0x00, 0x00, 0x00, 0x00, 0x00, 0x00, 0x00, 0x00, 0x00, 0x00, 0x00, 0x00, 0x00, 0x00, 0x00, 0x00, 0x00, 0x00, 0x00, 0x00, 0x00, 0x00, 0x00, 0x00}, 5, {0x7F, 0x54, 0x34}, 3 },  /* CHARSCALE */
            { {0xFF, 0x00, 0x01, 0x00, 0xAA, 0x00, 0x00, 0x00, 0x00, 0x00, 0x00, 0x00, 0x00, 0x00, 0x00, 0x00, 0x00, 0x00, 0x00, 0x00, 0x00, 0x00, 0x00, 0x00, 0x00, 0x00, 0x00, 0x00, 0x00, 0x00, 0x00, 0x00, 0x00, 0x00, 0x00, 0x00, 0x00, 0x00, 0x00, 0x00, 0x00, 0x00, 0x00, 0x00, 0x00, 0x00, 0x00}, 5, {0x7F, 0x5A, 0x3C}, 3 },  /* LINESCALE */
            { {0xFF, 0x00, 0x01, 0x00, 0xAF, 0x00, 0x00, 0x00, 0x00, 0x00, 0x00, 0x00, 0x00, 0x00, 0x00, 0x00, 0x00, 0x00, 0x00, 0x00, 0x00, 0x00, 0x00, 0x00, 0x00, 0x00, 0x00, 0x00, 0x00, 0x00, 0x00, 0x00, 0x00, 0x00, 0x00, 0x00, 0x00, 0x00, 0x00, 0x00, 0x00, 0x00, 0x00, 0x00, 0x00, 0x00, 0x00}, 5, {0x7F, 0x54, 0x38}, 3 },  /* CHARSCALE */
            { {0xFF, 0x00, 0x01, 0x00, 0xB4, 0x00, 0x00, 0x00, 0x00, 0x00, 0x00, 0x00, 0x00, 0x00, 0x00, 0x00, 0x00, 0x00, 0x00, 0x00, 0x00, 0x00, 0x00, 0x00, 0x00, 0x00, 0x00, 0x00, 0x00, 0x00, 0x00, 0x00, 0x00, 0x00, 0x00, 0x00, 0x00, 0x00, 0x00, 0x00, 0x00, 0x00, 0x00, 0x00, 0x00, 0x00, 0x00}, 5, {0x7F, 0x54, 0x3A}, 3 },  /* CHARSCALE */
            { {0xFF, 0x00, 0x01, 0x00, 0xB9, 0x00, 0x00, 0x00, 0x00, 0x00, 0x00, 0x00, 0x00, 0x00, 0x00, 0x00, 0x00, 0x00, 0x00, 0x00, 0x00, 0x00, 0x00, 0x00, 0x00, 0x00, 0x00, 0x00, 0x00, 0x00, 0x00, 0x00, 0x00, 0x00, 0x00, 0x00, 0x00, 0x00, 0x00, 0x00, 0x00, 0x00, 0x00, 0x00, 0x00, 0x00, 0x00}, 5, {0x7F, 0x5A, 0x3C}, 3 },  /* LINESCALE */
            { {0xFF, 0x00, 0x01, 0x00, 0xBE, 0x00, 0x00, 0x00, 0x00, 0x00, 0x00, 0x00, 0x00, 0x00, 0x00, 0x00, 0x00, 0x00, 0x00, 0x00, 0x00, 0x00, 0x00, 0x00, 0x00, 0x00, 0x00, 0x00, 0x00, 0x00, 0x00, 0x00, 0x00, 0x00, 0x00, 0x00, 0x00, 0x00, 0x00, 0x00, 0x00, 0x00, 0x00, 0x00, 0x00, 0x00, 0x00}, 5, {0x7F, 0x54, 0x3D}, 3 },  /* CHARSCALE */
            { {0xFF, 0x00, 0x01, 0x00, 0xC8, 0x00, 0x00, 0x00, 0x00, 0x00, 0x00, 0x00, 0x00, 0x00, 0x00, 0x00, 0x00, 0x00, 0x00, 0x00, 0x00, 0x00, 0x00, 0x00, 0x00, 0x00, 0x00, 0x00, 0x00, 0x00, 0x00, 0x00, 0x00, 0x00, 0x00, 0x00, 0x00, 0x00, 0x00, 0x00, 0x00, 0x00, 0x00, 0x00, 0x00, 0x00, 0x00}, 5, {0x7F, 0x5A, 0x40}, 3 },  /* LINESCALE */
            { {0xFF, 0x00, 0x01, 0x00, 0xCD, 0x00, 0x00, 0x00, 0x00, 0x00, 0x00, 0x00, 0x00, 0x00, 0x00, 0x00, 0x00, 0x00, 0x00, 0x00, 0x00, 0x00, 0x00, 0x00, 0x00, 0x00, 0x00, 0x00, 0x00, 0x00, 0x00, 0x00, 0x00, 0x00, 0x00, 0x00, 0x00, 0x00, 0x00, 0x00, 0x00, 0x00, 0x00, 0x00, 0x00, 0x00, 0x00}, 5, {0x7F, 0x54, 0x41}, 3 },  /* CHARSCALE */
            { {0xFF, 0x00, 0x01, 0x00, 0xDC, 0x00, 0x00, 0x00, 0x00, 0x00, 0x00, 0x00, 0x00, 0x00, 0x00, 0x00, 0x00, 0x00, 0x00, 0x00, 0x00, 0x00, 0x00, 0x00, 0x00, 0x00, 0x00, 0x00, 0x00, 0x00, 0x00, 0x00, 0x00, 0x00, 0x00, 0x00, 0x00, 0x00, 0x00, 0x00, 0x00, 0x00, 0x00, 0x00, 0x00, 0x00, 0x00}, 5, {0x7F, 0x54, 0x46}, 3 },  /* CHARSCALE */
            { {0xFF, 0x00, 0x01, 0x00, 0xFA, 0x00, 0x00, 0x00, 0x00, 0x00, 0x00, 0x00, 0x00, 0x00, 0x00, 0x00, 0x00, 0x00, 0x00, 0x00, 0x00, 0x00, 0x00, 0x00, 0x00, 0x00, 0x00, 0x00, 0x00, 0x00, 0x00, 0x00, 0x00, 0x00, 0x00, 0x00, 0x00, 0x00, 0x00, 0x00, 0x00, 0x00, 0x00, 0x00, 0x00, 0x00, 0x00}, 5, {0x7F, 0x54, 0x50}, 3 },  /* CHARSCALE */
            { {0xFF, 0x00, 0x01, 0x01, 0x2C, 0x00, 0x00, 0x00, 0x00, 0x00, 0x00, 0x00, 0x00, 0x00, 0x00, 0x00, 0x00, 0x00, 0x00, 0x00, 0x00, 0x00, 0x00, 0x00, 0x00, 0x00, 0x00, 0x00, 0x00, 0x00, 0x00, 0x00, 0x00, 0x00, 0x00, 0x00, 0x00, 0x00, 0x00, 0x00, 0x00, 0x00, 0x00, 0x00, 0x00, 0x00, 0x00}, 5, {0x7F, 0x54, 0x60}, 3 },  /* CHARSCALE */
            { {0x03, 0x00, 0x06, 0x00, 0x00, 0x00, 0x00, 0x00, 0x00, 0x00, 0x00, 0x00, 0x00, 0x00, 0x00, 0x00, 0x00, 0x00, 0x00, 0x00, 0x00, 0x00, 0x00, 0x00, 0x00, 0x00, 0x00, 0x00, 0x00, 0x00, 0x00, 0x00, 0x00, 0x00, 0x00, 0x00, 0x00, 0x00, 0x00, 0x00, 0x00, 0x00, 0x00, 0x00, 0x00, 0x00, 0x00}, 4, {0x7F, 0x09, 0x08, 0x00, 0x00}, 5 },  /* DEMONPC0 */
            { {0x03, 0x00, 0x06, 0x01, 0x00, 0x00, 0x00, 0x00, 0x00, 0x00, 0x00, 0x00, 0x00, 0x00, 0x00, 0x00, 0x00, 0x00, 0x00, 0x00, 0x00, 0x00, 0x00, 0x00, 0x00, 0x00, 0x00, 0x00, 0x00, 0x00, 0x00, 0x00, 0x00, 0x00, 0x00, 0x00, 0x00, 0x00, 0x00, 0x00, 0x00, 0x00, 0x00, 0x00, 0x00, 0x00, 0x00}, 4, {0x7F, 0x09, 0x08, 0x00, 0x01}, 5 },  /* DEMONPC0 */
            { {0x03, 0x00, 0x06, 0x02, 0x00, 0x00, 0x00, 0x00, 0x00, 0x00, 0x00, 0x00, 0x00, 0x00, 0x00, 0x00, 0x00, 0x00, 0x00, 0x00, 0x00, 0x00, 0x00, 0x00, 0x00, 0x00, 0x00, 0x00, 0x00, 0x00, 0x00, 0x00, 0x00, 0x00, 0x00, 0x00, 0x00, 0x00, 0x00, 0x00, 0x00, 0x00, 0x00, 0x00, 0x00, 0x00, 0x00}, 4, {0x7F, 0x09, 0x08, 0x00, 0x02}, 5 },  /* DEMONPC0 */
            { {0x03, 0x00, 0x06, 0x03, 0x00, 0x00, 0x00, 0x00, 0x00, 0x00, 0x00, 0x00, 0x00, 0x00, 0x00, 0x00, 0x00, 0x00, 0x00, 0x00, 0x00, 0x00, 0x00, 0x00, 0x00, 0x00, 0x00, 0x00, 0x00, 0x00, 0x00, 0x00, 0x00, 0x00, 0x00, 0x00, 0x00, 0x00, 0x00, 0x00, 0x00, 0x00, 0x00, 0x00, 0x00, 0x00, 0x00}, 4, {0x7F, 0x09, 0x08, 0x00, 0x03}, 5 },  /* DEMONPC0 */
            { {0x03, 0x00, 0x06, 0x05, 0x00, 0x00, 0x00, 0x00, 0x00, 0x00, 0x00, 0x00, 0x00, 0x00, 0x00, 0x00, 0x00, 0x00, 0x00, 0x00, 0x00, 0x00, 0x00, 0x00, 0x00, 0x00, 0x00, 0x00, 0x00, 0x00, 0x00, 0x00, 0x00, 0x00, 0x00, 0x00, 0x00, 0x00, 0x00, 0x00, 0x00, 0x00, 0x00, 0x00, 0x00, 0x00, 0x00}, 4, {0x7F, 0x09, 0x08, 0x00, 0x05}, 5 },  /* DEMONPC0 */
            { {0x03, 0x00, 0x06, 0x0A, 0x00, 0x00, 0x00, 0x00, 0x00, 0x00, 0x00, 0x00, 0x00, 0x00, 0x00, 0x00, 0x00, 0x00, 0x00, 0x00, 0x00, 0x00, 0x00, 0x00, 0x00, 0x00, 0x00, 0x00, 0x00, 0x00, 0x00, 0x00, 0x00, 0x00, 0x00, 0x00, 0x00, 0x00, 0x00, 0x00, 0x00, 0x00, 0x00, 0x00, 0x00, 0x00, 0x00}, 4, {0x7F, 0x09, 0x08, 0x00, 0x0A}, 5 },  /* DEMONPC0 */
            { {0x03, 0x00, 0x06, 0x14, 0x00, 0x00, 0x00, 0x00, 0x00, 0x00, 0x00, 0x00, 0x00, 0x00, 0x00, 0x00, 0x00, 0x00, 0x00, 0x00, 0x00, 0x00, 0x00, 0x00, 0x00, 0x00, 0x00, 0x00, 0x00, 0x00, 0x00, 0x00, 0x00, 0x00, 0x00, 0x00, 0x00, 0x00, 0x00, 0x00, 0x00, 0x00, 0x00, 0x00, 0x00, 0x00, 0x00}, 4, {0x7F, 0x09, 0x08, 0x00, 0x14}, 5 },  /* DEMONPC0 */
            { {0x0B, 0x00, 0x00, 0x01, 0x00, 0x00, 0x00, 0x00, 0x00, 0x00, 0x00, 0x00, 0x00, 0x00, 0x00, 0x00, 0x00, 0x00, 0x00, 0x00, 0x00, 0x00, 0x00, 0x00, 0x00, 0x00, 0x00, 0x00, 0x00, 0x00, 0x00, 0x00, 0x00, 0x00, 0x00, 0x00, 0x00, 0x00, 0x00, 0x00, 0x00, 0x00, 0x00, 0x00, 0x00, 0x00, 0x00}, 4, {0x7F, 0x0C, 0x02, 0x00, 0x01}, 5 },  /* DEMONPCQST */
            { {0x0B, 0x00, 0x00, 0x02, 0x00, 0x00, 0x00, 0x00, 0x00, 0x00, 0x00, 0x00, 0x00, 0x00, 0x00, 0x00, 0x00, 0x00, 0x00, 0x00, 0x00, 0x00, 0x00, 0x00, 0x00, 0x00, 0x00, 0x00, 0x00, 0x00, 0x00, 0x00, 0x00, 0x00, 0x00, 0x00, 0x00, 0x00, 0x00, 0x00, 0x00, 0x00, 0x00, 0x00, 0x00, 0x00, 0x00}, 4, {0x7F, 0x0C, 0x02, 0x00, 0x02}, 5 },  /* DEMONPCQST */
            { {0x0B, 0x00, 0x00, 0x03, 0x00, 0x00, 0x00, 0x00, 0x00, 0x00, 0x00, 0x00, 0x00, 0x00, 0x00, 0x00, 0x00, 0x00, 0x00, 0x00, 0x00, 0x00, 0x00, 0x00, 0x00, 0x00, 0x00, 0x00, 0x00, 0x00, 0x00, 0x00, 0x00, 0x00, 0x00, 0x00, 0x00, 0x00, 0x00, 0x00, 0x00, 0x00, 0x00, 0x00, 0x00, 0x00, 0x00}, 4, {0x7F, 0x0C, 0x02, 0x00, 0x03}, 5 },  /* DEMONPCQST */
            { {0x0B, 0x00, 0x00, 0x04, 0x00, 0x00, 0x00, 0x00, 0x00, 0x00, 0x00, 0x00, 0x00, 0x00, 0x00, 0x00, 0x00, 0x00, 0x00, 0x00, 0x00, 0x00, 0x00, 0x00, 0x00, 0x00, 0x00, 0x00, 0x00, 0x00, 0x00, 0x00, 0x00, 0x00, 0x00, 0x00, 0x00, 0x00, 0x00, 0x00, 0x00, 0x00, 0x00, 0x00, 0x00, 0x00, 0x00}, 4, {0x7F, 0x0C, 0x02, 0x00, 0x04}, 5 },  /* DEMONPCQST */
            { {0x0B, 0x00, 0x00, 0x05, 0x00, 0x00, 0x00, 0x00, 0x00, 0x00, 0x00, 0x00, 0x00, 0x00, 0x00, 0x00, 0x00, 0x00, 0x00, 0x00, 0x00, 0x00, 0x00, 0x00, 0x00, 0x00, 0x00, 0x00, 0x00, 0x00, 0x00, 0x00, 0x00, 0x00, 0x00, 0x00, 0x00, 0x00, 0x00, 0x00, 0x00, 0x00, 0x00, 0x00, 0x00, 0x00, 0x00}, 4, {0x7F, 0x0C, 0x02, 0x00, 0x05}, 5 },  /* DEMONPCQST */
            { {0x0B, 0x00, 0x00, 0x06, 0x00, 0x00, 0x00, 0x00, 0x00, 0x00, 0x00, 0x00, 0x00, 0x00, 0x00, 0x00, 0x00, 0x00, 0x00, 0x00, 0x00, 0x00, 0x00, 0x00, 0x00, 0x00, 0x00, 0x00, 0x00, 0x00, 0x00, 0x00, 0x00, 0x00, 0x00, 0x00, 0x00, 0x00, 0x00, 0x00, 0x00, 0x00, 0x00, 0x00, 0x00, 0x00, 0x00}, 4, {0x7F, 0x0C, 0x02, 0x00, 0x06}, 5 },  /* DEMONPCQST */
            { {0x0B, 0x00, 0x00, 0x07, 0x00, 0x00, 0x00, 0x00, 0x00, 0x00, 0x00, 0x00, 0x00, 0x00, 0x00, 0x00, 0x00, 0x00, 0x00, 0x00, 0x00, 0x00, 0x00, 0x00, 0x00, 0x00, 0x00, 0x00, 0x00, 0x00, 0x00, 0x00, 0x00, 0x00, 0x00, 0x00, 0x00, 0x00, 0x00, 0x00, 0x00, 0x00, 0x00, 0x00, 0x00, 0x00, 0x00}, 4, {0x7F, 0x0C, 0x02, 0x00, 0x07}, 5 },  /* DEMONPCQST */
            { {0x0B, 0x00, 0x00, 0x08, 0x00, 0x00, 0x00, 0x00, 0x00, 0x00, 0x00, 0x00, 0x00, 0x00, 0x00, 0x00, 0x00, 0x00, 0x00, 0x00, 0x00, 0x00, 0x00, 0x00, 0x00, 0x00, 0x00, 0x00, 0x00, 0x00, 0x00, 0x00, 0x00, 0x00, 0x00, 0x00, 0x00, 0x00, 0x00, 0x00, 0x00, 0x00, 0x00, 0x00, 0x00, 0x00, 0x00}, 4, {0x7F, 0x0C, 0x02, 0x00, 0x08}, 5 },  /* DEMONPCQST */
            { {0x0B, 0x00, 0x00, 0x09, 0x00, 0x00, 0x00, 0x00, 0x00, 0x00, 0x00, 0x00, 0x00, 0x00, 0x00, 0x00, 0x00, 0x00, 0x00, 0x00, 0x00, 0x00, 0x00, 0x00, 0x00, 0x00, 0x00, 0x00, 0x00, 0x00, 0x00, 0x00, 0x00, 0x00, 0x00, 0x00, 0x00, 0x00, 0x00, 0x00, 0x00, 0x00, 0x00, 0x00, 0x00, 0x00, 0x00}, 4, {0x7F, 0x0C, 0x02, 0x00, 0x09}, 5 },  /* DEMONPCQST */
            { {0x0B, 0x00, 0x00, 0x0A, 0x00, 0x00, 0x00, 0x00, 0x00, 0x00, 0x00, 0x00, 0x00, 0x00, 0x00, 0x00, 0x00, 0x00, 0x00, 0x00, 0x00, 0x00, 0x00, 0x00, 0x00, 0x00, 0x00, 0x00, 0x00, 0x00, 0x00, 0x00, 0x00, 0x00, 0x00, 0x00, 0x00, 0x00, 0x00, 0x00, 0x00, 0x00, 0x00, 0x00, 0x00, 0x00, 0x00}, 4, {0x7F, 0x0C, 0x02, 0x00, 0x0A}, 5 },  /* DEMONPCQST */
            { {0x0B, 0x00, 0x00, 0x0B, 0x00, 0x00, 0x00, 0x00, 0x00, 0x00, 0x00, 0x00, 0x00, 0x00, 0x00, 0x00, 0x00, 0x00, 0x00, 0x00, 0x00, 0x00, 0x00, 0x00, 0x00, 0x00, 0x00, 0x00, 0x00, 0x00, 0x00, 0x00, 0x00, 0x00, 0x00, 0x00, 0x00, 0x00, 0x00, 0x00, 0x00, 0x00, 0x00, 0x00, 0x00, 0x00, 0x00}, 4, {0x7F, 0x0C, 0x02, 0x00, 0x0B}, 5 },  /* DEMONPCQST */
            { {0x0B, 0x00, 0x00, 0x0C, 0x00, 0x00, 0x00, 0x00, 0x00, 0x00, 0x00, 0x00, 0x00, 0x00, 0x00, 0x00, 0x00, 0x00, 0x00, 0x00, 0x00, 0x00, 0x00, 0x00, 0x00, 0x00, 0x00, 0x00, 0x00, 0x00, 0x00, 0x00, 0x00, 0x00, 0x00, 0x00, 0x00, 0x00, 0x00, 0x00, 0x00, 0x00, 0x00, 0x00, 0x00, 0x00, 0x00}, 4, {0x7F, 0x0C, 0x02, 0x00, 0x0C}, 5 },  /* DEMONPCQST */
            { {0x0B, 0x00, 0x00, 0x0D, 0x00, 0x00, 0x00, 0x00, 0x00, 0x00, 0x00, 0x00, 0x00, 0x00, 0x00, 0x00, 0x00, 0x00, 0x00, 0x00, 0x00, 0x00, 0x00, 0x00, 0x00, 0x00, 0x00, 0x00, 0x00, 0x00, 0x00, 0x00, 0x00, 0x00, 0x00, 0x00, 0x00, 0x00, 0x00, 0x00, 0x00, 0x00, 0x00, 0x00, 0x00, 0x00, 0x00}, 4, {0x7F, 0x0C, 0x02, 0x00, 0x0D}, 5 },  /* DEMONPCQST */
            { {0x0B, 0x00, 0x00, 0x0E, 0x00, 0x00, 0x00, 0x00, 0x00, 0x00, 0x00, 0x00, 0x00, 0x00, 0x00, 0x00, 0x00, 0x00, 0x00, 0x00, 0x00, 0x00, 0x00, 0x00, 0x00, 0x00, 0x00, 0x00, 0x00, 0x00, 0x00, 0x00, 0x00, 0x00, 0x00, 0x00, 0x00, 0x00, 0x00, 0x00, 0x00, 0x00, 0x00, 0x00, 0x00, 0x00, 0x00}, 4, {0x7F, 0x0C, 0x02, 0x00, 0x0E}, 5 },  /* DEMONPCQST */
            { {0x0B, 0x00, 0x00, 0x0F, 0x00, 0x00, 0x00, 0x00, 0x00, 0x00, 0x00, 0x00, 0x00, 0x00, 0x00, 0x00, 0x00, 0x00, 0x00, 0x00, 0x00, 0x00, 0x00, 0x00, 0x00, 0x00, 0x00, 0x00, 0x00, 0x00, 0x00, 0x00, 0x00, 0x00, 0x00, 0x00, 0x00, 0x00, 0x00, 0x00, 0x00, 0x00, 0x00, 0x00, 0x00, 0x00, 0x00}, 4, {0x7F, 0x0C, 0x02, 0x00, 0x0F}, 5 },  /* DEMONPCQST */
            { {0x0B, 0x00, 0x00, 0x10, 0x00, 0x00, 0x00, 0x00, 0x00, 0x00, 0x00, 0x00, 0x00, 0x00, 0x00, 0x00, 0x00, 0x00, 0x00, 0x00, 0x00, 0x00, 0x00, 0x00, 0x00, 0x00, 0x00, 0x00, 0x00, 0x00, 0x00, 0x00, 0x00, 0x00, 0x00, 0x00, 0x00, 0x00, 0x00, 0x00, 0x00, 0x00, 0x00, 0x00, 0x00, 0x00, 0x00}, 4, {0x7F, 0x0C, 0x02, 0x00, 0x10}, 5 },  /* DEMONPCQST */
            { {0x0B, 0x00, 0x00, 0x11, 0x00, 0x00, 0x00, 0x00, 0x00, 0x00, 0x00, 0x00, 0x00, 0x00, 0x00, 0x00, 0x00, 0x00, 0x00, 0x00, 0x00, 0x00, 0x00, 0x00, 0x00, 0x00, 0x00, 0x00, 0x00, 0x00, 0x00, 0x00, 0x00, 0x00, 0x00, 0x00, 0x00, 0x00, 0x00, 0x00, 0x00, 0x00, 0x00, 0x00, 0x00, 0x00, 0x00}, 4, {0x7F, 0x0C, 0x02, 0x00, 0x11}, 5 },  /* DEMONPCQST */
            { {0x0B, 0x00, 0x00, 0x12, 0x00, 0x00, 0x00, 0x00, 0x00, 0x00, 0x00, 0x00, 0x00, 0x00, 0x00, 0x00, 0x00, 0x00, 0x00, 0x00, 0x00, 0x00, 0x00, 0x00, 0x00, 0x00, 0x00, 0x00, 0x00, 0x00, 0x00, 0x00, 0x00, 0x00, 0x00, 0x00, 0x00, 0x00, 0x00, 0x00, 0x00, 0x00, 0x00, 0x00, 0x00, 0x00, 0x00}, 4, {0x7F, 0x0C, 0x02, 0x00, 0x12}, 5 },  /* DEMONPCQST */
            { {0x0B, 0x00, 0x00, 0x13, 0x00, 0x00, 0x00, 0x00, 0x00, 0x00, 0x00, 0x00, 0x00, 0x00, 0x00, 0x00, 0x00, 0x00, 0x00, 0x00, 0x00, 0x00, 0x00, 0x00, 0x00, 0x00, 0x00, 0x00, 0x00, 0x00, 0x00, 0x00, 0x00, 0x00, 0x00, 0x00, 0x00, 0x00, 0x00, 0x00, 0x00, 0x00, 0x00, 0x00, 0x00, 0x00, 0x00}, 4, {0x7F, 0x0C, 0x02, 0x00, 0x13}, 5 },  /* DEMONPCQST */
            { {0x0B, 0x00, 0x00, 0x14, 0x00, 0x00, 0x00, 0x00, 0x00, 0x00, 0x00, 0x00, 0x00, 0x00, 0x00, 0x00, 0x00, 0x00, 0x00, 0x00, 0x00, 0x00, 0x00, 0x00, 0x00, 0x00, 0x00, 0x00, 0x00, 0x00, 0x00, 0x00, 0x00, 0x00, 0x00, 0x00, 0x00, 0x00, 0x00, 0x00, 0x00, 0x00, 0x00, 0x00, 0x00, 0x00, 0x00}, 4, {0x7F, 0x0C, 0x02, 0x00, 0x14}, 5 },  /* DEMONPCQST */
            { {0x0B, 0x00, 0x00, 0x15, 0x00, 0x00, 0x00, 0x00, 0x00, 0x00, 0x00, 0x00, 0x00, 0x00, 0x00, 0x00, 0x00, 0x00, 0x00, 0x00, 0x00, 0x00, 0x00, 0x00, 0x00, 0x00, 0x00, 0x00, 0x00, 0x00, 0x00, 0x00, 0x00, 0x00, 0x00, 0x00, 0x00, 0x00, 0x00, 0x00, 0x00, 0x00, 0x00, 0x00, 0x00, 0x00, 0x00}, 4, {0x7F, 0x0C, 0x02, 0x00, 0x15}, 5 },  /* DEMONPCQST */
            { {0x0B, 0x00, 0x01, 0x01, 0x00, 0x00, 0x00, 0x00, 0x00, 0x00, 0x00, 0x00, 0x00, 0x00, 0x00, 0x00, 0x00, 0x00, 0x00, 0x00, 0x00, 0x00, 0x00, 0x00, 0x00, 0x00, 0x00, 0x00, 0x00, 0x00, 0x00, 0x00, 0x00, 0x00, 0x00, 0x00, 0x00, 0x00, 0x00, 0x00, 0x00, 0x00, 0x00, 0x00, 0x00, 0x00, 0x00}, 4, {0x7F, 0x0C, 0x03, 0x00, 0x01}, 5 },  /* DEMONPCQST */
            { {0x0B, 0x00, 0x01, 0x02, 0x00, 0x00, 0x00, 0x00, 0x00, 0x00, 0x00, 0x00, 0x00, 0x00, 0x00, 0x00, 0x00, 0x00, 0x00, 0x00, 0x00, 0x00, 0x00, 0x00, 0x00, 0x00, 0x00, 0x00, 0x00, 0x00, 0x00, 0x00, 0x00, 0x00, 0x00, 0x00, 0x00, 0x00, 0x00, 0x00, 0x00, 0x00, 0x00, 0x00, 0x00, 0x00, 0x00}, 4, {0x7F, 0x0C, 0x03, 0x00, 0x02}, 5 },  /* DEMONPCQST */
            { {0x0B, 0x00, 0x01, 0x03, 0x00, 0x00, 0x00, 0x00, 0x00, 0x00, 0x00, 0x00, 0x00, 0x00, 0x00, 0x00, 0x00, 0x00, 0x00, 0x00, 0x00, 0x00, 0x00, 0x00, 0x00, 0x00, 0x00, 0x00, 0x00, 0x00, 0x00, 0x00, 0x00, 0x00, 0x00, 0x00, 0x00, 0x00, 0x00, 0x00, 0x00, 0x00, 0x00, 0x00, 0x00, 0x00, 0x00}, 4, {0x7F, 0x0C, 0x03, 0x00, 0x03}, 5 },  /* DEMONPCQST */
            { {0x0B, 0x00, 0x01, 0x04, 0x00, 0x00, 0x00, 0x00, 0x00, 0x00, 0x00, 0x00, 0x00, 0x00, 0x00, 0x00, 0x00, 0x00, 0x00, 0x00, 0x00, 0x00, 0x00, 0x00, 0x00, 0x00, 0x00, 0x00, 0x00, 0x00, 0x00, 0x00, 0x00, 0x00, 0x00, 0x00, 0x00, 0x00, 0x00, 0x00, 0x00, 0x00, 0x00, 0x00, 0x00, 0x00, 0x00}, 4, {0x7F, 0x0C, 0x03, 0x00, 0x04}, 5 },  /* DEMONPCQST */
            { {0x0B, 0x00, 0x01, 0x05, 0x00, 0x00, 0x00, 0x00, 0x00, 0x00, 0x00, 0x00, 0x00, 0x00, 0x00, 0x00, 0x00, 0x00, 0x00, 0x00, 0x00, 0x00, 0x00, 0x00, 0x00, 0x00, 0x00, 0x00, 0x00, 0x00, 0x00, 0x00, 0x00, 0x00, 0x00, 0x00, 0x00, 0x00, 0x00, 0x00, 0x00, 0x00, 0x00, 0x00, 0x00, 0x00, 0x00}, 4, {0x7F, 0x0C, 0x03, 0x00, 0x05}, 5 },  /* DEMONPCQST */
            { {0x0B, 0x00, 0x01, 0x06, 0x00, 0x00, 0x00, 0x00, 0x00, 0x00, 0x00, 0x00, 0x00, 0x00, 0x00, 0x00, 0x00, 0x00, 0x00, 0x00, 0x00, 0x00, 0x00, 0x00, 0x00, 0x00, 0x00, 0x00, 0x00, 0x00, 0x00, 0x00, 0x00, 0x00, 0x00, 0x00, 0x00, 0x00, 0x00, 0x00, 0x00, 0x00, 0x00, 0x00, 0x00, 0x00, 0x00}, 4, {0x7F, 0x0C, 0x03, 0x00, 0x06}, 5 },  /* DEMONPCQST */
            { {0x0B, 0x00, 0x01, 0x07, 0x00, 0x00, 0x00, 0x00, 0x00, 0x00, 0x00, 0x00, 0x00, 0x00, 0x00, 0x00, 0x00, 0x00, 0x00, 0x00, 0x00, 0x00, 0x00, 0x00, 0x00, 0x00, 0x00, 0x00, 0x00, 0x00, 0x00, 0x00, 0x00, 0x00, 0x00, 0x00, 0x00, 0x00, 0x00, 0x00, 0x00, 0x00, 0x00, 0x00, 0x00, 0x00, 0x00}, 4, {0x7F, 0x0C, 0x03, 0x00, 0x07}, 5 },  /* DEMONPCQST */
            { {0x0B, 0x00, 0x01, 0x08, 0x00, 0x00, 0x00, 0x00, 0x00, 0x00, 0x00, 0x00, 0x00, 0x00, 0x00, 0x00, 0x00, 0x00, 0x00, 0x00, 0x00, 0x00, 0x00, 0x00, 0x00, 0x00, 0x00, 0x00, 0x00, 0x00, 0x00, 0x00, 0x00, 0x00, 0x00, 0x00, 0x00, 0x00, 0x00, 0x00, 0x00, 0x00, 0x00, 0x00, 0x00, 0x00, 0x00}, 4, {0x7F, 0x0C, 0x03, 0x00, 0x08}, 5 },  /* DEMONPCQST */
            { {0x0B, 0x00, 0x01, 0x09, 0x00, 0x00, 0x00, 0x00, 0x00, 0x00, 0x00, 0x00, 0x00, 0x00, 0x00, 0x00, 0x00, 0x00, 0x00, 0x00, 0x00, 0x00, 0x00, 0x00, 0x00, 0x00, 0x00, 0x00, 0x00, 0x00, 0x00, 0x00, 0x00, 0x00, 0x00, 0x00, 0x00, 0x00, 0x00, 0x00, 0x00, 0x00, 0x00, 0x00, 0x00, 0x00, 0x00}, 4, {0x7F, 0x0C, 0x03, 0x00, 0x09}, 5 },  /* DEMONPCQST */
            { {0x0B, 0x00, 0x01, 0x0A, 0x00, 0x00, 0x00, 0x00, 0x00, 0x00, 0x00, 0x00, 0x00, 0x00, 0x00, 0x00, 0x00, 0x00, 0x00, 0x00, 0x00, 0x00, 0x00, 0x00, 0x00, 0x00, 0x00, 0x00, 0x00, 0x00, 0x00, 0x00, 0x00, 0x00, 0x00, 0x00, 0x00, 0x00, 0x00, 0x00, 0x00, 0x00, 0x00, 0x00, 0x00, 0x00, 0x00}, 4, {0x7F, 0x0C, 0x03, 0x00, 0x0A}, 5 },  /* DEMONPCQST */
            { {0x0B, 0x00, 0x01, 0x0B, 0x00, 0x00, 0x00, 0x00, 0x00, 0x00, 0x00, 0x00, 0x00, 0x00, 0x00, 0x00, 0x00, 0x00, 0x00, 0x00, 0x00, 0x00, 0x00, 0x00, 0x00, 0x00, 0x00, 0x00, 0x00, 0x00, 0x00, 0x00, 0x00, 0x00, 0x00, 0x00, 0x00, 0x00, 0x00, 0x00, 0x00, 0x00, 0x00, 0x00, 0x00, 0x00, 0x00}, 4, {0x7F, 0x0C, 0x03, 0x00, 0x0B}, 5 },  /* DEMONPCQST */
            { {0x0B, 0x00, 0x01, 0x0C, 0x00, 0x00, 0x00, 0x00, 0x00, 0x00, 0x00, 0x00, 0x00, 0x00, 0x00, 0x00, 0x00, 0x00, 0x00, 0x00, 0x00, 0x00, 0x00, 0x00, 0x00, 0x00, 0x00, 0x00, 0x00, 0x00, 0x00, 0x00, 0x00, 0x00, 0x00, 0x00, 0x00, 0x00, 0x00, 0x00, 0x00, 0x00, 0x00, 0x00, 0x00, 0x00, 0x00}, 4, {0x7F, 0x0C, 0x03, 0x00, 0x0C}, 5 },  /* DEMONPCQST */
            { {0x0B, 0x00, 0x01, 0x0D, 0x00, 0x00, 0x00, 0x00, 0x00, 0x00, 0x00, 0x00, 0x00, 0x00, 0x00, 0x00, 0x00, 0x00, 0x00, 0x00, 0x00, 0x00, 0x00, 0x00, 0x00, 0x00, 0x00, 0x00, 0x00, 0x00, 0x00, 0x00, 0x00, 0x00, 0x00, 0x00, 0x00, 0x00, 0x00, 0x00, 0x00, 0x00, 0x00, 0x00, 0x00, 0x00, 0x00}, 4, {0x7F, 0x0C, 0x03, 0x00, 0x0D}, 5 },  /* DEMONPCQST */
            { {0x0B, 0x00, 0x01, 0x0E, 0x00, 0x00, 0x00, 0x00, 0x00, 0x00, 0x00, 0x00, 0x00, 0x00, 0x00, 0x00, 0x00, 0x00, 0x00, 0x00, 0x00, 0x00, 0x00, 0x00, 0x00, 0x00, 0x00, 0x00, 0x00, 0x00, 0x00, 0x00, 0x00, 0x00, 0x00, 0x00, 0x00, 0x00, 0x00, 0x00, 0x00, 0x00, 0x00, 0x00, 0x00, 0x00, 0x00}, 4, {0x7F, 0x0C, 0x03, 0x00, 0x0E}, 5 },  /* DEMONPCQST */
            { {0x0B, 0x00, 0x01, 0x0F, 0x00, 0x00, 0x00, 0x00, 0x00, 0x00, 0x00, 0x00, 0x00, 0x00, 0x00, 0x00, 0x00, 0x00, 0x00, 0x00, 0x00, 0x00, 0x00, 0x00, 0x00, 0x00, 0x00, 0x00, 0x00, 0x00, 0x00, 0x00, 0x00, 0x00, 0x00, 0x00, 0x00, 0x00, 0x00, 0x00, 0x00, 0x00, 0x00, 0x00, 0x00, 0x00, 0x00}, 4, {0x7F, 0x0C, 0x03, 0x00, 0x0F}, 5 },  /* DEMONPCQST */
            { {0x0B, 0x00, 0x01, 0x10, 0x00, 0x00, 0x00, 0x00, 0x00, 0x00, 0x00, 0x00, 0x00, 0x00, 0x00, 0x00, 0x00, 0x00, 0x00, 0x00, 0x00, 0x00, 0x00, 0x00, 0x00, 0x00, 0x00, 0x00, 0x00, 0x00, 0x00, 0x00, 0x00, 0x00, 0x00, 0x00, 0x00, 0x00, 0x00, 0x00, 0x00, 0x00, 0x00, 0x00, 0x00, 0x00, 0x00}, 4, {0x7F, 0x0C, 0x03, 0x00, 0x10}, 5 },  /* DEMONPCQST */
            { {0x0B, 0x00, 0x01, 0x11, 0x00, 0x00, 0x00, 0x00, 0x00, 0x00, 0x00, 0x00, 0x00, 0x00, 0x00, 0x00, 0x00, 0x00, 0x00, 0x00, 0x00, 0x00, 0x00, 0x00, 0x00, 0x00, 0x00, 0x00, 0x00, 0x00, 0x00, 0x00, 0x00, 0x00, 0x00, 0x00, 0x00, 0x00, 0x00, 0x00, 0x00, 0x00, 0x00, 0x00, 0x00, 0x00, 0x00}, 4, {0x7F, 0x0C, 0x03, 0x00, 0x11}, 5 },  /* DEMONPCQST */
            { {0x0B, 0x00, 0x01, 0x12, 0x00, 0x00, 0x00, 0x00, 0x00, 0x00, 0x00, 0x00, 0x00, 0x00, 0x00, 0x00, 0x00, 0x00, 0x00, 0x00, 0x00, 0x00, 0x00, 0x00, 0x00, 0x00, 0x00, 0x00, 0x00, 0x00, 0x00, 0x00, 0x00, 0x00, 0x00, 0x00, 0x00, 0x00, 0x00, 0x00, 0x00, 0x00, 0x00, 0x00, 0x00, 0x00, 0x00}, 4, {0x7F, 0x0C, 0x03, 0x00, 0x12}, 5 },  /* DEMONPCQST */
            { {0x0B, 0x00, 0x01, 0x13, 0x00, 0x00, 0x00, 0x00, 0x00, 0x00, 0x00, 0x00, 0x00, 0x00, 0x00, 0x00, 0x00, 0x00, 0x00, 0x00, 0x00, 0x00, 0x00, 0x00, 0x00, 0x00, 0x00, 0x00, 0x00, 0x00, 0x00, 0x00, 0x00, 0x00, 0x00, 0x00, 0x00, 0x00, 0x00, 0x00, 0x00, 0x00, 0x00, 0x00, 0x00, 0x00, 0x00}, 4, {0x7F, 0x0C, 0x03, 0x00, 0x13}, 5 },  /* DEMONPCQST */
            { {0x0B, 0x00, 0x01, 0x14, 0x00, 0x00, 0x00, 0x00, 0x00, 0x00, 0x00, 0x00, 0x00, 0x00, 0x00, 0x00, 0x00, 0x00, 0x00, 0x00, 0x00, 0x00, 0x00, 0x00, 0x00, 0x00, 0x00, 0x00, 0x00, 0x00, 0x00, 0x00, 0x00, 0x00, 0x00, 0x00, 0x00, 0x00, 0x00, 0x00, 0x00, 0x00, 0x00, 0x00, 0x00, 0x00, 0x00}, 4, {0x7F, 0x0C, 0x03, 0x00, 0x14}, 5 },  /* DEMONPCQST */
            { {0x0B, 0x00, 0x01, 0x15, 0x00, 0x00, 0x00, 0x00, 0x00, 0x00, 0x00, 0x00, 0x00, 0x00, 0x00, 0x00, 0x00, 0x00, 0x00, 0x00, 0x00, 0x00, 0x00, 0x00, 0x00, 0x00, 0x00, 0x00, 0x00, 0x00, 0x00, 0x00, 0x00, 0x00, 0x00, 0x00, 0x00, 0x00, 0x00, 0x00, 0x00, 0x00, 0x00, 0x00, 0x00, 0x00, 0x00}, 4, {0x7F, 0x0C, 0x03, 0x00, 0x15}, 5 },  /* DEMONPCQST */
            { {0x0B, 0x00, 0x01, 0x16, 0x00, 0x00, 0x00, 0x00, 0x00, 0x00, 0x00, 0x00, 0x00, 0x00, 0x00, 0x00, 0x00, 0x00, 0x00, 0x00, 0x00, 0x00, 0x00, 0x00, 0x00, 0x00, 0x00, 0x00, 0x00, 0x00, 0x00, 0x00, 0x00, 0x00, 0x00, 0x00, 0x00, 0x00, 0x00, 0x00, 0x00, 0x00, 0x00, 0x00, 0x00, 0x00, 0x00}, 4, {0x7F, 0x0C, 0x03, 0x00, 0x16}, 5 },  /* DEMONPCQST */
            { {0x0B, 0x00, 0x01, 0x17, 0x00, 0x00, 0x00, 0x00, 0x00, 0x00, 0x00, 0x00, 0x00, 0x00, 0x00, 0x00, 0x00, 0x00, 0x00, 0x00, 0x00, 0x00, 0x00, 0x00, 0x00, 0x00, 0x00, 0x00, 0x00, 0x00, 0x00, 0x00, 0x00, 0x00, 0x00, 0x00, 0x00, 0x00, 0x00, 0x00, 0x00, 0x00, 0x00, 0x00, 0x00, 0x00, 0x00}, 4, {0x7F, 0x0C, 0x03, 0x00, 0x17}, 5 },  /* DEMONPCQST */
            { {0x0B, 0x00, 0x01, 0x18, 0x00, 0x00, 0x00, 0x00, 0x00, 0x00, 0x00, 0x00, 0x00, 0x00, 0x00, 0x00, 0x00, 0x00, 0x00, 0x00, 0x00, 0x00, 0x00, 0x00, 0x00, 0x00, 0x00, 0x00, 0x00, 0x00, 0x00, 0x00, 0x00, 0x00, 0x00, 0x00, 0x00, 0x00, 0x00, 0x00, 0x00, 0x00, 0x00, 0x00, 0x00, 0x00, 0x00}, 4, {0x7F, 0x0C, 0x03, 0x00, 0x18}, 5 },  /* DEMONPCQST */
            { {0x0B, 0x00, 0x02, 0x01, 0x00, 0x00, 0x00, 0x00, 0x00, 0x00, 0x00, 0x00, 0x00, 0x00, 0x00, 0x00, 0x00, 0x00, 0x00, 0x00, 0x00, 0x00, 0x00, 0x00, 0x00, 0x00, 0x00, 0x00, 0x00, 0x00, 0x00, 0x00, 0x00, 0x00, 0x00, 0x00, 0x00, 0x00, 0x00, 0x00, 0x00, 0x00, 0x00, 0x00, 0x00, 0x00, 0x00}, 4, {0x7F, 0x0C, 0x09, 0x00, 0x01}, 5 },  /* DEMONPCQST */
            { {0x0B, 0x00, 0x02, 0x02, 0x00, 0x00, 0x00, 0x00, 0x00, 0x00, 0x00, 0x00, 0x00, 0x00, 0x00, 0x00, 0x00, 0x00, 0x00, 0x00, 0x00, 0x00, 0x00, 0x00, 0x00, 0x00, 0x00, 0x00, 0x00, 0x00, 0x00, 0x00, 0x00, 0x00, 0x00, 0x00, 0x00, 0x00, 0x00, 0x00, 0x00, 0x00, 0x00, 0x00, 0x00, 0x00, 0x00}, 4, {0x7F, 0x0C, 0x09, 0x00, 0x02}, 5 },  /* DEMONPCQST */
            { {0x0B, 0x00, 0x02, 0x03, 0x00, 0x00, 0x00, 0x00, 0x00, 0x00, 0x00, 0x00, 0x00, 0x00, 0x00, 0x00, 0x00, 0x00, 0x00, 0x00, 0x00, 0x00, 0x00, 0x00, 0x00, 0x00, 0x00, 0x00, 0x00, 0x00, 0x00, 0x00, 0x00, 0x00, 0x00, 0x00, 0x00, 0x00, 0x00, 0x00, 0x00, 0x00, 0x00, 0x00, 0x00, 0x00, 0x00}, 4, {0x7F, 0x0C, 0x09, 0x00, 0x03}, 5 },  /* DEMONPCQST */
            { {0x0B, 0x00, 0x02, 0x04, 0x00, 0x00, 0x00, 0x00, 0x00, 0x00, 0x00, 0x00, 0x00, 0x00, 0x00, 0x00, 0x00, 0x00, 0x00, 0x00, 0x00, 0x00, 0x00, 0x00, 0x00, 0x00, 0x00, 0x00, 0x00, 0x00, 0x00, 0x00, 0x00, 0x00, 0x00, 0x00, 0x00, 0x00, 0x00, 0x00, 0x00, 0x00, 0x00, 0x00, 0x00, 0x00, 0x00}, 4, {0x7F, 0x0C, 0x09, 0x00, 0x04}, 5 },  /* DEMONPCQST */
            { {0x0B, 0x00, 0x03, 0x01, 0x00, 0x00, 0x00, 0x00, 0x00, 0x00, 0x00, 0x00, 0x00, 0x00, 0x00, 0x00, 0x00, 0x00, 0x00, 0x00, 0x00, 0x00, 0x00, 0x00, 0x00, 0x00, 0x00, 0x00, 0x00, 0x00, 0x00, 0x00, 0x00, 0x00, 0x00, 0x00, 0x00, 0x00, 0x00, 0x00, 0x00, 0x00, 0x00, 0x00, 0x00, 0x00, 0x00}, 4, {0x7F, 0x0C, 0x05, 0x00, 0x01}, 5 },  /* DEMONPCQST */
            { {0x0B, 0x00, 0x03, 0x02, 0x00, 0x00, 0x00, 0x00, 0x00, 0x00, 0x00, 0x00, 0x00, 0x00, 0x00, 0x00, 0x00, 0x00, 0x00, 0x00, 0x00, 0x00, 0x00, 0x00, 0x00, 0x00, 0x00, 0x00, 0x00, 0x00, 0x00, 0x00, 0x00, 0x00, 0x00, 0x00, 0x00, 0x00, 0x00, 0x00, 0x00, 0x00, 0x00, 0x00, 0x00, 0x00, 0x00}, 4, {0x7F, 0x0C, 0x05, 0x00, 0x02}, 5 },  /* DEMONPCQST */
            { {0x0B, 0x00, 0x03, 0x03, 0x00, 0x00, 0x00, 0x00, 0x00, 0x00, 0x00, 0x00, 0x00, 0x00, 0x00, 0x00, 0x00, 0x00, 0x00, 0x00, 0x00, 0x00, 0x00, 0x00, 0x00, 0x00, 0x00, 0x00, 0x00, 0x00, 0x00, 0x00, 0x00, 0x00, 0x00, 0x00, 0x00, 0x00, 0x00, 0x00, 0x00, 0x00, 0x00, 0x00, 0x00, 0x00, 0x00}, 4, {0x7F, 0x0C, 0x05, 0x00, 0x03}, 5 },  /* DEMONPCQST */
            { {0x0B, 0x00, 0x03, 0x04, 0x00, 0x00, 0x00, 0x00, 0x00, 0x00, 0x00, 0x00, 0x00, 0x00, 0x00, 0x00, 0x00, 0x00, 0x00, 0x00, 0x00, 0x00, 0x00, 0x00, 0x00, 0x00, 0x00, 0x00, 0x00, 0x00, 0x00, 0x00, 0x00, 0x00, 0x00, 0x00, 0x00, 0x00, 0x00, 0x00, 0x00, 0x00, 0x00, 0x00, 0x00, 0x00, 0x00}, 4, {0x7F, 0x0C, 0x05, 0x00, 0x04}, 5 },  /* DEMONPCQST */
            { {0x0B, 0x00, 0x03, 0x05, 0x00, 0x00, 0x00, 0x00, 0x00, 0x00, 0x00, 0x00, 0x00, 0x00, 0x00, 0x00, 0x00, 0x00, 0x00, 0x00, 0x00, 0x00, 0x00, 0x00, 0x00, 0x00, 0x00, 0x00, 0x00, 0x00, 0x00, 0x00, 0x00, 0x00, 0x00, 0x00, 0x00, 0x00, 0x00, 0x00, 0x00, 0x00, 0x00, 0x00, 0x00, 0x00, 0x00}, 4, {0x7F, 0x0C, 0x05, 0x00, 0x05}, 5 },  /* DEMONPCQST */
            { {0x0B, 0x00, 0x03, 0x06, 0x00, 0x00, 0x00, 0x00, 0x00, 0x00, 0x00, 0x00, 0x00, 0x00, 0x00, 0x00, 0x00, 0x00, 0x00, 0x00, 0x00, 0x00, 0x00, 0x00, 0x00, 0x00, 0x00, 0x00, 0x00, 0x00, 0x00, 0x00, 0x00, 0x00, 0x00, 0x00, 0x00, 0x00, 0x00, 0x00, 0x00, 0x00, 0x00, 0x00, 0x00, 0x00, 0x00}, 4, {0x7F, 0x0C, 0x05, 0x00, 0x06}, 5 },  /* DEMONPCQST */
            { {0x0B, 0x00, 0x03, 0x07, 0x00, 0x00, 0x00, 0x00, 0x00, 0x00, 0x00, 0x00, 0x00, 0x00, 0x00, 0x00, 0x00, 0x00, 0x00, 0x00, 0x00, 0x00, 0x00, 0x00, 0x00, 0x00, 0x00, 0x00, 0x00, 0x00, 0x00, 0x00, 0x00, 0x00, 0x00, 0x00, 0x00, 0x00, 0x00, 0x00, 0x00, 0x00, 0x00, 0x00, 0x00, 0x00, 0x00}, 4, {0x7F, 0x0C, 0x05, 0x00, 0x07}, 5 },  /* DEMONPCQST */
            { {0x0B, 0x00, 0x03, 0x08, 0x00, 0x00, 0x00, 0x00, 0x00, 0x00, 0x00, 0x00, 0x00, 0x00, 0x00, 0x00, 0x00, 0x00, 0x00, 0x00, 0x00, 0x00, 0x00, 0x00, 0x00, 0x00, 0x00, 0x00, 0x00, 0x00, 0x00, 0x00, 0x00, 0x00, 0x00, 0x00, 0x00, 0x00, 0x00, 0x00, 0x00, 0x00, 0x00, 0x00, 0x00, 0x00, 0x00}, 4, {0x7F, 0x0C, 0x05, 0x00, 0x08}, 5 },  /* DEMONPCQST */
            { {0x0B, 0x00, 0x03, 0x0A, 0x00, 0x00, 0x00, 0x00, 0x00, 0x00, 0x00, 0x00, 0x00, 0x00, 0x00, 0x00, 0x00, 0x00, 0x00, 0x00, 0x00, 0x00, 0x00, 0x00, 0x00, 0x00, 0x00, 0x00, 0x00, 0x00, 0x00, 0x00, 0x00, 0x00, 0x00, 0x00, 0x00, 0x00, 0x00, 0x00, 0x00, 0x00, 0x00, 0x00, 0x00, 0x00, 0x00}, 4, {0x7F, 0x0C, 0x05, 0x00, 0x0A}, 5 },  /* DEMONPCQST */
            { {0x0B, 0x00, 0x04, 0x01, 0x00, 0x00, 0x00, 0x00, 0x00, 0x00, 0x00, 0x00, 0x00, 0x00, 0x00, 0x00, 0x00, 0x00, 0x00, 0x00, 0x00, 0x00, 0x00, 0x00, 0x00, 0x00, 0x00, 0x00, 0x00, 0x00, 0x00, 0x00, 0x00, 0x00, 0x00, 0x00, 0x00, 0x00, 0x00, 0x00, 0x00, 0x00, 0x00, 0x00, 0x00, 0x00, 0x00}, 4, {0x7F, 0x0C, 0x05, 0x00, 0x65}, 5 },  /* DEMONPCQST */
            { {0x0B, 0x00, 0x04, 0x02, 0x00, 0x00, 0x00, 0x00, 0x00, 0x00, 0x00, 0x00, 0x00, 0x00, 0x00, 0x00, 0x00, 0x00, 0x00, 0x00, 0x00, 0x00, 0x00, 0x00, 0x00, 0x00, 0x00, 0x00, 0x00, 0x00, 0x00, 0x00, 0x00, 0x00, 0x00, 0x00, 0x00, 0x00, 0x00, 0x00, 0x00, 0x00, 0x00, 0x00, 0x00, 0x00, 0x00}, 4, {0x7F, 0x0C, 0x05, 0x00, 0x66}, 5 },  /* DEMONPCQST */
            { {0x0B, 0x00, 0x04, 0x03, 0x00, 0x00, 0x00, 0x00, 0x00, 0x00, 0x00, 0x00, 0x00, 0x00, 0x00, 0x00, 0x00, 0x00, 0x00, 0x00, 0x00, 0x00, 0x00, 0x00, 0x00, 0x00, 0x00, 0x00, 0x00, 0x00, 0x00, 0x00, 0x00, 0x00, 0x00, 0x00, 0x00, 0x00, 0x00, 0x00, 0x00, 0x00, 0x00, 0x00, 0x00, 0x00, 0x00}, 4, {0x7F, 0x0C, 0x05, 0x00, 0x67}, 5 },  /* DEMONPCQST */
            { {0x0B, 0x00, 0x04, 0x04, 0x00, 0x00, 0x00, 0x00, 0x00, 0x00, 0x00, 0x00, 0x00, 0x00, 0x00, 0x00, 0x00, 0x00, 0x00, 0x00, 0x00, 0x00, 0x00, 0x00, 0x00, 0x00, 0x00, 0x00, 0x00, 0x00, 0x00, 0x00, 0x00, 0x00, 0x00, 0x00, 0x00, 0x00, 0x00, 0x00, 0x00, 0x00, 0x00, 0x00, 0x00, 0x00, 0x00}, 4, {0x7F, 0x0C, 0x05, 0x00, 0x68}, 5 },  /* DEMONPCQST */
            { {0x0B, 0x00, 0x04, 0x05, 0x00, 0x00, 0x00, 0x00, 0x00, 0x00, 0x00, 0x00, 0x00, 0x00, 0x00, 0x00, 0x00, 0x00, 0x00, 0x00, 0x00, 0x00, 0x00, 0x00, 0x00, 0x00, 0x00, 0x00, 0x00, 0x00, 0x00, 0x00, 0x00, 0x00, 0x00, 0x00, 0x00, 0x00, 0x00, 0x00, 0x00, 0x00, 0x00, 0x00, 0x00, 0x00, 0x00}, 4, {0x7F, 0x0C, 0x05, 0x00, 0x69}, 5 },  /* DEMONPCQST */
            { {0x0B, 0x00, 0x04, 0x06, 0x00, 0x00, 0x00, 0x00, 0x00, 0x00, 0x00, 0x00, 0x00, 0x00, 0x00, 0x00, 0x00, 0x00, 0x00, 0x00, 0x00, 0x00, 0x00, 0x00, 0x00, 0x00, 0x00, 0x00, 0x00, 0x00, 0x00, 0x00, 0x00, 0x00, 0x00, 0x00, 0x00, 0x00, 0x00, 0x00, 0x00, 0x00, 0x00, 0x00, 0x00, 0x00, 0x00}, 4, {0x7F, 0x0C, 0x05, 0x00, 0x6A}, 5 },  /* DEMONPCQST */
            { {0x0B, 0x00, 0x04, 0x07, 0x00, 0x00, 0x00, 0x00, 0x00, 0x00, 0x00, 0x00, 0x00, 0x00, 0x00, 0x00, 0x00, 0x00, 0x00, 0x00, 0x00, 0x00, 0x00, 0x00, 0x00, 0x00, 0x00, 0x00, 0x00, 0x00, 0x00, 0x00, 0x00, 0x00, 0x00, 0x00, 0x00, 0x00, 0x00, 0x00, 0x00, 0x00, 0x00, 0x00, 0x00, 0x00, 0x00}, 4, {0x7F, 0x0C, 0x05, 0x00, 0x6B}, 5 },  /* DEMONPCQST */
            { {0x0B, 0x00, 0x04, 0x08, 0x00, 0x00, 0x00, 0x00, 0x00, 0x00, 0x00, 0x00, 0x00, 0x00, 0x00, 0x00, 0x00, 0x00, 0x00, 0x00, 0x00, 0x00, 0x00, 0x00, 0x00, 0x00, 0x00, 0x00, 0x00, 0x00, 0x00, 0x00, 0x00, 0x00, 0x00, 0x00, 0x00, 0x00, 0x00, 0x00, 0x00, 0x00, 0x00, 0x00, 0x00, 0x00, 0x00}, 4, {0x7F, 0x0C, 0x05, 0x00, 0x6C}, 5 },  /* DEMONPCQST */
            { {0x01, 0x00, 0x01, 0x00, 0x00, 0x00, 0x00, 0x00, 0x00, 0x00, 0x00, 0x00, 0x00, 0x00, 0x00, 0x00, 0x00, 0x00, 0x00, 0x00, 0x00, 0x00, 0x00, 0x00, 0x00, 0x00, 0x00, 0x00, 0x00, 0x00, 0x00, 0x00, 0x00, 0x00, 0x00, 0x00, 0x00, 0x00, 0x00, 0x00, 0x00, 0x00, 0x00, 0x00, 0x00, 0x00, 0x00}, 3, {0x7F, 0x00}, 2 },  /* MSGEND */
            { {0x01, 0x00, 0x02, 0x00, 0x00, 0x00, 0x00, 0x00, 0x00, 0x00, 0x00, 0x00, 0x00, 0x00, 0x00, 0x00, 0x00, 0x00, 0x00, 0x00, 0x00, 0x00, 0x00, 0x00, 0x00, 0x00, 0x00, 0x00, 0x00, 0x00, 0x00, 0x00, 0x00, 0x00, 0x00, 0x00, 0x00, 0x00, 0x00, 0x00, 0x00, 0x00, 0x00, 0x00, 0x00, 0x00, 0x00}, 3, {0x7F, 0x01}, 2 },  /* MSGCONTINUE */
            { {0x01, 0x00, 0x03, 0x00, 0x00, 0x00, 0x00, 0x00, 0x00, 0x00, 0x00, 0x00, 0x00, 0x00, 0x00, 0x00, 0x00, 0x00, 0x00, 0x00, 0x00, 0x00, 0x00, 0x00, 0x00, 0x00, 0x00, 0x00, 0x00, 0x00, 0x00, 0x00, 0x00, 0x00, 0x00, 0x00, 0x00, 0x00, 0x00, 0x00, 0x00, 0x00, 0x00, 0x00, 0x00, 0x00, 0x00}, 3, {0x7F, 0x02}, 2 },  /* MSGCLEAR */
            { {0x03, 0x00, 0x00, 0x00, 0x00, 0x00, 0x00, 0x00, 0x00, 0x00, 0x00, 0x00, 0x00, 0x00, 0x00, 0x00, 0x00, 0x00, 0x00, 0x00, 0x00, 0x00, 0x00, 0x00, 0x00, 0x00, 0x00, 0x00, 0x00, 0x00, 0x00, 0x00, 0x00, 0x00, 0x00, 0x00, 0x00, 0x00, 0x00, 0x00, 0x00, 0x00, 0x00, 0x00, 0x00, 0x00, 0x00}, 3, {0x7F, 0x09, 0x02, 0x00, 0x01}, 5 },  /* DEMONPC0 */
            { {0x03, 0x00, 0x01, 0x00, 0x00, 0x00, 0x00, 0x00, 0x00, 0x00, 0x00, 0x00, 0x00, 0x00, 0x00, 0x00, 0x00, 0x00, 0x00, 0x00, 0x00, 0x00, 0x00, 0x00, 0x00, 0x00, 0x00, 0x00, 0x00, 0x00, 0x00, 0x00, 0x00, 0x00, 0x00, 0x00, 0x00, 0x00, 0x00, 0x00, 0x00, 0x00, 0x00, 0x00, 0x00, 0x00, 0x00}, 3, {0x7F, 0x09, 0x02, 0x00, 0x02}, 5 },  /* DEMONPC0 */
            { {0x03, 0x00, 0x02, 0x00, 0x00, 0x00, 0x00, 0x00, 0x00, 0x00, 0x00, 0x00, 0x00, 0x00, 0x00, 0x00, 0x00, 0x00, 0x00, 0x00, 0x00, 0x00, 0x00, 0x00, 0x00, 0x00, 0x00, 0x00, 0x00, 0x00, 0x00, 0x00, 0x00, 0x00, 0x00, 0x00, 0x00, 0x00, 0x00, 0x00, 0x00, 0x00, 0x00, 0x00, 0x00, 0x00, 0x00}, 3, {0x7F, 0x09, 0x02, 0x00, 0x03}, 5 },  /* DEMONPC0 */
            { {0x03, 0x00, 0x03, 0x00, 0x00, 0x00, 0x00, 0x00, 0x00, 0x00, 0x00, 0x00, 0x00, 0x00, 0x00, 0x00, 0x00, 0x00, 0x00, 0x00, 0x00, 0x00, 0x00, 0x00, 0x00, 0x00, 0x00, 0x00, 0x00, 0x00, 0x00, 0x00, 0x00, 0x00, 0x00, 0x00, 0x00, 0x00, 0x00, 0x00, 0x00, 0x00, 0x00, 0x00, 0x00, 0x00, 0x00}, 3, {0x7F, 0x09, 0x02, 0x00, 0x04}, 5 },  /* DEMONPC0 */
            { {0x03, 0x00, 0x04, 0x00, 0x00, 0x00, 0x00, 0x00, 0x00, 0x00, 0x00, 0x00, 0x00, 0x00, 0x00, 0x00, 0x00, 0x00, 0x00, 0x00, 0x00, 0x00, 0x00, 0x00, 0x00, 0x00, 0x00, 0x00, 0x00, 0x00, 0x00, 0x00, 0x00, 0x00, 0x00, 0x00, 0x00, 0x00, 0x00, 0x00, 0x00, 0x00, 0x00, 0x00, 0x00, 0x00, 0x00}, 3, {0x7F, 0x09, 0x02, 0x00, 0x05}, 5 },  /* DEMONPC0 */
            { {0x03, 0x00, 0x05, 0x00, 0x00, 0x00, 0x00, 0x00, 0x00, 0x00, 0x00, 0x00, 0x00, 0x00, 0x00, 0x00, 0x00, 0x00, 0x00, 0x00, 0x00, 0x00, 0x00, 0x00, 0x00, 0x00, 0x00, 0x00, 0x00, 0x00, 0x00, 0x00, 0x00, 0x00, 0x00, 0x00, 0x00, 0x00, 0x00, 0x00, 0x00, 0x00, 0x00, 0x00, 0x00, 0x00, 0x00}, 3, {0x7F, 0x09, 0x02, 0x00, 0x07}, 5 },  /* DEMONPC0 */
            { {0x04, 0x00, 0x00, 0x00, 0x00, 0x00, 0x00, 0x00, 0x00, 0x00, 0x00, 0x00, 0x00, 0x00, 0x00, 0x00, 0x00, 0x00, 0x00, 0x00, 0x00, 0x00, 0x00, 0x00, 0x00, 0x00, 0x00, 0x00, 0x00, 0x00, 0x00, 0x00, 0x00, 0x00, 0x00, 0x00, 0x00, 0x00, 0x00, 0x00, 0x00, 0x00, 0x00, 0x00, 0x00, 0x00, 0x00}, 3, {0x7F, 0x1A}, 2 },  /* STR_PLAYERNAME */
            { {0x04, 0x00, 0x01, 0x00, 0x00, 0x00, 0x00, 0x00, 0x00, 0x00, 0x00, 0x00, 0x00, 0x00, 0x00, 0x00, 0x00, 0x00, 0x00, 0x00, 0x00, 0x00, 0x00, 0x00, 0x00, 0x00, 0x00, 0x00, 0x00, 0x00, 0x00, 0x00, 0x00, 0x00, 0x00, 0x00, 0x00, 0x00, 0x00, 0x00, 0x00, 0x00, 0x00, 0x00, 0x00, 0x00, 0x00}, 3, {0x7F, 0x1B}, 2 },  /* STR_TALKNAME */
            { {0x04, 0x00, 0x02, 0x00, 0x00, 0x00, 0x00, 0x00, 0x00, 0x00, 0x00, 0x00, 0x00, 0x00, 0x00, 0x00, 0x00, 0x00, 0x00, 0x00, 0x00, 0x00, 0x00, 0x00, 0x00, 0x00, 0x00, 0x00, 0x00, 0x00, 0x00, 0x00, 0x00, 0x00, 0x00, 0x00, 0x00, 0x00, 0x00, 0x00, 0x00, 0x00, 0x00, 0x00, 0x00, 0x00, 0x00}, 3, {0x7F, 0x1C}, 2 },  /* STR_TAIL */
            { {0x04, 0x00, 0x03, 0x00, 0x00, 0x00, 0x00, 0x00, 0x00, 0x00, 0x00, 0x00, 0x00, 0x00, 0x00, 0x00, 0x00, 0x00, 0x00, 0x00, 0x00, 0x00, 0x00, 0x00, 0x00, 0x00, 0x00, 0x00, 0x00, 0x00, 0x00, 0x00, 0x00, 0x00, 0x00, 0x00, 0x00, 0x00, 0x00, 0x00, 0x00, 0x00, 0x00, 0x00, 0x00, 0x00, 0x00}, 3, {0x7F, 0x2E}, 2 },  /* STR_DETERMINATION */
            { {0x04, 0x00, 0x04, 0x00, 0x00, 0x00, 0x00, 0x00, 0x00, 0x00, 0x00, 0x00, 0x00, 0x00, 0x00, 0x00, 0x00, 0x00, 0x00, 0x00, 0x00, 0x00, 0x00, 0x00, 0x00, 0x00, 0x00, 0x00, 0x00, 0x00, 0x00, 0x00, 0x00, 0x00, 0x00, 0x00, 0x00, 0x00, 0x00, 0x00, 0x00, 0x00, 0x00, 0x00, 0x00, 0x00, 0x00}, 3, {0x7F, 0x40}, 2 },  /* STR_MAIL */
            { {0x04, 0x00, 0x05, 0x00, 0x00, 0x00, 0x00, 0x00, 0x00, 0x00, 0x00, 0x00, 0x00, 0x00, 0x00, 0x00, 0x00, 0x00, 0x00, 0x00, 0x00, 0x00, 0x00, 0x00, 0x00, 0x00, 0x00, 0x00, 0x00, 0x00, 0x00, 0x00, 0x00, 0x00, 0x00, 0x00, 0x00, 0x00, 0x00, 0x00, 0x00, 0x00, 0x00, 0x00, 0x00, 0x00, 0x00}, 3, {0x7F, 0x2F}, 2 },  /* STR_COUNTRYNAME */
            { {0x04, 0x00, 0x06, 0x00, 0x00, 0x00, 0x00, 0x00, 0x00, 0x00, 0x00, 0x00, 0x00, 0x00, 0x00, 0x00, 0x00, 0x00, 0x00, 0x00, 0x00, 0x00, 0x00, 0x00, 0x00, 0x00, 0x00, 0x00, 0x00, 0x00, 0x00, 0x00, 0x00, 0x00, 0x00, 0x00, 0x00, 0x00, 0x00, 0x00, 0x00, 0x00, 0x00, 0x00, 0x00, 0x00, 0x00}, 3, {0x7F, 0x71}, 2 },  /* STR_ISLANDNAME */
            { {0x04, 0x00, 0x07, 0x00, 0x00, 0x00, 0x00, 0x00, 0x00, 0x00, 0x00, 0x00, 0x00, 0x00, 0x00, 0x00, 0x00, 0x00, 0x00, 0x00, 0x00, 0x00, 0x00, 0x00, 0x00, 0x00, 0x00, 0x00, 0x00, 0x00, 0x00, 0x00, 0x00, 0x00, 0x00, 0x00, 0x00, 0x00, 0x00, 0x00, 0x00, 0x00, 0x00, 0x00, 0x00, 0x00, 0x00}, 3, {0x7F, 0x1D}, 2 },  /* STR_YEAR */
            { {0x04, 0x00, 0x08, 0x00, 0x00, 0x00, 0x00, 0x00, 0x00, 0x00, 0x00, 0x00, 0x00, 0x00, 0x00, 0x00, 0x00, 0x00, 0x00, 0x00, 0x00, 0x00, 0x00, 0x00, 0x00, 0x00, 0x00, 0x00, 0x00, 0x00, 0x00, 0x00, 0x00, 0x00, 0x00, 0x00, 0x00, 0x00, 0x00, 0x00, 0x00, 0x00, 0x00, 0x00, 0x00, 0x00, 0x00}, 3, {0x7F, 0x1E}, 2 },  /* STR_MONTH */
            { {0x04, 0x00, 0x09, 0x00, 0x00, 0x00, 0x00, 0x00, 0x00, 0x00, 0x00, 0x00, 0x00, 0x00, 0x00, 0x00, 0x00, 0x00, 0x00, 0x00, 0x00, 0x00, 0x00, 0x00, 0x00, 0x00, 0x00, 0x00, 0x00, 0x00, 0x00, 0x00, 0x00, 0x00, 0x00, 0x00, 0x00, 0x00, 0x00, 0x00, 0x00, 0x00, 0x00, 0x00, 0x00, 0x00, 0x00}, 3, {0x7F, 0x1F}, 2 },  /* STR_WEEK */
            { {0x04, 0x00, 0x0A, 0x00, 0x00, 0x00, 0x00, 0x00, 0x00, 0x00, 0x00, 0x00, 0x00, 0x00, 0x00, 0x00, 0x00, 0x00, 0x00, 0x00, 0x00, 0x00, 0x00, 0x00, 0x00, 0x00, 0x00, 0x00, 0x00, 0x00, 0x00, 0x00, 0x00, 0x00, 0x00, 0x00, 0x00, 0x00, 0x00, 0x00, 0x00, 0x00, 0x00, 0x00, 0x00, 0x00, 0x00}, 3, {0x7F, 0x20}, 2 },  /* STR_DAY */
            { {0x04, 0x00, 0x0B, 0x00, 0x00, 0x00, 0x00, 0x00, 0x00, 0x00, 0x00, 0x00, 0x00, 0x00, 0x00, 0x00, 0x00, 0x00, 0x00, 0x00, 0x00, 0x00, 0x00, 0x00, 0x00, 0x00, 0x00, 0x00, 0x00, 0x00, 0x00, 0x00, 0x00, 0x00, 0x00, 0x00, 0x00, 0x00, 0x00, 0x00, 0x00, 0x00, 0x00, 0x00, 0x00, 0x00, 0x00}, 3, {0x7F, 0x21}, 2 },  /* STR_HOUR */
            { {0x04, 0x00, 0x0C, 0x00, 0x00, 0x00, 0x00, 0x00, 0x00, 0x00, 0x00, 0x00, 0x00, 0x00, 0x00, 0x00, 0x00, 0x00, 0x00, 0x00, 0x00, 0x00, 0x00, 0x00, 0x00, 0x00, 0x00, 0x00, 0x00, 0x00, 0x00, 0x00, 0x00, 0x00, 0x00, 0x00, 0x00, 0x00, 0x00, 0x00, 0x00, 0x00, 0x00, 0x00, 0x00, 0x00, 0x00}, 3, {0x7F, 0x22}, 2 },  /* STR_MIN */
            { {0x04, 0x00, 0x0D, 0x00, 0x00, 0x00, 0x00, 0x00, 0x00, 0x00, 0x00, 0x00, 0x00, 0x00, 0x00, 0x00, 0x00, 0x00, 0x00, 0x00, 0x00, 0x00, 0x00, 0x00, 0x00, 0x00, 0x00, 0x00, 0x00, 0x00, 0x00, 0x00, 0x00, 0x00, 0x00, 0x00, 0x00, 0x00, 0x00, 0x00, 0x00, 0x00, 0x00, 0x00, 0x00, 0x00, 0x00}, 3, {0x7F, 0x23}, 2 },  /* STR_SEC */
            { {0x04, 0x00, 0x0E, 0x00, 0x00, 0x00, 0x00, 0x00, 0x00, 0x00, 0x00, 0x00, 0x00, 0x00, 0x00, 0x00, 0x00, 0x00, 0x00, 0x00, 0x00, 0x00, 0x00, 0x00, 0x00, 0x00, 0x00, 0x00, 0x00, 0x00, 0x00, 0x00, 0x00, 0x00, 0x00, 0x00, 0x00, 0x00, 0x00, 0x00, 0x00, 0x00, 0x00, 0x00, 0x00, 0x00, 0x00}, 3, {0x7F, 0x30}, 2 },  /* STR_RNDNUM */
            { {0x04, 0x00, 0x10, 0x00, 0x00, 0x00, 0x00, 0x00, 0x00, 0x00, 0x00, 0x00, 0x00, 0x00, 0x00, 0x00, 0x00, 0x00, 0x00, 0x00, 0x00, 0x00, 0x00, 0x00, 0x00, 0x00, 0x00, 0x00, 0x00, 0x00, 0x00, 0x00, 0x00, 0x00, 0x00, 0x00, 0x00, 0x00, 0x00, 0x00, 0x00, 0x00, 0x00, 0x00, 0x00, 0x00, 0x00}, 3, {0x7F, 0x75}, 2 },  /* CAPTIALIZE */
            { {0x04, 0x00, 0x11, 0x00, 0x00, 0x00, 0x00, 0x00, 0x00, 0x00, 0x00, 0x00, 0x00, 0x00, 0x00, 0x00, 0x00, 0x00, 0x00, 0x00, 0x00, 0x00, 0x00, 0x00, 0x00, 0x00, 0x00, 0x00, 0x00, 0x00, 0x00, 0x00, 0x00, 0x00, 0x00, 0x00, 0x00, 0x00, 0x00, 0x00, 0x00, 0x00, 0x00, 0x00, 0x00, 0x00, 0x00}, 3, {0x7F, 0x74}, 2 },  /* CUTARTICLE */
            { {0x04, 0x00, 0x12, 0x00, 0x00, 0x00, 0x00, 0x00, 0x00, 0x00, 0x00, 0x00, 0x00, 0x00, 0x00, 0x00, 0x00, 0x00, 0x00, 0x00, 0x00, 0x00, 0x00, 0x00, 0x00, 0x00, 0x00, 0x00, 0x00, 0x00, 0x00, 0x00, 0x00, 0x00, 0x00, 0x00, 0x00, 0x00, 0x00, 0x00, 0x00, 0x00, 0x00, 0x00, 0x00, 0x00, 0x00}, 3, {0x7F, 0x24}, 2 },  /* STR_FREE0 */
            { {0x04, 0x00, 0x13, 0x00, 0x00, 0x00, 0x00, 0x00, 0x00, 0x00, 0x00, 0x00, 0x00, 0x00, 0x00, 0x00, 0x00, 0x00, 0x00, 0x00, 0x00, 0x00, 0x00, 0x00, 0x00, 0x00, 0x00, 0x00, 0x00, 0x00, 0x00, 0x00, 0x00, 0x00, 0x00, 0x00, 0x00, 0x00, 0x00, 0x00, 0x00, 0x00, 0x00, 0x00, 0x00, 0x00, 0x00}, 3, {0x7F, 0x25}, 2 },  /* STR_FREE1 */
            { {0x04, 0x00, 0x14, 0x00, 0x00, 0x00, 0x00, 0x00, 0x00, 0x00, 0x00, 0x00, 0x00, 0x00, 0x00, 0x00, 0x00, 0x00, 0x00, 0x00, 0x00, 0x00, 0x00, 0x00, 0x00, 0x00, 0x00, 0x00, 0x00, 0x00, 0x00, 0x00, 0x00, 0x00, 0x00, 0x00, 0x00, 0x00, 0x00, 0x00, 0x00, 0x00, 0x00, 0x00, 0x00, 0x00, 0x00}, 3, {0x7F, 0x26}, 2 },  /* STR_FREE2 */
            { {0x04, 0x00, 0x15, 0x00, 0x00, 0x00, 0x00, 0x00, 0x00, 0x00, 0x00, 0x00, 0x00, 0x00, 0x00, 0x00, 0x00, 0x00, 0x00, 0x00, 0x00, 0x00, 0x00, 0x00, 0x00, 0x00, 0x00, 0x00, 0x00, 0x00, 0x00, 0x00, 0x00, 0x00, 0x00, 0x00, 0x00, 0x00, 0x00, 0x00, 0x00, 0x00, 0x00, 0x00, 0x00, 0x00, 0x00}, 3, {0x7F, 0x27}, 2 },  /* STR_FREE3 */
            { {0x04, 0x00, 0x16, 0x00, 0x00, 0x00, 0x00, 0x00, 0x00, 0x00, 0x00, 0x00, 0x00, 0x00, 0x00, 0x00, 0x00, 0x00, 0x00, 0x00, 0x00, 0x00, 0x00, 0x00, 0x00, 0x00, 0x00, 0x00, 0x00, 0x00, 0x00, 0x00, 0x00, 0x00, 0x00, 0x00, 0x00, 0x00, 0x00, 0x00, 0x00, 0x00, 0x00, 0x00, 0x00, 0x00, 0x00}, 3, {0x7F, 0x28}, 2 },  /* STR_FREE4 */
            { {0x04, 0x00, 0x17, 0x00, 0x00, 0x00, 0x00, 0x00, 0x00, 0x00, 0x00, 0x00, 0x00, 0x00, 0x00, 0x00, 0x00, 0x00, 0x00, 0x00, 0x00, 0x00, 0x00, 0x00, 0x00, 0x00, 0x00, 0x00, 0x00, 0x00, 0x00, 0x00, 0x00, 0x00, 0x00, 0x00, 0x00, 0x00, 0x00, 0x00, 0x00, 0x00, 0x00, 0x00, 0x00, 0x00, 0x00}, 3, {0x7F, 0x29}, 2 },  /* STR_FREE5 */
            { {0x04, 0x00, 0x18, 0x00, 0x00, 0x00, 0x00, 0x00, 0x00, 0x00, 0x00, 0x00, 0x00, 0x00, 0x00, 0x00, 0x00, 0x00, 0x00, 0x00, 0x00, 0x00, 0x00, 0x00, 0x00, 0x00, 0x00, 0x00, 0x00, 0x00, 0x00, 0x00, 0x00, 0x00, 0x00, 0x00, 0x00, 0x00, 0x00, 0x00, 0x00, 0x00, 0x00, 0x00, 0x00, 0x00, 0x00}, 3, {0x7F, 0x2A}, 2 },  /* STR_FREE6 */
            { {0x04, 0x00, 0x19, 0x00, 0x00, 0x00, 0x00, 0x00, 0x00, 0x00, 0x00, 0x00, 0x00, 0x00, 0x00, 0x00, 0x00, 0x00, 0x00, 0x00, 0x00, 0x00, 0x00, 0x00, 0x00, 0x00, 0x00, 0x00, 0x00, 0x00, 0x00, 0x00, 0x00, 0x00, 0x00, 0x00, 0x00, 0x00, 0x00, 0x00, 0x00, 0x00, 0x00, 0x00, 0x00, 0x00, 0x00}, 3, {0x7F, 0x2B}, 2 },  /* STR_FREE7 */
            { {0x04, 0x00, 0x1A, 0x00, 0x00, 0x00, 0x00, 0x00, 0x00, 0x00, 0x00, 0x00, 0x00, 0x00, 0x00, 0x00, 0x00, 0x00, 0x00, 0x00, 0x00, 0x00, 0x00, 0x00, 0x00, 0x00, 0x00, 0x00, 0x00, 0x00, 0x00, 0x00, 0x00, 0x00, 0x00, 0x00, 0x00, 0x00, 0x00, 0x00, 0x00, 0x00, 0x00, 0x00, 0x00, 0x00, 0x00}, 3, {0x7F, 0x2C}, 2 },  /* STR_FREE8 */
            { {0x04, 0x00, 0x1B, 0x00, 0x00, 0x00, 0x00, 0x00, 0x00, 0x00, 0x00, 0x00, 0x00, 0x00, 0x00, 0x00, 0x00, 0x00, 0x00, 0x00, 0x00, 0x00, 0x00, 0x00, 0x00, 0x00, 0x00, 0x00, 0x00, 0x00, 0x00, 0x00, 0x00, 0x00, 0x00, 0x00, 0x00, 0x00, 0x00, 0x00, 0x00, 0x00, 0x00, 0x00, 0x00, 0x00, 0x00}, 3, {0x7F, 0x2D}, 2 },  /* STR_FREE9 */
            { {0x04, 0x00, 0x1C, 0x00, 0x00, 0x00, 0x00, 0x00, 0x00, 0x00, 0x00, 0x00, 0x00, 0x00, 0x00, 0x00, 0x00, 0x00, 0x00, 0x00, 0x00, 0x00, 0x00, 0x00, 0x00, 0x00, 0x00, 0x00, 0x00, 0x00, 0x00, 0x00, 0x00, 0x00, 0x00, 0x00, 0x00, 0x00, 0x00, 0x00, 0x00, 0x00, 0x00, 0x00, 0x00, 0x00, 0x00}, 3, {0x7F, 0x36}, 2 },  /* STR_FREE10 */
            { {0x04, 0x00, 0x1D, 0x00, 0x00, 0x00, 0x00, 0x00, 0x00, 0x00, 0x00, 0x00, 0x00, 0x00, 0x00, 0x00, 0x00, 0x00, 0x00, 0x00, 0x00, 0x00, 0x00, 0x00, 0x00, 0x00, 0x00, 0x00, 0x00, 0x00, 0x00, 0x00, 0x00, 0x00, 0x00, 0x00, 0x00, 0x00, 0x00, 0x00, 0x00, 0x00, 0x00, 0x00, 0x00, 0x00, 0x00}, 3, {0x7F, 0x37}, 2 },  /* STR_FREE11 */
            { {0x04, 0x00, 0x1E, 0x00, 0x00, 0x00, 0x00, 0x00, 0x00, 0x00, 0x00, 0x00, 0x00, 0x00, 0x00, 0x00, 0x00, 0x00, 0x00, 0x00, 0x00, 0x00, 0x00, 0x00, 0x00, 0x00, 0x00, 0x00, 0x00, 0x00, 0x00, 0x00, 0x00, 0x00, 0x00, 0x00, 0x00, 0x00, 0x00, 0x00, 0x00, 0x00, 0x00, 0x00, 0x00, 0x00, 0x00}, 3, {0x7F, 0x38}, 2 },  /* STR_FREE12 */
            { {0x04, 0x00, 0x1F, 0x00, 0x00, 0x00, 0x00, 0x00, 0x00, 0x00, 0x00, 0x00, 0x00, 0x00, 0x00, 0x00, 0x00, 0x00, 0x00, 0x00, 0x00, 0x00, 0x00, 0x00, 0x00, 0x00, 0x00, 0x00, 0x00, 0x00, 0x00, 0x00, 0x00, 0x00, 0x00, 0x00, 0x00, 0x00, 0x00, 0x00, 0x00, 0x00, 0x00, 0x00, 0x00, 0x00, 0x00}, 3, {0x7F, 0x39}, 2 },  /* STR_FREE13 */
            { {0x04, 0x00, 0x20, 0x00, 0x00, 0x00, 0x00, 0x00, 0x00, 0x00, 0x00, 0x00, 0x00, 0x00, 0x00, 0x00, 0x00, 0x00, 0x00, 0x00, 0x00, 0x00, 0x00, 0x00, 0x00, 0x00, 0x00, 0x00, 0x00, 0x00, 0x00, 0x00, 0x00, 0x00, 0x00, 0x00, 0x00, 0x00, 0x00, 0x00, 0x00, 0x00, 0x00, 0x00, 0x00, 0x00, 0x00}, 3, {0x7F, 0x3A}, 2 },  /* STR_FREE14 */
            { {0x04, 0x00, 0x21, 0x00, 0x00, 0x00, 0x00, 0x00, 0x00, 0x00, 0x00, 0x00, 0x00, 0x00, 0x00, 0x00, 0x00, 0x00, 0x00, 0x00, 0x00, 0x00, 0x00, 0x00, 0x00, 0x00, 0x00, 0x00, 0x00, 0x00, 0x00, 0x00, 0x00, 0x00, 0x00, 0x00, 0x00, 0x00, 0x00, 0x00, 0x00, 0x00, 0x00, 0x00, 0x00, 0x00, 0x00}, 3, {0x7F, 0x3B}, 2 },  /* STR_FREE15 */
            { {0x04, 0x00, 0x22, 0x00, 0x00, 0x00, 0x00, 0x00, 0x00, 0x00, 0x00, 0x00, 0x00, 0x00, 0x00, 0x00, 0x00, 0x00, 0x00, 0x00, 0x00, 0x00, 0x00, 0x00, 0x00, 0x00, 0x00, 0x00, 0x00, 0x00, 0x00, 0x00, 0x00, 0x00, 0x00, 0x00, 0x00, 0x00, 0x00, 0x00, 0x00, 0x00, 0x00, 0x00, 0x00, 0x00, 0x00}, 3, {0x7F, 0x3C}, 2 },  /* STR_FREE16 */
            { {0x04, 0x00, 0x23, 0x00, 0x00, 0x00, 0x00, 0x00, 0x00, 0x00, 0x00, 0x00, 0x00, 0x00, 0x00, 0x00, 0x00, 0x00, 0x00, 0x00, 0x00, 0x00, 0x00, 0x00, 0x00, 0x00, 0x00, 0x00, 0x00, 0x00, 0x00, 0x00, 0x00, 0x00, 0x00, 0x00, 0x00, 0x00, 0x00, 0x00, 0x00, 0x00, 0x00, 0x00, 0x00, 0x00, 0x00}, 3, {0x7F, 0x3C}, 2 },  /* STR_FREE16 */
            { {0x04, 0x00, 0x24, 0x00, 0x00, 0x00, 0x00, 0x00, 0x00, 0x00, 0x00, 0x00, 0x00, 0x00, 0x00, 0x00, 0x00, 0x00, 0x00, 0x00, 0x00, 0x00, 0x00, 0x00, 0x00, 0x00, 0x00, 0x00, 0x00, 0x00, 0x00, 0x00, 0x00, 0x00, 0x00, 0x00, 0x00, 0x00, 0x00, 0x00, 0x00, 0x00, 0x00, 0x00, 0x00, 0x00, 0x00}, 3, {0x7F, 0x3E}, 2 },  /* STR_FREE18 */
            { {0x04, 0x00, 0x25, 0x00, 0x00, 0x00, 0x00, 0x00, 0x00, 0x00, 0x00, 0x00, 0x00, 0x00, 0x00, 0x00, 0x00, 0x00, 0x00, 0x00, 0x00, 0x00, 0x00, 0x00, 0x00, 0x00, 0x00, 0x00, 0x00, 0x00, 0x00, 0x00, 0x00, 0x00, 0x00, 0x00, 0x00, 0x00, 0x00, 0x00, 0x00, 0x00, 0x00, 0x00, 0x00, 0x00, 0x00}, 3, {0x7F, 0x3F}, 2 },  /* STR_FREE19 */
            { {0x04, 0x00, 0x26, 0x00, 0x00, 0x00, 0x00, 0x00, 0x00, 0x00, 0x00, 0x00, 0x00, 0x00, 0x00, 0x00, 0x00, 0x00, 0x00, 0x00, 0x00, 0x00, 0x00, 0x00, 0x00, 0x00, 0x00, 0x00, 0x00, 0x00, 0x00, 0x00, 0x00, 0x00, 0x00, 0x00, 0x00, 0x00, 0x00, 0x00, 0x00, 0x00, 0x00, 0x00, 0x00, 0x00, 0x00}, 3, {0x7F, 0x31}, 2 },  /* STR_ITEM0 */
            { {0x04, 0x00, 0x27, 0x00, 0x00, 0x00, 0x00, 0x00, 0x00, 0x00, 0x00, 0x00, 0x00, 0x00, 0x00, 0x00, 0x00, 0x00, 0x00, 0x00, 0x00, 0x00, 0x00, 0x00, 0x00, 0x00, 0x00, 0x00, 0x00, 0x00, 0x00, 0x00, 0x00, 0x00, 0x00, 0x00, 0x00, 0x00, 0x00, 0x00, 0x00, 0x00, 0x00, 0x00, 0x00, 0x00, 0x00}, 3, {0x7F, 0x32}, 2 },  /* STR_ITEM1 */
            { {0x04, 0x00, 0x28, 0x00, 0x00, 0x00, 0x00, 0x00, 0x00, 0x00, 0x00, 0x00, 0x00, 0x00, 0x00, 0x00, 0x00, 0x00, 0x00, 0x00, 0x00, 0x00, 0x00, 0x00, 0x00, 0x00, 0x00, 0x00, 0x00, 0x00, 0x00, 0x00, 0x00, 0x00, 0x00, 0x00, 0x00, 0x00, 0x00, 0x00, 0x00, 0x00, 0x00, 0x00, 0x00, 0x00, 0x00}, 3, {0x7F, 0x33}, 2 },  /* STR_ITEM2 */
            { {0x04, 0x00, 0x29, 0x00, 0x00, 0x00, 0x00, 0x00, 0x00, 0x00, 0x00, 0x00, 0x00, 0x00, 0x00, 0x00, 0x00, 0x00, 0x00, 0x00, 0x00, 0x00, 0x00, 0x00, 0x00, 0x00, 0x00, 0x00, 0x00, 0x00, 0x00, 0x00, 0x00, 0x00, 0x00, 0x00, 0x00, 0x00, 0x00, 0x00, 0x00, 0x00, 0x00, 0x00, 0x00, 0x00, 0x00}, 3, {0x7F, 0x34}, 2 },  /* STR_ITEM3 */
            { {0x04, 0x00, 0x2A, 0x00, 0x00, 0x00, 0x00, 0x00, 0x00, 0x00, 0x00, 0x00, 0x00, 0x00, 0x00, 0x00, 0x00, 0x00, 0x00, 0x00, 0x00, 0x00, 0x00, 0x00, 0x00, 0x00, 0x00, 0x00, 0x00, 0x00, 0x00, 0x00, 0x00, 0x00, 0x00, 0x00, 0x00, 0x00, 0x00, 0x00, 0x00, 0x00, 0x00, 0x00, 0x00, 0x00, 0x00}, 3, {0x7F, 0x35}, 2 },  /* STR_ITEM4 */
            { {0x05, 0x00, 0x00, 0x00, 0x00, 0x00, 0x00, 0x00, 0x00, 0x00, 0x00, 0x00, 0x00, 0x00, 0x00, 0x00, 0x00, 0x00, 0x00, 0x00, 0x00, 0x00, 0x00, 0x00, 0x00, 0x00, 0x00, 0x00, 0x00, 0x00, 0x00, 0x00, 0x00, 0x00, 0x00, 0x00, 0x00, 0x00, 0x00, 0x00, 0x00, 0x00, 0x00, 0x00, 0x00, 0x00, 0x00}, 3, {0x7F, 0x04}, 2 },  /* BTN */
            { {0x05, 0x00, 0x01, 0x00, 0x00, 0x00, 0x00, 0x00, 0x00, 0x00, 0x00, 0x00, 0x00, 0x00, 0x00, 0x00, 0x00, 0x00, 0x00, 0x00, 0x00, 0x00, 0x00, 0x00, 0x00, 0x00, 0x00, 0x00, 0x00, 0x00, 0x00, 0x00, 0x00, 0x00, 0x00, 0x00, 0x00, 0x00, 0x00, 0x00, 0x00, 0x00, 0x00, 0x00, 0x00, 0x00, 0x00}, 3, {0x7F, 0x55}, 2 },  /* BTN2 */
            { {0x05, 0x00, 0x04, 0x00, 0x00, 0x00, 0x00, 0x00, 0x00, 0x00, 0x00, 0x00, 0x00, 0x00, 0x00, 0x00, 0x00, 0x00, 0x00, 0x00, 0x00, 0x00, 0x00, 0x00, 0x00, 0x00, 0x00, 0x00, 0x00, 0x00, 0x00, 0x00, 0x00, 0x00, 0x00, 0x00, 0x00, 0x00, 0x00, 0x00, 0x00, 0x00, 0x00, 0x00, 0x00, 0x00, 0x00}, 3, {0x7F, 0x06}, 2 },  /* ABLECANCEL */
            { {0x05, 0x00, 0x05, 0x00, 0x00, 0x00, 0x00, 0x00, 0x00, 0x00, 0x00, 0x00, 0x00, 0x00, 0x00, 0x00, 0x00, 0x00, 0x00, 0x00, 0x00, 0x00, 0x00, 0x00, 0x00, 0x00, 0x00, 0x00, 0x00, 0x00, 0x00, 0x00, 0x00, 0x00, 0x00, 0x00, 0x00, 0x00, 0x00, 0x00, 0x00, 0x00, 0x00, 0x00, 0x00, 0x00, 0x00}, 3, {0x7F, 0x07}, 2 },  /* UNABLECANCEL */
            { {0x05, 0x00, 0x06, 0x00, 0x00, 0x00, 0x00, 0x00, 0x00, 0x00, 0x00, 0x00, 0x00, 0x00, 0x00, 0x00, 0x00, 0x00, 0x00, 0x00, 0x00, 0x00, 0x00, 0x00, 0x00, 0x00, 0x00, 0x00, 0x00, 0x00, 0x00, 0x00, 0x00, 0x00, 0x00, 0x00, 0x00, 0x00, 0x00, 0x00, 0x00, 0x00, 0x00, 0x00, 0x00, 0x00, 0x00}, 3, {0x7F, 0x0D}, 2 },  /* OPENCHOICE */
            { {0x05, 0x00, 0x07, 0x00, 0x00, 0x00, 0x00, 0x00, 0x00, 0x00, 0x00, 0x00, 0x00, 0x00, 0x00, 0x00, 0x00, 0x00, 0x00, 0x00, 0x00, 0x00, 0x00, 0x00, 0x00, 0x00, 0x00, 0x00, 0x00, 0x00, 0x00, 0x00, 0x00, 0x00, 0x00, 0x00, 0x00, 0x00, 0x00, 0x00, 0x00, 0x00, 0x00, 0x00, 0x00, 0x00, 0x00}, 3, {0x7F, 0x19}, 2 },  /* FORCENEXT */
            { {0x05, 0x00, 0x08, 0x00, 0x00, 0x00, 0x00, 0x00, 0x00, 0x00, 0x00, 0x00, 0x00, 0x00, 0x00, 0x00, 0x00, 0x00, 0x00, 0x00, 0x00, 0x00, 0x00, 0x00, 0x00, 0x00, 0x00, 0x00, 0x00, 0x00, 0x00, 0x00, 0x00, 0x00, 0x00, 0x00, 0x00, 0x00, 0x00, 0x00, 0x00, 0x00, 0x00, 0x00, 0x00, 0x00, 0x00}, 3, {0x7F, 0x53, 0x00}, 3 },  /* LINETYPE */
            { {0x05, 0x00, 0x09, 0x00, 0x00, 0x00, 0x00, 0x00, 0x00, 0x00, 0x00, 0x00, 0x00, 0x00, 0x00, 0x00, 0x00, 0x00, 0x00, 0x00, 0x00, 0x00, 0x00, 0x00, 0x00, 0x00, 0x00, 0x00, 0x00, 0x00, 0x00, 0x00, 0x00, 0x00, 0x00, 0x00, 0x00, 0x00, 0x00, 0x00, 0x00, 0x00, 0x00, 0x00, 0x00, 0x00, 0x00}, 3, {0x7F, 0x53, 0x01}, 3 },  /* LINETYPE */
            { {0x05, 0x00, 0x0A, 0x00, 0x00, 0x00, 0x00, 0x00, 0x00, 0x00, 0x00, 0x00, 0x00, 0x00, 0x00, 0x00, 0x00, 0x00, 0x00, 0x00, 0x00, 0x00, 0x00, 0x00, 0x00, 0x00, 0x00, 0x00, 0x00, 0x00, 0x00, 0x00, 0x00, 0x00, 0x00, 0x00, 0x00, 0x00, 0x00, 0x00, 0x00, 0x00, 0x00, 0x00, 0x00, 0x00, 0x00}, 3, {0x7F, 0x53, 0x02}, 3 },  /* LINETYPE */
            { {0x05, 0x00, 0x0C, 0x00, 0x00, 0x00, 0x00, 0x00, 0x00, 0x00, 0x00, 0x00, 0x00, 0x00, 0x00, 0x00, 0x00, 0x00, 0x00, 0x00, 0x00, 0x00, 0x00, 0x00, 0x00, 0x00, 0x00, 0x00, 0x00, 0x00, 0x00, 0x00, 0x00, 0x00, 0x00, 0x00, 0x00, 0x00, 0x00, 0x00, 0x00, 0x00, 0x00, 0x00, 0x00, 0x00, 0x00}, 3, {0x7F, 0x60}, 2 },  /* GIVECLOSE */
            { {0x05, 0x00, 0x0D, 0x00, 0x00, 0x00, 0x00, 0x00, 0x00, 0x00, 0x00, 0x00, 0x00, 0x00, 0x00, 0x00, 0x00, 0x00, 0x00, 0x00, 0x00, 0x00, 0x00, 0x00, 0x00, 0x00, 0x00, 0x00, 0x00, 0x00, 0x00, 0x00, 0x00, 0x00, 0x00, 0x00, 0x00, 0x00, 0x00, 0x00, 0x00, 0x00, 0x00, 0x00, 0x00, 0x00, 0x00}, 3, {0x7F, 0x72}, 2 },  /* SETCURSORJUST */
            { {0x05, 0x00, 0x0E, 0x00, 0x00, 0x00, 0x00, 0x00, 0x00, 0x00, 0x00, 0x00, 0x00, 0x00, 0x00, 0x00, 0x00, 0x00, 0x00, 0x00, 0x00, 0x00, 0x00, 0x00, 0x00, 0x00, 0x00, 0x00, 0x00, 0x00, 0x00, 0x00, 0x00, 0x00, 0x00, 0x00, 0x00, 0x00, 0x00, 0x00, 0x00, 0x00, 0x00, 0x00, 0x00, 0x00, 0x00}, 3, {0x7F, 0x73}, 2 },  /* CLRCUSRORJUST */
            { {0x05, 0x00, 0x0F, 0x00, 0x00, 0x00, 0x00, 0x00, 0x00, 0x00, 0x00, 0x00, 0x00, 0x00, 0x00, 0x00, 0x00, 0x00, 0x00, 0x00, 0x00, 0x00, 0x00, 0x00, 0x00, 0x00, 0x00, 0x00, 0x00, 0x00, 0x00, 0x00, 0x00, 0x00, 0x00, 0x00, 0x00, 0x00, 0x00, 0x00, 0x00, 0x00, 0x00, 0x00, 0x00, 0x00, 0x00}, 3, {0x7F, 0x09, 0x03, 0x00, 0x01}, 5 },  /* DEMONPC0 */
            { {0x05, 0x00, 0x11, 0x00, 0x00, 0x00, 0x00, 0x00, 0x00, 0x00, 0x00, 0x00, 0x00, 0x00, 0x00, 0x00, 0x00, 0x00, 0x00, 0x00, 0x00, 0x00, 0x00, 0x00, 0x00, 0x00, 0x00, 0x00, 0x00, 0x00, 0x00, 0x00, 0x00, 0x00, 0x00, 0x00, 0x00, 0x00, 0x00, 0x00, 0x00, 0x00, 0x00, 0x00, 0x00, 0x00, 0x00}, 3, {0x7F, 0x09, 0x04, 0x00, 0x01}, 5 },  /* DEMONPC0 */
            { {0x05, 0x00, 0x12, 0x00, 0x00, 0x00, 0x00, 0x00, 0x00, 0x00, 0x00, 0x00, 0x00, 0x00, 0x00, 0x00, 0x00, 0x00, 0x00, 0x00, 0x00, 0x00, 0x00, 0x00, 0x00, 0x00, 0x00, 0x00, 0x00, 0x00, 0x00, 0x00, 0x00, 0x00, 0x00, 0x00, 0x00, 0x00, 0x00, 0x00, 0x00, 0x00, 0x00, 0x00, 0x00, 0x00, 0x00}, 3, {0x7F, 0x09, 0x04, 0x00, 0xFF}, 5 },  /* DEMONPC0 */
            { {0x06, 0x00, 0x00, 0x00, 0x00, 0x00, 0x00, 0x00, 0x00, 0x00, 0x00, 0x00, 0x00, 0x00, 0x00, 0x00, 0x00, 0x00, 0x00, 0x00, 0x00, 0x00, 0x00, 0x00, 0x00, 0x00, 0x00, 0x00, 0x00, 0x00, 0x00, 0x00, 0x00, 0x00, 0x00, 0x00, 0x00, 0x00, 0x00, 0x00, 0x00, 0x00, 0x00, 0x00, 0x00, 0x00, 0x00}, 3, {0x7F, 0x09, 0x00, 0x00, 0xFF}, 5 },  /* DEMONPC0 */
            { {0x06, 0x00, 0x01, 0x00, 0x00, 0x00, 0x00, 0x00, 0x00, 0x00, 0x00, 0x00, 0x00, 0x00, 0x00, 0x00, 0x00, 0x00, 0x00, 0x00, 0x00, 0x00, 0x00, 0x00, 0x00, 0x00, 0x00, 0x00, 0x00, 0x00, 0x00, 0x00, 0x00, 0x00, 0x00, 0x00, 0x00, 0x00, 0x00, 0x00, 0x00, 0x00, 0x00, 0x00, 0x00, 0x00, 0x00}, 3, {0x7F, 0x09, 0x00, 0x00, 0x01}, 5 },  /* DEMONPC0 */
            { {0x06, 0x00, 0x02, 0x00, 0x00, 0x00, 0x00, 0x00, 0x00, 0x00, 0x00, 0x00, 0x00, 0x00, 0x00, 0x00, 0x00, 0x00, 0x00, 0x00, 0x00, 0x00, 0x00, 0x00, 0x00, 0x00, 0x00, 0x00, 0x00, 0x00, 0x00, 0x00, 0x00, 0x00, 0x00, 0x00, 0x00, 0x00, 0x00, 0x00, 0x00, 0x00, 0x00, 0x00, 0x00, 0x00, 0x00}, 3, {0x7F, 0x09, 0x00, 0x00, 0x02}, 5 },  /* DEMONPC0 */
            { {0x06, 0x00, 0x03, 0x00, 0x00, 0x00, 0x00, 0x00, 0x00, 0x00, 0x00, 0x00, 0x00, 0x00, 0x00, 0x00, 0x00, 0x00, 0x00, 0x00, 0x00, 0x00, 0x00, 0x00, 0x00, 0x00, 0x00, 0x00, 0x00, 0x00, 0x00, 0x00, 0x00, 0x00, 0x00, 0x00, 0x00, 0x00, 0x00, 0x00, 0x00, 0x00, 0x00, 0x00, 0x00, 0x00, 0x00}, 3, {0x7F, 0x09, 0x00, 0x00, 0x03}, 5 },  /* DEMONPC0 */
            { {0x06, 0x00, 0x04, 0x00, 0x00, 0x00, 0x00, 0x00, 0x00, 0x00, 0x00, 0x00, 0x00, 0x00, 0x00, 0x00, 0x00, 0x00, 0x00, 0x00, 0x00, 0x00, 0x00, 0x00, 0x00, 0x00, 0x00, 0x00, 0x00, 0x00, 0x00, 0x00, 0x00, 0x00, 0x00, 0x00, 0x00, 0x00, 0x00, 0x00, 0x00, 0x00, 0x00, 0x00, 0x00, 0x00, 0x00}, 3, {0x7F, 0x09, 0x00, 0x00, 0x04}, 5 },  /* DEMONPC0 */
            { {0x06, 0x00, 0x05, 0x00, 0x00, 0x00, 0x00, 0x00, 0x00, 0x00, 0x00, 0x00, 0x00, 0x00, 0x00, 0x00, 0x00, 0x00, 0x00, 0x00, 0x00, 0x00, 0x00, 0x00, 0x00, 0x00, 0x00, 0x00, 0x00, 0x00, 0x00, 0x00, 0x00, 0x00, 0x00, 0x00, 0x00, 0x00, 0x00, 0x00, 0x00, 0x00, 0x00, 0x00, 0x00, 0x00, 0x00}, 3, {0x7F, 0x09, 0x00, 0x00, 0x05}, 5 },  /* DEMONPC0 */
            { {0x06, 0x00, 0x06, 0x00, 0x00, 0x00, 0x00, 0x00, 0x00, 0x00, 0x00, 0x00, 0x00, 0x00, 0x00, 0x00, 0x00, 0x00, 0x00, 0x00, 0x00, 0x00, 0x00, 0x00, 0x00, 0x00, 0x00, 0x00, 0x00, 0x00, 0x00, 0x00, 0x00, 0x00, 0x00, 0x00, 0x00, 0x00, 0x00, 0x00, 0x00, 0x00, 0x00, 0x00, 0x00, 0x00, 0x00}, 3, {0x7F, 0x09, 0x00, 0x00, 0x06}, 5 },  /* DEMONPC0 */
            { {0x06, 0x00, 0x07, 0x00, 0x00, 0x00, 0x00, 0x00, 0x00, 0x00, 0x00, 0x00, 0x00, 0x00, 0x00, 0x00, 0x00, 0x00, 0x00, 0x00, 0x00, 0x00, 0x00, 0x00, 0x00, 0x00, 0x00, 0x00, 0x00, 0x00, 0x00, 0x00, 0x00, 0x00, 0x00, 0x00, 0x00, 0x00, 0x00, 0x00, 0x00, 0x00, 0x00, 0x00, 0x00, 0x00, 0x00}, 3, {0x7F, 0x09, 0x00, 0x00, 0x07}, 5 },  /* DEMONPC0 */
            { {0x06, 0x00, 0x08, 0x00, 0x00, 0x00, 0x00, 0x00, 0x00, 0x00, 0x00, 0x00, 0x00, 0x00, 0x00, 0x00, 0x00, 0x00, 0x00, 0x00, 0x00, 0x00, 0x00, 0x00, 0x00, 0x00, 0x00, 0x00, 0x00, 0x00, 0x00, 0x00, 0x00, 0x00, 0x00, 0x00, 0x00, 0x00, 0x00, 0x00, 0x00, 0x00, 0x00, 0x00, 0x00, 0x00, 0x00}, 3, {0x7F, 0x09, 0x00, 0x00, 0x08}, 5 },  /* DEMONPC0 */
            { {0x06, 0x00, 0x09, 0x00, 0x00, 0x00, 0x00, 0x00, 0x00, 0x00, 0x00, 0x00, 0x00, 0x00, 0x00, 0x00, 0x00, 0x00, 0x00, 0x00, 0x00, 0x00, 0x00, 0x00, 0x00, 0x00, 0x00, 0x00, 0x00, 0x00, 0x00, 0x00, 0x00, 0x00, 0x00, 0x00, 0x00, 0x00, 0x00, 0x00, 0x00, 0x00, 0x00, 0x00, 0x00, 0x00, 0x00}, 3, {0x7F, 0x09, 0x00, 0x00, 0x09}, 5 },  /* DEMONPC0 */
            { {0x06, 0x00, 0x0A, 0x00, 0x00, 0x00, 0x00, 0x00, 0x00, 0x00, 0x00, 0x00, 0x00, 0x00, 0x00, 0x00, 0x00, 0x00, 0x00, 0x00, 0x00, 0x00, 0x00, 0x00, 0x00, 0x00, 0x00, 0x00, 0x00, 0x00, 0x00, 0x00, 0x00, 0x00, 0x00, 0x00, 0x00, 0x00, 0x00, 0x00, 0x00, 0x00, 0x00, 0x00, 0x00, 0x00, 0x00}, 3, {0x7F, 0x09, 0x00, 0x00, 0x0A}, 5 },  /* DEMONPC0 */
            { {0x06, 0x00, 0x0B, 0x00, 0x00, 0x00, 0x00, 0x00, 0x00, 0x00, 0x00, 0x00, 0x00, 0x00, 0x00, 0x00, 0x00, 0x00, 0x00, 0x00, 0x00, 0x00, 0x00, 0x00, 0x00, 0x00, 0x00, 0x00, 0x00, 0x00, 0x00, 0x00, 0x00, 0x00, 0x00, 0x00, 0x00, 0x00, 0x00, 0x00, 0x00, 0x00, 0x00, 0x00, 0x00, 0x00, 0x00}, 3, {0x7F, 0x09, 0x00, 0x00, 0x0B}, 5 },  /* DEMONPC0 */
            { {0x06, 0x00, 0x0C, 0x00, 0x00, 0x00, 0x00, 0x00, 0x00, 0x00, 0x00, 0x00, 0x00, 0x00, 0x00, 0x00, 0x00, 0x00, 0x00, 0x00, 0x00, 0x00, 0x00, 0x00, 0x00, 0x00, 0x00, 0x00, 0x00, 0x00, 0x00, 0x00, 0x00, 0x00, 0x00, 0x00, 0x00, 0x00, 0x00, 0x00, 0x00, 0x00, 0x00, 0x00, 0x00, 0x00, 0x00}, 3, {0x7F, 0x09, 0x00, 0x00, 0x0C}, 5 },  /* DEMONPC0 */
            { {0x06, 0x00, 0x0D, 0x00, 0x00, 0x00, 0x00, 0x00, 0x00, 0x00, 0x00, 0x00, 0x00, 0x00, 0x00, 0x00, 0x00, 0x00, 0x00, 0x00, 0x00, 0x00, 0x00, 0x00, 0x00, 0x00, 0x00, 0x00, 0x00, 0x00, 0x00, 0x00, 0x00, 0x00, 0x00, 0x00, 0x00, 0x00, 0x00, 0x00, 0x00, 0x00, 0x00, 0x00, 0x00, 0x00, 0x00}, 3, {0x7F, 0x09, 0x00, 0x00, 0x0D}, 5 },  /* DEMONPC0 */
            { {0x06, 0x00, 0x0E, 0x00, 0x00, 0x00, 0x00, 0x00, 0x00, 0x00, 0x00, 0x00, 0x00, 0x00, 0x00, 0x00, 0x00, 0x00, 0x00, 0x00, 0x00, 0x00, 0x00, 0x00, 0x00, 0x00, 0x00, 0x00, 0x00, 0x00, 0x00, 0x00, 0x00, 0x00, 0x00, 0x00, 0x00, 0x00, 0x00, 0x00, 0x00, 0x00, 0x00, 0x00, 0x00, 0x00, 0x00}, 3, {0x7F, 0x09, 0x00, 0x00, 0x0E}, 5 },  /* DEMONPC0 */
            { {0x06, 0x00, 0x0F, 0x00, 0x00, 0x00, 0x00, 0x00, 0x00, 0x00, 0x00, 0x00, 0x00, 0x00, 0x00, 0x00, 0x00, 0x00, 0x00, 0x00, 0x00, 0x00, 0x00, 0x00, 0x00, 0x00, 0x00, 0x00, 0x00, 0x00, 0x00, 0x00, 0x00, 0x00, 0x00, 0x00, 0x00, 0x00, 0x00, 0x00, 0x00, 0x00, 0x00, 0x00, 0x00, 0x00, 0x00}, 3, {0x7F, 0x09, 0x00, 0x00, 0x0F}, 5 },  /* DEMONPC0 */
            { {0x06, 0x00, 0x10, 0x00, 0x00, 0x00, 0x00, 0x00, 0x00, 0x00, 0x00, 0x00, 0x00, 0x00, 0x00, 0x00, 0x00, 0x00, 0x00, 0x00, 0x00, 0x00, 0x00, 0x00, 0x00, 0x00, 0x00, 0x00, 0x00, 0x00, 0x00, 0x00, 0x00, 0x00, 0x00, 0x00, 0x00, 0x00, 0x00, 0x00, 0x00, 0x00, 0x00, 0x00, 0x00, 0x00, 0x00}, 3, {0x7F, 0x09, 0x00, 0x00, 0x10}, 5 },  /* DEMONPC0 */
            { {0x06, 0x00, 0x11, 0x00, 0x00, 0x00, 0x00, 0x00, 0x00, 0x00, 0x00, 0x00, 0x00, 0x00, 0x00, 0x00, 0x00, 0x00, 0x00, 0x00, 0x00, 0x00, 0x00, 0x00, 0x00, 0x00, 0x00, 0x00, 0x00, 0x00, 0x00, 0x00, 0x00, 0x00, 0x00, 0x00, 0x00, 0x00, 0x00, 0x00, 0x00, 0x00, 0x00, 0x00, 0x00, 0x00, 0x00}, 3, {0x7F, 0x09, 0x00, 0x00, 0x11}, 5 },  /* DEMONPC0 */
            { {0x06, 0x00, 0x12, 0x00, 0x00, 0x00, 0x00, 0x00, 0x00, 0x00, 0x00, 0x00, 0x00, 0x00, 0x00, 0x00, 0x00, 0x00, 0x00, 0x00, 0x00, 0x00, 0x00, 0x00, 0x00, 0x00, 0x00, 0x00, 0x00, 0x00, 0x00, 0x00, 0x00, 0x00, 0x00, 0x00, 0x00, 0x00, 0x00, 0x00, 0x00, 0x00, 0x00, 0x00, 0x00, 0x00, 0x00}, 3, {0x7F, 0x09, 0x00, 0x00, 0x12}, 5 },  /* DEMONPC0 */
            { {0x06, 0x00, 0x13, 0x00, 0x00, 0x00, 0x00, 0x00, 0x00, 0x00, 0x00, 0x00, 0x00, 0x00, 0x00, 0x00, 0x00, 0x00, 0x00, 0x00, 0x00, 0x00, 0x00, 0x00, 0x00, 0x00, 0x00, 0x00, 0x00, 0x00, 0x00, 0x00, 0x00, 0x00, 0x00, 0x00, 0x00, 0x00, 0x00, 0x00, 0x00, 0x00, 0x00, 0x00, 0x00, 0x00, 0x00}, 3, {0x7F, 0x09, 0x00, 0x00, 0x13}, 5 },  /* DEMONPC0 */
            { {0x06, 0x00, 0x14, 0x00, 0x00, 0x00, 0x00, 0x00, 0x00, 0x00, 0x00, 0x00, 0x00, 0x00, 0x00, 0x00, 0x00, 0x00, 0x00, 0x00, 0x00, 0x00, 0x00, 0x00, 0x00, 0x00, 0x00, 0x00, 0x00, 0x00, 0x00, 0x00, 0x00, 0x00, 0x00, 0x00, 0x00, 0x00, 0x00, 0x00, 0x00, 0x00, 0x00, 0x00, 0x00, 0x00, 0x00}, 3, {0x7F, 0x09, 0x00, 0x00, 0x14}, 5 },  /* DEMONPC0 */
            { {0x06, 0x00, 0x15, 0x00, 0x00, 0x00, 0x00, 0x00, 0x00, 0x00, 0x00, 0x00, 0x00, 0x00, 0x00, 0x00, 0x00, 0x00, 0x00, 0x00, 0x00, 0x00, 0x00, 0x00, 0x00, 0x00, 0x00, 0x00, 0x00, 0x00, 0x00, 0x00, 0x00, 0x00, 0x00, 0x00, 0x00, 0x00, 0x00, 0x00, 0x00, 0x00, 0x00, 0x00, 0x00, 0x00, 0x00}, 3, {0x7F, 0x09, 0x00, 0x00, 0x15}, 5 },  /* DEMONPC0 */
            { {0x06, 0x00, 0x16, 0x00, 0x00, 0x00, 0x00, 0x00, 0x00, 0x00, 0x00, 0x00, 0x00, 0x00, 0x00, 0x00, 0x00, 0x00, 0x00, 0x00, 0x00, 0x00, 0x00, 0x00, 0x00, 0x00, 0x00, 0x00, 0x00, 0x00, 0x00, 0x00, 0x00, 0x00, 0x00, 0x00, 0x00, 0x00, 0x00, 0x00, 0x00, 0x00, 0x00, 0x00, 0x00, 0x00, 0x00}, 3, {0x7F, 0x09, 0x00, 0x00, 0x16}, 5 },  /* DEMONPC0 */
            { {0x06, 0x00, 0x17, 0x00, 0x00, 0x00, 0x00, 0x00, 0x00, 0x00, 0x00, 0x00, 0x00, 0x00, 0x00, 0x00, 0x00, 0x00, 0x00, 0x00, 0x00, 0x00, 0x00, 0x00, 0x00, 0x00, 0x00, 0x00, 0x00, 0x00, 0x00, 0x00, 0x00, 0x00, 0x00, 0x00, 0x00, 0x00, 0x00, 0x00, 0x00, 0x00, 0x00, 0x00, 0x00, 0x00, 0x00}, 3, {0x7F, 0x09, 0x00, 0x00, 0x17}, 5 },  /* DEMONPC0 */
            { {0x06, 0x00, 0x18, 0x00, 0x00, 0x00, 0x00, 0x00, 0x00, 0x00, 0x00, 0x00, 0x00, 0x00, 0x00, 0x00, 0x00, 0x00, 0x00, 0x00, 0x00, 0x00, 0x00, 0x00, 0x00, 0x00, 0x00, 0x00, 0x00, 0x00, 0x00, 0x00, 0x00, 0x00, 0x00, 0x00, 0x00, 0x00, 0x00, 0x00, 0x00, 0x00, 0x00, 0x00, 0x00, 0x00, 0x00}, 3, {0x7F, 0x09, 0x00, 0x00, 0xFD}, 5 },  /* DEMONPC0 */
            { {0x06, 0x00, 0x19, 0x00, 0x00, 0x00, 0x00, 0x00, 0x00, 0x00, 0x00, 0x00, 0x00, 0x00, 0x00, 0x00, 0x00, 0x00, 0x00, 0x00, 0x00, 0x00, 0x00, 0x00, 0x00, 0x00, 0x00, 0x00, 0x00, 0x00, 0x00, 0x00, 0x00, 0x00, 0x00, 0x00, 0x00, 0x00, 0x00, 0x00, 0x00, 0x00, 0x00, 0x00, 0x00, 0x00, 0x00}, 3, {0x7F, 0x09, 0x00, 0x00, 0xFE}, 5 },  /* DEMONPC0 */
            { {0x06, 0x00, 0x1A, 0x00, 0x00, 0x00, 0x00, 0x00, 0x00, 0x00, 0x00, 0x00, 0x00, 0x00, 0x00, 0x00, 0x00, 0x00, 0x00, 0x00, 0x00, 0x00, 0x00, 0x00, 0x00, 0x00, 0x00, 0x00, 0x00, 0x00, 0x00, 0x00, 0x00, 0x00, 0x00, 0x00, 0x00, 0x00, 0x00, 0x00, 0x00, 0x00, 0x00, 0x00, 0x00, 0x00, 0x00}, 3, {0x7F, 0x09, 0x00, 0x00, 0x18}, 5 },  /* DEMONPC0 */
            { {0x06, 0x00, 0x1B, 0x00, 0x00, 0x00, 0x00, 0x00, 0x00, 0x00, 0x00, 0x00, 0x00, 0x00, 0x00, 0x00, 0x00, 0x00, 0x00, 0x00, 0x00, 0x00, 0x00, 0x00, 0x00, 0x00, 0x00, 0x00, 0x00, 0x00, 0x00, 0x00, 0x00, 0x00, 0x00, 0x00, 0x00, 0x00, 0x00, 0x00, 0x00, 0x00, 0x00, 0x00, 0x00, 0x00, 0x00}, 3, {0x7F, 0x09, 0x00, 0x00, 0x19}, 5 },  /* DEMONPC0 */
            { {0x06, 0x00, 0x1C, 0x00, 0x00, 0x00, 0x00, 0x00, 0x00, 0x00, 0x00, 0x00, 0x00, 0x00, 0x00, 0x00, 0x00, 0x00, 0x00, 0x00, 0x00, 0x00, 0x00, 0x00, 0x00, 0x00, 0x00, 0x00, 0x00, 0x00, 0x00, 0x00, 0x00, 0x00, 0x00, 0x00, 0x00, 0x00, 0x00, 0x00, 0x00, 0x00, 0x00, 0x00, 0x00, 0x00, 0x00}, 3, {0x7F, 0x09, 0x00, 0x00, 0x1A}, 5 },  /* DEMONPC0 */
            { {0x06, 0x00, 0x1D, 0x00, 0x00, 0x00, 0x00, 0x00, 0x00, 0x00, 0x00, 0x00, 0x00, 0x00, 0x00, 0x00, 0x00, 0x00, 0x00, 0x00, 0x00, 0x00, 0x00, 0x00, 0x00, 0x00, 0x00, 0x00, 0x00, 0x00, 0x00, 0x00, 0x00, 0x00, 0x00, 0x00, 0x00, 0x00, 0x00, 0x00, 0x00, 0x00, 0x00, 0x00, 0x00, 0x00, 0x00}, 3, {0x7F, 0x09, 0x00, 0x00, 0x1B}, 5 },  /* DEMONPC0 */
            { {0x06, 0x00, 0x1E, 0x00, 0x00, 0x00, 0x00, 0x00, 0x00, 0x00, 0x00, 0x00, 0x00, 0x00, 0x00, 0x00, 0x00, 0x00, 0x00, 0x00, 0x00, 0x00, 0x00, 0x00, 0x00, 0x00, 0x00, 0x00, 0x00, 0x00, 0x00, 0x00, 0x00, 0x00, 0x00, 0x00, 0x00, 0x00, 0x00, 0x00, 0x00, 0x00, 0x00, 0x00, 0x00, 0x00, 0x00}, 3, {0x7F, 0x09, 0x00, 0x00, 0x1C}, 5 },  /* DEMONPC0 */
            { {0x06, 0x00, 0x1F, 0x00, 0x00, 0x00, 0x00, 0x00, 0x00, 0x00, 0x00, 0x00, 0x00, 0x00, 0x00, 0x00, 0x00, 0x00, 0x00, 0x00, 0x00, 0x00, 0x00, 0x00, 0x00, 0x00, 0x00, 0x00, 0x00, 0x00, 0x00, 0x00, 0x00, 0x00, 0x00, 0x00, 0x00, 0x00, 0x00, 0x00, 0x00, 0x00, 0x00, 0x00, 0x00, 0x00, 0x00}, 3, {0x7F, 0x09, 0x00, 0x00, 0x1D}, 5 },  /* DEMONPC0 */
            { {0x06, 0x00, 0x20, 0x00, 0x00, 0x00, 0x00, 0x00, 0x00, 0x00, 0x00, 0x00, 0x00, 0x00, 0x00, 0x00, 0x00, 0x00, 0x00, 0x00, 0x00, 0x00, 0x00, 0x00, 0x00, 0x00, 0x00, 0x00, 0x00, 0x00, 0x00, 0x00, 0x00, 0x00, 0x00, 0x00, 0x00, 0x00, 0x00, 0x00, 0x00, 0x00, 0x00, 0x00, 0x00, 0x00, 0x00}, 3, {0x7F, 0x09, 0x00, 0x00, 0x1E}, 5 },  /* DEMONPC0 */
            { {0x06, 0x00, 0x21, 0x00, 0x00, 0x00, 0x00, 0x00, 0x00, 0x00, 0x00, 0x00, 0x00, 0x00, 0x00, 0x00, 0x00, 0x00, 0x00, 0x00, 0x00, 0x00, 0x00, 0x00, 0x00, 0x00, 0x00, 0x00, 0x00, 0x00, 0x00, 0x00, 0x00, 0x00, 0x00, 0x00, 0x00, 0x00, 0x00, 0x00, 0x00, 0x00, 0x00, 0x00, 0x00, 0x00, 0x00}, 3, {0x7F, 0x09, 0x00, 0x00, 0x1F}, 5 },  /* DEMONPC0 */
            { {0x06, 0x00, 0x22, 0x00, 0x00, 0x00, 0x00, 0x00, 0x00, 0x00, 0x00, 0x00, 0x00, 0x00, 0x00, 0x00, 0x00, 0x00, 0x00, 0x00, 0x00, 0x00, 0x00, 0x00, 0x00, 0x00, 0x00, 0x00, 0x00, 0x00, 0x00, 0x00, 0x00, 0x00, 0x00, 0x00, 0x00, 0x00, 0x00, 0x00, 0x00, 0x00, 0x00, 0x00, 0x00, 0x00, 0x00}, 3, {0x7F, 0x09, 0x00, 0x00, 0x20}, 5 },  /* DEMONPC0 */
            { {0x06, 0x00, 0x23, 0x00, 0x00, 0x00, 0x00, 0x00, 0x00, 0x00, 0x00, 0x00, 0x00, 0x00, 0x00, 0x00, 0x00, 0x00, 0x00, 0x00, 0x00, 0x00, 0x00, 0x00, 0x00, 0x00, 0x00, 0x00, 0x00, 0x00, 0x00, 0x00, 0x00, 0x00, 0x00, 0x00, 0x00, 0x00, 0x00, 0x00, 0x00, 0x00, 0x00, 0x00, 0x00, 0x00, 0x00}, 3, {0x7F, 0x09, 0x00, 0x00, 0x21}, 5 },  /* DEMONPC0 */
            { {0x06, 0x00, 0x24, 0x00, 0x00, 0x00, 0x00, 0x00, 0x00, 0x00, 0x00, 0x00, 0x00, 0x00, 0x00, 0x00, 0x00, 0x00, 0x00, 0x00, 0x00, 0x00, 0x00, 0x00, 0x00, 0x00, 0x00, 0x00, 0x00, 0x00, 0x00, 0x00, 0x00, 0x00, 0x00, 0x00, 0x00, 0x00, 0x00, 0x00, 0x00, 0x00, 0x00, 0x00, 0x00, 0x00, 0x00}, 3, {0x7F, 0x09, 0x00, 0x00, 0x22}, 5 },  /* DEMONPC0 */
            { {0x06, 0x00, 0x25, 0x00, 0x00, 0x00, 0x00, 0x00, 0x00, 0x00, 0x00, 0x00, 0x00, 0x00, 0x00, 0x00, 0x00, 0x00, 0x00, 0x00, 0x00, 0x00, 0x00, 0x00, 0x00, 0x00, 0x00, 0x00, 0x00, 0x00, 0x00, 0x00, 0x00, 0x00, 0x00, 0x00, 0x00, 0x00, 0x00, 0x00, 0x00, 0x00, 0x00, 0x00, 0x00, 0x00, 0x00}, 3, {0x7F, 0x09, 0x00, 0x00, 0x23}, 5 },  /* DEMONPC0 */
            { {0x06, 0x00, 0x26, 0x00, 0x00, 0x00, 0x00, 0x00, 0x00, 0x00, 0x00, 0x00, 0x00, 0x00, 0x00, 0x00, 0x00, 0x00, 0x00, 0x00, 0x00, 0x00, 0x00, 0x00, 0x00, 0x00, 0x00, 0x00, 0x00, 0x00, 0x00, 0x00, 0x00, 0x00, 0x00, 0x00, 0x00, 0x00, 0x00, 0x00, 0x00, 0x00, 0x00, 0x00, 0x00, 0x00, 0x00}, 3, {0x7F, 0x09, 0x00, 0x00, 0x24}, 5 },  /* DEMONPC0 */
            { {0x06, 0x00, 0x27, 0x00, 0x00, 0x00, 0x00, 0x00, 0x00, 0x00, 0x00, 0x00, 0x00, 0x00, 0x00, 0x00, 0x00, 0x00, 0x00, 0x00, 0x00, 0x00, 0x00, 0x00, 0x00, 0x00, 0x00, 0x00, 0x00, 0x00, 0x00, 0x00, 0x00, 0x00, 0x00, 0x00, 0x00, 0x00, 0x00, 0x00, 0x00, 0x00, 0x00, 0x00, 0x00, 0x00, 0x00}, 3, {0x7F, 0x09, 0x00, 0x00, 0x2A}, 5 },  /* DEMONPC0 */
            { {0x06, 0x00, 0x28, 0x00, 0x00, 0x00, 0x00, 0x00, 0x00, 0x00, 0x00, 0x00, 0x00, 0x00, 0x00, 0x00, 0x00, 0x00, 0x00, 0x00, 0x00, 0x00, 0x00, 0x00, 0x00, 0x00, 0x00, 0x00, 0x00, 0x00, 0x00, 0x00, 0x00, 0x00, 0x00, 0x00, 0x00, 0x00, 0x00, 0x00, 0x00, 0x00, 0x00, 0x00, 0x00, 0x00, 0x00}, 3, {0x7F, 0x09, 0x00, 0x00, 0x25}, 5 },  /* DEMONPC0 */
            { {0x06, 0x00, 0x29, 0x00, 0x00, 0x00, 0x00, 0x00, 0x00, 0x00, 0x00, 0x00, 0x00, 0x00, 0x00, 0x00, 0x00, 0x00, 0x00, 0x00, 0x00, 0x00, 0x00, 0x00, 0x00, 0x00, 0x00, 0x00, 0x00, 0x00, 0x00, 0x00, 0x00, 0x00, 0x00, 0x00, 0x00, 0x00, 0x00, 0x00, 0x00, 0x00, 0x00, 0x00, 0x00, 0x00, 0x00}, 3, {0x7F, 0x09, 0x00, 0x00, 0x26}, 5 },  /* DEMONPC0 */
            { {0x06, 0x00, 0x2A, 0x00, 0x00, 0x00, 0x00, 0x00, 0x00, 0x00, 0x00, 0x00, 0x00, 0x00, 0x00, 0x00, 0x00, 0x00, 0x00, 0x00, 0x00, 0x00, 0x00, 0x00, 0x00, 0x00, 0x00, 0x00, 0x00, 0x00, 0x00, 0x00, 0x00, 0x00, 0x00, 0x00, 0x00, 0x00, 0x00, 0x00, 0x00, 0x00, 0x00, 0x00, 0x00, 0x00, 0x00}, 3, {0x7F, 0x09, 0x00, 0x00, 0x27}, 5 },  /* DEMONPC0 */
            { {0x06, 0x00, 0x2B, 0x00, 0x00, 0x00, 0x00, 0x00, 0x00, 0x00, 0x00, 0x00, 0x00, 0x00, 0x00, 0x00, 0x00, 0x00, 0x00, 0x00, 0x00, 0x00, 0x00, 0x00, 0x00, 0x00, 0x00, 0x00, 0x00, 0x00, 0x00, 0x00, 0x00, 0x00, 0x00, 0x00, 0x00, 0x00, 0x00, 0x00, 0x00, 0x00, 0x00, 0x00, 0x00, 0x00, 0x00}, 3, {0x7F, 0x09, 0x00, 0x00, 0x28}, 5 },  /* DEMONPC0 */
            { {0x06, 0x00, 0x2C, 0x00, 0x00, 0x00, 0x00, 0x00, 0x00, 0x00, 0x00, 0x00, 0x00, 0x00, 0x00, 0x00, 0x00, 0x00, 0x00, 0x00, 0x00, 0x00, 0x00, 0x00, 0x00, 0x00, 0x00, 0x00, 0x00, 0x00, 0x00, 0x00, 0x00, 0x00, 0x00, 0x00, 0x00, 0x00, 0x00, 0x00, 0x00, 0x00, 0x00, 0x00, 0x00, 0x00, 0x00}, 3, {0x7F, 0x09, 0x00, 0x00, 0x29}, 5 },  /* DEMONPC0 */
            { {0x07, 0x00, 0x00, 0x00, 0x00, 0x00, 0x00, 0x00, 0x00, 0x00, 0x00, 0x00, 0x00, 0x00, 0x00, 0x00, 0x00, 0x00, 0x00, 0x00, 0x00, 0x00, 0x00, 0x00, 0x00, 0x00, 0x00, 0x00, 0x00, 0x00, 0x00, 0x00, 0x00, 0x00, 0x00, 0x00, 0x00, 0x00, 0x00, 0x00, 0x00, 0x00, 0x00, 0x00, 0x00, 0x00, 0x00}, 3, {0x7F, 0x09, 0x01, 0x00, 0x01}, 5 },  /* DEMONPC0 */
            { {0x07, 0x00, 0x01, 0x00, 0x00, 0x00, 0x00, 0x00, 0x00, 0x00, 0x00, 0x00, 0x00, 0x00, 0x00, 0x00, 0x00, 0x00, 0x00, 0x00, 0x00, 0x00, 0x00, 0x00, 0x00, 0x00, 0x00, 0x00, 0x00, 0x00, 0x00, 0x00, 0x00, 0x00, 0x00, 0x00, 0x00, 0x00, 0x00, 0x00, 0x00, 0x00, 0x00, 0x00, 0x00, 0x00, 0x00}, 3, {0x7F, 0x09, 0x01, 0x00, 0x02}, 5 },  /* DEMONPC0 */
            { {0x07, 0x00, 0x02, 0x00, 0x00, 0x00, 0x00, 0x00, 0x00, 0x00, 0x00, 0x00, 0x00, 0x00, 0x00, 0x00, 0x00, 0x00, 0x00, 0x00, 0x00, 0x00, 0x00, 0x00, 0x00, 0x00, 0x00, 0x00, 0x00, 0x00, 0x00, 0x00, 0x00, 0x00, 0x00, 0x00, 0x00, 0x00, 0x00, 0x00, 0x00, 0x00, 0x00, 0x00, 0x00, 0x00, 0x00}, 3, {0x7F, 0x09, 0x01, 0x00, 0x03}, 5 },  /* DEMONPC0 */
            { {0x07, 0x00, 0x07, 0x00, 0x00, 0x00, 0x00, 0x00, 0x00, 0x00, 0x00, 0x00, 0x00, 0x00, 0x00, 0x00, 0x00, 0x00, 0x00, 0x00, 0x00, 0x00, 0x00, 0x00, 0x00, 0x00, 0x00, 0x00, 0x00, 0x00, 0x00, 0x00, 0x00, 0x00, 0x00, 0x00, 0x00, 0x00, 0x00, 0x00, 0x00, 0x00, 0x00, 0x00, 0x00, 0x00, 0x00}, 3, {0x7F, 0x09, 0x01, 0x00, 0x0D}, 5 },  /* DEMONPC0 */
            { {0x07, 0x00, 0x08, 0x00, 0x00, 0x00, 0x00, 0x00, 0x00, 0x00, 0x00, 0x00, 0x00, 0x00, 0x00, 0x00, 0x00, 0x00, 0x00, 0x00, 0x00, 0x00, 0x00, 0x00, 0x00, 0x00, 0x00, 0x00, 0x00, 0x00, 0x00, 0x00, 0x00, 0x00, 0x00, 0x00, 0x00, 0x00, 0x00, 0x00, 0x00, 0x00, 0x00, 0x00, 0x00, 0x00, 0x00}, 3, {0x7F, 0x09, 0x01, 0x00, 0x0A}, 5 },  /* DEMONPC0 */
            { {0x07, 0x00, 0x09, 0x00, 0x00, 0x00, 0x00, 0x00, 0x00, 0x00, 0x00, 0x00, 0x00, 0x00, 0x00, 0x00, 0x00, 0x00, 0x00, 0x00, 0x00, 0x00, 0x00, 0x00, 0x00, 0x00, 0x00, 0x00, 0x00, 0x00, 0x00, 0x00, 0x00, 0x00, 0x00, 0x00, 0x00, 0x00, 0x00, 0x00, 0x00, 0x00, 0x00, 0x00, 0x00, 0x00, 0x00}, 3, {0x7F, 0x09, 0x01, 0x00, 0x0B}, 5 },  /* DEMONPC0 */
            { {0x07, 0x00, 0x0B, 0x00, 0x00, 0x00, 0x00, 0x00, 0x00, 0x00, 0x00, 0x00, 0x00, 0x00, 0x00, 0x00, 0x00, 0x00, 0x00, 0x00, 0x00, 0x00, 0x00, 0x00, 0x00, 0x00, 0x00, 0x00, 0x00, 0x00, 0x00, 0x00, 0x00, 0x00, 0x00, 0x00, 0x00, 0x00, 0x00, 0x00, 0x00, 0x00, 0x00, 0x00, 0x00, 0x00, 0x00}, 3, {0x7F, 0x09, 0x01, 0x00, 0x0E}, 5 },  /* DEMONPC0 */
            { {0x08, 0x00, 0x00, 0x00, 0x00, 0x00, 0x00, 0x00, 0x00, 0x00, 0x00, 0x00, 0x00, 0x00, 0x00, 0x00, 0x00, 0x00, 0x00, 0x00, 0x00, 0x00, 0x00, 0x00, 0x00, 0x00, 0x00, 0x00, 0x00, 0x00, 0x00, 0x00, 0x00, 0x00, 0x00, 0x00, 0x00, 0x00, 0x00, 0x00, 0x00, 0x00, 0x00, 0x00, 0x00, 0x00, 0x00}, 3, {0x7F, 0x41}, 2 },  /* LUCK_NEUTRAL */
            { {0x08, 0x00, 0x01, 0x00, 0x00, 0x00, 0x00, 0x00, 0x00, 0x00, 0x00, 0x00, 0x00, 0x00, 0x00, 0x00, 0x00, 0x00, 0x00, 0x00, 0x00, 0x00, 0x00, 0x00, 0x00, 0x00, 0x00, 0x00, 0x00, 0x00, 0x00, 0x00, 0x00, 0x00, 0x00, 0x00, 0x00, 0x00, 0x00, 0x00, 0x00, 0x00, 0x00, 0x00, 0x00, 0x00, 0x00}, 3, {0x7F, 0x42}, 2 },  /* LUCK_RELATIONSHIP */
            { {0x08, 0x00, 0x02, 0x00, 0x00, 0x00, 0x00, 0x00, 0x00, 0x00, 0x00, 0x00, 0x00, 0x00, 0x00, 0x00, 0x00, 0x00, 0x00, 0x00, 0x00, 0x00, 0x00, 0x00, 0x00, 0x00, 0x00, 0x00, 0x00, 0x00, 0x00, 0x00, 0x00, 0x00, 0x00, 0x00, 0x00, 0x00, 0x00, 0x00, 0x00, 0x00, 0x00, 0x00, 0x00, 0x00, 0x00}, 3, {0x7F, 0x43}, 2 },  /* LUCK_UNPOPULAR */
            { {0x08, 0x00, 0x03, 0x00, 0x00, 0x00, 0x00, 0x00, 0x00, 0x00, 0x00, 0x00, 0x00, 0x00, 0x00, 0x00, 0x00, 0x00, 0x00, 0x00, 0x00, 0x00, 0x00, 0x00, 0x00, 0x00, 0x00, 0x00, 0x00, 0x00, 0x00, 0x00, 0x00, 0x00, 0x00, 0x00, 0x00, 0x00, 0x00, 0x00, 0x00, 0x00, 0x00, 0x00, 0x00, 0x00, 0x00}, 3, {0x7F, 0x44}, 2 },  /* LUCK_BAD */
            { {0x08, 0x00, 0x04, 0x00, 0x00, 0x00, 0x00, 0x00, 0x00, 0x00, 0x00, 0x00, 0x00, 0x00, 0x00, 0x00, 0x00, 0x00, 0x00, 0x00, 0x00, 0x00, 0x00, 0x00, 0x00, 0x00, 0x00, 0x00, 0x00, 0x00, 0x00, 0x00, 0x00, 0x00, 0x00, 0x00, 0x00, 0x00, 0x00, 0x00, 0x00, 0x00, 0x00, 0x00, 0x00, 0x00, 0x00}, 3, {0x7F, 0x45}, 2 },  /* LUCK_MONEY */
            { {0x08, 0x00, 0x05, 0x00, 0x00, 0x00, 0x00, 0x00, 0x00, 0x00, 0x00, 0x00, 0x00, 0x00, 0x00, 0x00, 0x00, 0x00, 0x00, 0x00, 0x00, 0x00, 0x00, 0x00, 0x00, 0x00, 0x00, 0x00, 0x00, 0x00, 0x00, 0x00, 0x00, 0x00, 0x00, 0x00, 0x00, 0x00, 0x00, 0x00, 0x00, 0x00, 0x00, 0x00, 0x00, 0x00, 0x00}, 3, {0x7F, 0x46}, 2 },  /* LUCK_GOODS */
            { {0x08, 0x00, 0x08, 0x00, 0x00, 0x00, 0x00, 0x00, 0x00, 0x00, 0x00, 0x00, 0x00, 0x00, 0x00, 0x00, 0x00, 0x00, 0x00, 0x00, 0x00, 0x00, 0x00, 0x00, 0x00, 0x00, 0x00, 0x00, 0x00, 0x00, 0x00, 0x00, 0x00, 0x00, 0x00, 0x00, 0x00, 0x00, 0x00, 0x00, 0x00, 0x00, 0x00, 0x00, 0x00, 0x00, 0x00}, 3, {0x7F, 0x08, 0x00, 0x00, 0xFE}, 5 },  /* DEMOPLR */
            { {0x09, 0x00, 0x00, 0x00, 0x00, 0x00, 0x00, 0x00, 0x00, 0x00, 0x00, 0x00, 0x00, 0x00, 0x00, 0x00, 0x00, 0x00, 0x00, 0x00, 0x00, 0x00, 0x00, 0x00, 0x00, 0x00, 0x00, 0x00, 0x00, 0x00, 0x00, 0x00, 0x00, 0x00, 0x00, 0x00, 0x00, 0x00, 0x00, 0x00, 0x00, 0x00, 0x00, 0x00, 0x00, 0x00, 0x00}, 3, {0x7F, 0x5D}, 2 },  /* VOICEFALSE */
            { {0x09, 0x00, 0x01, 0x00, 0x00, 0x00, 0x00, 0x00, 0x00, 0x00, 0x00, 0x00, 0x00, 0x00, 0x00, 0x00, 0x00, 0x00, 0x00, 0x00, 0x00, 0x00, 0x00, 0x00, 0x00, 0x00, 0x00, 0x00, 0x00, 0x00, 0x00, 0x00, 0x00, 0x00, 0x00, 0x00, 0x00, 0x00, 0x00, 0x00, 0x00, 0x00, 0x00, 0x00, 0x00, 0x00, 0x00}, 3, {0x7F, 0x5C}, 2 },  /* VOICETRUE */
            { {0x09, 0x00, 0x02, 0x00, 0x00, 0x00, 0x00, 0x00, 0x00, 0x00, 0x00, 0x00, 0x00, 0x00, 0x00, 0x00, 0x00, 0x00, 0x00, 0x00, 0x00, 0x00, 0x00, 0x00, 0x00, 0x00, 0x00, 0x00, 0x00, 0x00, 0x00, 0x00, 0x00, 0x00, 0x00, 0x00, 0x00, 0x00, 0x00, 0x00, 0x00, 0x00, 0x00, 0x00, 0x00, 0x00, 0x00}, 3, {0x7F, 0x09, 0x01, 0x00, 0x04}, 5 },  /* DEMONPC0 */
            { {0x09, 0x00, 0x03, 0x00, 0x00, 0x00, 0x00, 0x00, 0x00, 0x00, 0x00, 0x00, 0x00, 0x00, 0x00, 0x00, 0x00, 0x00, 0x00, 0x00, 0x00, 0x00, 0x00, 0x00, 0x00, 0x00, 0x00, 0x00, 0x00, 0x00, 0x00, 0x00, 0x00, 0x00, 0x00, 0x00, 0x00, 0x00, 0x00, 0x00, 0x00, 0x00, 0x00, 0x00, 0x00, 0x00, 0x00}, 3, {0x7F, 0x09, 0x07, 0x00, 0x01}, 5 },  /* DEMONPC0 */
            { {0x09, 0x00, 0x04, 0x00, 0x00, 0x00, 0x00, 0x00, 0x00, 0x00, 0x00, 0x00, 0x00, 0x00, 0x00, 0x00, 0x00, 0x00, 0x00, 0x00, 0x00, 0x00, 0x00, 0x00, 0x00, 0x00, 0x00, 0x00, 0x00, 0x00, 0x00, 0x00, 0x00, 0x00, 0x00, 0x00, 0x00, 0x00, 0x00, 0x00, 0x00, 0x00, 0x00, 0x00, 0x00, 0x00, 0x00}, 3, {0x7F, 0x09, 0x09, 0x00, 0x00}, 5 },  /* DEMONPC0 */
            { {0x09, 0x00, 0x05, 0x00, 0x00, 0x00, 0x00, 0x00, 0x00, 0x00, 0x00, 0x00, 0x00, 0x00, 0x00, 0x00, 0x00, 0x00, 0x00, 0x00, 0x00, 0x00, 0x00, 0x00, 0x00, 0x00, 0x00, 0x00, 0x00, 0x00, 0x00, 0x00, 0x00, 0x00, 0x00, 0x00, 0x00, 0x00, 0x00, 0x00, 0x00, 0x00, 0x00, 0x00, 0x00, 0x00, 0x00}, 3, {0x7F, 0x09, 0x09, 0x00, 0x01}, 5 },  /* DEMONPC0 */
            { {0x09, 0x00, 0x06, 0x00, 0x00, 0x00, 0x00, 0x00, 0x00, 0x00, 0x00, 0x00, 0x00, 0x00, 0x00, 0x00, 0x00, 0x00, 0x00, 0x00, 0x00, 0x00, 0x00, 0x00, 0x00, 0x00, 0x00, 0x00, 0x00, 0x00, 0x00, 0x00, 0x00, 0x00, 0x00, 0x00, 0x00, 0x00, 0x00, 0x00, 0x00, 0x00, 0x00, 0x00, 0x00, 0x00, 0x00}, 3, {0x7F, 0x09, 0x09, 0x00, 0x02}, 5 },  /* DEMONPC0 */
            { {0x09, 0x00, 0x07, 0x00, 0x00, 0x00, 0x00, 0x00, 0x00, 0x00, 0x00, 0x00, 0x00, 0x00, 0x00, 0x00, 0x00, 0x00, 0x00, 0x00, 0x00, 0x00, 0x00, 0x00, 0x00, 0x00, 0x00, 0x00, 0x00, 0x00, 0x00, 0x00, 0x00, 0x00, 0x00, 0x00, 0x00, 0x00, 0x00, 0x00, 0x00, 0x00, 0x00, 0x00, 0x00, 0x00, 0x00}, 3, {0x7F, 0x09, 0x09, 0x00, 0x03}, 5 },  /* DEMONPC0 */
            { {0x09, 0x00, 0x08, 0x00, 0x00, 0x00, 0x00, 0x00, 0x00, 0x00, 0x00, 0x00, 0x00, 0x00, 0x00, 0x00, 0x00, 0x00, 0x00, 0x00, 0x00, 0x00, 0x00, 0x00, 0x00, 0x00, 0x00, 0x00, 0x00, 0x00, 0x00, 0x00, 0x00, 0x00, 0x00, 0x00, 0x00, 0x00, 0x00, 0x00, 0x00, 0x00, 0x00, 0x00, 0x00, 0x00, 0x00}, 3, {0x7F, 0x09, 0x09, 0x00, 0x04}, 5 },  /* DEMONPC0 */
            { {0x0A, 0x00, 0x00, 0x00, 0x00, 0x00, 0x00, 0x00, 0x00, 0x00, 0x00, 0x00, 0x00, 0x00, 0x00, 0x00, 0x00, 0x00, 0x00, 0x00, 0x00, 0x00, 0x00, 0x00, 0x00, 0x00, 0x00, 0x00, 0x00, 0x00, 0x00, 0x00, 0x00, 0x00, 0x00, 0x00, 0x00, 0x00, 0x00, 0x00, 0x00, 0x00, 0x00, 0x00, 0x00, 0x00, 0x00}, 3, {0x7F, 0x4B}, 2 },  /* MSGCONTENTS_NORMAL */
            { {0x0A, 0x00, 0x01, 0x00, 0x00, 0x00, 0x00, 0x00, 0x00, 0x00, 0x00, 0x00, 0x00, 0x00, 0x00, 0x00, 0x00, 0x00, 0x00, 0x00, 0x00, 0x00, 0x00, 0x00, 0x00, 0x00, 0x00, 0x00, 0x00, 0x00, 0x00, 0x00, 0x00, 0x00, 0x00, 0x00, 0x00, 0x00, 0x00, 0x00, 0x00, 0x00, 0x00, 0x00, 0x00, 0x00, 0x00}, 3, {0x7F, 0x4C}, 2 },  /* MSGCONTENTS_ANGRY */
            { {0x0A, 0x00, 0x02, 0x00, 0x00, 0x00, 0x00, 0x00, 0x00, 0x00, 0x00, 0x00, 0x00, 0x00, 0x00, 0x00, 0x00, 0x00, 0x00, 0x00, 0x00, 0x00, 0x00, 0x00, 0x00, 0x00, 0x00, 0x00, 0x00, 0x00, 0x00, 0x00, 0x00, 0x00, 0x00, 0x00, 0x00, 0x00, 0x00, 0x00, 0x00, 0x00, 0x00, 0x00, 0x00, 0x00, 0x00}, 3, {0x7F, 0x4D}, 2 },  /* MSGCONTENTS_SAD */
            { {0x0A, 0x00, 0x03, 0x00, 0x00, 0x00, 0x00, 0x00, 0x00, 0x00, 0x00, 0x00, 0x00, 0x00, 0x00, 0x00, 0x00, 0x00, 0x00, 0x00, 0x00, 0x00, 0x00, 0x00, 0x00, 0x00, 0x00, 0x00, 0x00, 0x00, 0x00, 0x00, 0x00, 0x00, 0x00, 0x00, 0x00, 0x00, 0x00, 0x00, 0x00, 0x00, 0x00, 0x00, 0x00, 0x00, 0x00}, 3, {0x7F, 0x4E}, 2 },  /* MSGCONTENTS_FUN */
            { {0x0A, 0x00, 0x04, 0x00, 0x00, 0x00, 0x00, 0x00, 0x00, 0x00, 0x00, 0x00, 0x00, 0x00, 0x00, 0x00, 0x00, 0x00, 0x00, 0x00, 0x00, 0x00, 0x00, 0x00, 0x00, 0x00, 0x00, 0x00, 0x00, 0x00, 0x00, 0x00, 0x00, 0x00, 0x00, 0x00, 0x00, 0x00, 0x00, 0x00, 0x00, 0x00, 0x00, 0x00, 0x00, 0x00, 0x00}, 3, {0x7F, 0x4F}, 2 },  /* MSGCONTENTS_SLEEPY */
            { {0x0A, 0x00, 0x06, 0x00, 0x00, 0x00, 0x00, 0x00, 0x00, 0x00, 0x00, 0x00, 0x00, 0x00, 0x00, 0x00, 0x00, 0x00, 0x00, 0x00, 0x00, 0x00, 0x00, 0x00, 0x00, 0x00, 0x00, 0x00, 0x00, 0x00, 0x00, 0x00, 0x00, 0x00, 0x00, 0x00, 0x00, 0x00, 0x00, 0x00, 0x00, 0x00, 0x00, 0x00, 0x00, 0x00, 0x00}, 3, {0x7F, 0x51, 0x00}, 3 },  /* SNDCUT */
            { {0x0A, 0x00, 0x07, 0x00, 0x00, 0x00, 0x00, 0x00, 0x00, 0x00, 0x00, 0x00, 0x00, 0x00, 0x00, 0x00, 0x00, 0x00, 0x00, 0x00, 0x00, 0x00, 0x00, 0x00, 0x00, 0x00, 0x00, 0x00, 0x00, 0x00, 0x00, 0x00, 0x00, 0x00, 0x00, 0x00, 0x00, 0x00, 0x00, 0x00, 0x00, 0x00, 0x00, 0x00, 0x00, 0x00, 0x00}, 3, {0x7F, 0x51, 0x01}, 3 },  /* SNDCUT */
            { {0x0A, 0x00, 0x08, 0x00, 0x00, 0x00, 0x00, 0x00, 0x00, 0x00, 0x00, 0x00, 0x00, 0x00, 0x00, 0x00, 0x00, 0x00, 0x00, 0x00, 0x00, 0x00, 0x00, 0x00, 0x00, 0x00, 0x00, 0x00, 0x00, 0x00, 0x00, 0x00, 0x00, 0x00, 0x00, 0x00, 0x00, 0x00, 0x00, 0x00, 0x00, 0x00, 0x00, 0x00, 0x00, 0x00, 0x00}, 3, {0x7F, 0x59, 0x00}, 3 },  /* SNDTRGSYS */
            { {0x0A, 0x00, 0x0B, 0x00, 0x00, 0x00, 0x00, 0x00, 0x00, 0x00, 0x00, 0x00, 0x00, 0x00, 0x00, 0x00, 0x00, 0x00, 0x00, 0x00, 0x00, 0x00, 0x00, 0x00, 0x00, 0x00, 0x00, 0x00, 0x00, 0x00, 0x00, 0x00, 0x00, 0x00, 0x00, 0x00, 0x00, 0x00, 0x00, 0x00, 0x00, 0x00, 0x00, 0x00, 0x00, 0x00, 0x00}, 3, {0x7F, 0x59, 0x03}, 3 },  /* SNDTRGSYS */
            { {0x0A, 0x00, 0x0C, 0x00, 0x00, 0x00, 0x00, 0x00, 0x00, 0x00, 0x00, 0x00, 0x00, 0x00, 0x00, 0x00, 0x00, 0x00, 0x00, 0x00, 0x00, 0x00, 0x00, 0x00, 0x00, 0x00, 0x00, 0x00, 0x00, 0x00, 0x00, 0x00, 0x00, 0x00, 0x00, 0x00, 0x00, 0x00, 0x00, 0x00, 0x00, 0x00, 0x00, 0x00, 0x00, 0x00, 0x00}, 3, {0x7F, 0x59, 0x04}, 3 },  /* SNDTRGSYS */
            { {0x0A, 0x00, 0x0E, 0x00, 0x00, 0x00, 0x00, 0x00, 0x00, 0x00, 0x00, 0x00, 0x00, 0x00, 0x00, 0x00, 0x00, 0x00, 0x00, 0x00, 0x00, 0x00, 0x00, 0x00, 0x00, 0x00, 0x00, 0x00, 0x00, 0x00, 0x00, 0x00, 0x00, 0x00, 0x00, 0x00, 0x00, 0x00, 0x00, 0x00, 0x00, 0x00, 0x00, 0x00, 0x00, 0x00, 0x00}, 3, {0x7F, 0x59, 0x06}, 3 },  /* SNDTRGSYS */
            { {0x0A, 0x00, 0x11, 0x00, 0x00, 0x00, 0x00, 0x00, 0x00, 0x00, 0x00, 0x00, 0x00, 0x00, 0x00, 0x00, 0x00, 0x00, 0x00, 0x00, 0x00, 0x00, 0x00, 0x00, 0x00, 0x00, 0x00, 0x00, 0x00, 0x00, 0x00, 0x00, 0x00, 0x00, 0x00, 0x00, 0x00, 0x00, 0x00, 0x00, 0x00, 0x00, 0x00, 0x00, 0x00, 0x00, 0x00}, 3, {0x7F, 0x5B}, 2 },  /* SNDNOPAGE */
            { {0x0B, 0x00, 0x05, 0x00, 0x00, 0x00, 0x00, 0x00, 0x00, 0x00, 0x00, 0x00, 0x00, 0x00, 0x00, 0x00, 0x00, 0x00, 0x00, 0x00, 0x00, 0x00, 0x00, 0x00, 0x00, 0x00, 0x00, 0x00, 0x00, 0x00, 0x00, 0x00, 0x00, 0x00, 0x00, 0x00, 0x00, 0x00, 0x00, 0x00, 0x00, 0x00, 0x00, 0x00, 0x00, 0x00, 0x00}, 3, {0x7F, 0x0C, 0x00, 0x00, 0x02}, 5 },  /* DEMONPCQST */
            { {0x0B, 0x00, 0x07, 0x00, 0x00, 0x00, 0x00, 0x00, 0x00, 0x00, 0x00, 0x00, 0x00, 0x00, 0x00, 0x00, 0x00, 0x00, 0x00, 0x00, 0x00, 0x00, 0x00, 0x00, 0x00, 0x00, 0x00, 0x00, 0x00, 0x00, 0x00, 0x00, 0x00, 0x00, 0x00, 0x00, 0x00, 0x00, 0x00, 0x00, 0x00, 0x00, 0x00, 0x00, 0x00, 0x00, 0x00}, 3, {0x7F, 0x0C, 0x00, 0x00, 0x01}, 5 },  /* DEMONPCQST */
            { {0x0B, 0x00, 0x09, 0x00, 0x00, 0x00, 0x00, 0x00, 0x00, 0x00, 0x00, 0x00, 0x00, 0x00, 0x00, 0x00, 0x00, 0x00, 0x00, 0x00, 0x00, 0x00, 0x00, 0x00, 0x00, 0x00, 0x00, 0x00, 0x00, 0x00, 0x00, 0x00, 0x00, 0x00, 0x00, 0x00, 0x00, 0x00, 0x00, 0x00, 0x00, 0x00, 0x00, 0x00, 0x00, 0x00, 0x00}, 3, {0x7F, 0x0C, 0x00, 0x00, 0x03}, 5 },  /* DEMONPCQST */
            { {0x0B, 0x00, 0x0A, 0x00, 0x00, 0x00, 0x00, 0x00, 0x00, 0x00, 0x00, 0x00, 0x00, 0x00, 0x00, 0x00, 0x00, 0x00, 0x00, 0x00, 0x00, 0x00, 0x00, 0x00, 0x00, 0x00, 0x00, 0x00, 0x00, 0x00, 0x00, 0x00, 0x00, 0x00, 0x00, 0x00, 0x00, 0x00, 0x00, 0x00, 0x00, 0x00, 0x00, 0x00, 0x00, 0x00, 0x00}, 3, {0x7F, 0x0C, 0x00, 0x00, 0x04}, 5 },  /* DEMONPCQST */
            { {0x0B, 0x00, 0x0B, 0x00, 0x00, 0x00, 0x00, 0x00, 0x00, 0x00, 0x00, 0x00, 0x00, 0x00, 0x00, 0x00, 0x00, 0x00, 0x00, 0x00, 0x00, 0x00, 0x00, 0x00, 0x00, 0x00, 0x00, 0x00, 0x00, 0x00, 0x00, 0x00, 0x00, 0x00, 0x00, 0x00, 0x00, 0x00, 0x00, 0x00, 0x00, 0x00, 0x00, 0x00, 0x00, 0x00, 0x00}, 3, {0x7F, 0x0C, 0x00, 0x00, 0x05}, 5 },  /* DEMONPCQST */
            { {0x0B, 0x00, 0x0C, 0x00, 0x00, 0x00, 0x00, 0x00, 0x00, 0x00, 0x00, 0x00, 0x00, 0x00, 0x00, 0x00, 0x00, 0x00, 0x00, 0x00, 0x00, 0x00, 0x00, 0x00, 0x00, 0x00, 0x00, 0x00, 0x00, 0x00, 0x00, 0x00, 0x00, 0x00, 0x00, 0x00, 0x00, 0x00, 0x00, 0x00, 0x00, 0x00, 0x00, 0x00, 0x00, 0x00, 0x00}, 3, {0x7F, 0x0C, 0x00, 0x00, 0x06}, 5 },  /* DEMONPCQST */
            { {0x0B, 0x00, 0x0D, 0x00, 0x00, 0x00, 0x00, 0x00, 0x00, 0x00, 0x00, 0x00, 0x00, 0x00, 0x00, 0x00, 0x00, 0x00, 0x00, 0x00, 0x00, 0x00, 0x00, 0x00, 0x00, 0x00, 0x00, 0x00, 0x00, 0x00, 0x00, 0x00, 0x00, 0x00, 0x00, 0x00, 0x00, 0x00, 0x00, 0x00, 0x00, 0x00, 0x00, 0x00, 0x00, 0x00, 0x00}, 3, {0x7F, 0x0C, 0x00, 0x00, 0x07}, 5 },  /* DEMONPCQST */
            { {0x0B, 0x00, 0x0E, 0x00, 0x00, 0x00, 0x00, 0x00, 0x00, 0x00, 0x00, 0x00, 0x00, 0x00, 0x00, 0x00, 0x00, 0x00, 0x00, 0x00, 0x00, 0x00, 0x00, 0x00, 0x00, 0x00, 0x00, 0x00, 0x00, 0x00, 0x00, 0x00, 0x00, 0x00, 0x00, 0x00, 0x00, 0x00, 0x00, 0x00, 0x00, 0x00, 0x00, 0x00, 0x00, 0x00, 0x00}, 3, {0x7F, 0x0C, 0x00, 0x00, 0x08}, 5 },  /* DEMONPCQST */
            { {0x0B, 0x00, 0x0F, 0x00, 0x00, 0x00, 0x00, 0x00, 0x00, 0x00, 0x00, 0x00, 0x00, 0x00, 0x00, 0x00, 0x00, 0x00, 0x00, 0x00, 0x00, 0x00, 0x00, 0x00, 0x00, 0x00, 0x00, 0x00, 0x00, 0x00, 0x00, 0x00, 0x00, 0x00, 0x00, 0x00, 0x00, 0x00, 0x00, 0x00, 0x00, 0x00, 0x00, 0x00, 0x00, 0x00, 0x00}, 3, {0x7F, 0x0C, 0x00, 0x00, 0x09}, 5 },  /* DEMONPCQST */
            { {0x0B, 0x00, 0x10, 0x00, 0x00, 0x00, 0x00, 0x00, 0x00, 0x00, 0x00, 0x00, 0x00, 0x00, 0x00, 0x00, 0x00, 0x00, 0x00, 0x00, 0x00, 0x00, 0x00, 0x00, 0x00, 0x00, 0x00, 0x00, 0x00, 0x00, 0x00, 0x00, 0x00, 0x00, 0x00, 0x00, 0x00, 0x00, 0x00, 0x00, 0x00, 0x00, 0x00, 0x00, 0x00, 0x00, 0x00}, 3, {0x7F, 0x0C, 0x00, 0x00, 0x0A}, 5 },  /* DEMONPCQST */
            { {0x0B, 0x00, 0x11, 0x00, 0x00, 0x00, 0x00, 0x00, 0x00, 0x00, 0x00, 0x00, 0x00, 0x00, 0x00, 0x00, 0x00, 0x00, 0x00, 0x00, 0x00, 0x00, 0x00, 0x00, 0x00, 0x00, 0x00, 0x00, 0x00, 0x00, 0x00, 0x00, 0x00, 0x00, 0x00, 0x00, 0x00, 0x00, 0x00, 0x00, 0x00, 0x00, 0x00, 0x00, 0x00, 0x00, 0x00}, 3, {0x7F, 0x0C, 0x00, 0x00, 0x0B}, 5 },  /* DEMONPCQST */
            { {0x0B, 0x00, 0x12, 0x00, 0x00, 0x00, 0x00, 0x00, 0x00, 0x00, 0x00, 0x00, 0x00, 0x00, 0x00, 0x00, 0x00, 0x00, 0x00, 0x00, 0x00, 0x00, 0x00, 0x00, 0x00, 0x00, 0x00, 0x00, 0x00, 0x00, 0x00, 0x00, 0x00, 0x00, 0x00, 0x00, 0x00, 0x00, 0x00, 0x00, 0x00, 0x00, 0x00, 0x00, 0x00, 0x00, 0x00}, 3, {0x7F, 0x0C, 0x00, 0x00, 0x0C}, 5 },  /* DEMONPCQST */
            { {0x0B, 0x00, 0x13, 0x00, 0x00, 0x00, 0x00, 0x00, 0x00, 0x00, 0x00, 0x00, 0x00, 0x00, 0x00, 0x00, 0x00, 0x00, 0x00, 0x00, 0x00, 0x00, 0x00, 0x00, 0x00, 0x00, 0x00, 0x00, 0x00, 0x00, 0x00, 0x00, 0x00, 0x00, 0x00, 0x00, 0x00, 0x00, 0x00, 0x00, 0x00, 0x00, 0x00, 0x00, 0x00, 0x00, 0x00}, 3, {0x7F, 0x0C, 0x01, 0x00, 0x01}, 5 },  /* DEMONPCQST */
            { {0x0B, 0x00, 0x14, 0x00, 0x00, 0x00, 0x00, 0x00, 0x00, 0x00, 0x00, 0x00, 0x00, 0x00, 0x00, 0x00, 0x00, 0x00, 0x00, 0x00, 0x00, 0x00, 0x00, 0x00, 0x00, 0x00, 0x00, 0x00, 0x00, 0x00, 0x00, 0x00, 0x00, 0x00, 0x00, 0x00, 0x00, 0x00, 0x00, 0x00, 0x00, 0x00, 0x00, 0x00, 0x00, 0x00, 0x00}, 3, {0x7F, 0x0C, 0x01, 0x00, 0x02}, 5 },  /* DEMONPCQST */
            { {0x0B, 0x00, 0x15, 0x00, 0x00, 0x00, 0x00, 0x00, 0x00, 0x00, 0x00, 0x00, 0x00, 0x00, 0x00, 0x00, 0x00, 0x00, 0x00, 0x00, 0x00, 0x00, 0x00, 0x00, 0x00, 0x00, 0x00, 0x00, 0x00, 0x00, 0x00, 0x00, 0x00, 0x00, 0x00, 0x00, 0x00, 0x00, 0x00, 0x00, 0x00, 0x00, 0x00, 0x00, 0x00, 0x00, 0x00}, 3, {0x7F, 0x0C, 0x04, 0x00, 0x01}, 5 },  /* DEMONPCQST */
            { {0x0B, 0x00, 0x16, 0x00, 0x00, 0x00, 0x00, 0x00, 0x00, 0x00, 0x00, 0x00, 0x00, 0x00, 0x00, 0x00, 0x00, 0x00, 0x00, 0x00, 0x00, 0x00, 0x00, 0x00, 0x00, 0x00, 0x00, 0x00, 0x00, 0x00, 0x00, 0x00, 0x00, 0x00, 0x00, 0x00, 0x00, 0x00, 0x00, 0x00, 0x00, 0x00, 0x00, 0x00, 0x00, 0x00, 0x00}, 3, {0x7F, 0x0C, 0x06, 0x00, 0x01}, 5 },  /* DEMONPCQST */
            { {0x0B, 0x00, 0x17, 0x00, 0x00, 0x00, 0x00, 0x00, 0x00, 0x00, 0x00, 0x00, 0x00, 0x00, 0x00, 0x00, 0x00, 0x00, 0x00, 0x00, 0x00, 0x00, 0x00, 0x00, 0x00, 0x00, 0x00, 0x00, 0x00, 0x00, 0x00, 0x00, 0x00, 0x00, 0x00, 0x00, 0x00, 0x00, 0x00, 0x00, 0x00, 0x00, 0x00, 0x00, 0x00, 0x00, 0x00}, 3, {0x7F, 0x0C, 0x07, 0x00, 0x01}, 5 },  /* DEMONPCQST */
            { {0x0B, 0x00, 0x18, 0x00, 0x00, 0x00, 0x00, 0x00, 0x00, 0x00, 0x00, 0x00, 0x00, 0x00, 0x00, 0x00, 0x00, 0x00, 0x00, 0x00, 0x00, 0x00, 0x00, 0x00, 0x00, 0x00, 0x00, 0x00, 0x00, 0x00, 0x00, 0x00, 0x00, 0x00, 0x00, 0x00, 0x00, 0x00, 0x00, 0x00, 0x00, 0x00, 0x00, 0x00, 0x00, 0x00, 0x00}, 3, {0x7F, 0x0C, 0x08, 0x00, 0x01}, 5 },  /* DEMONPCQST */
            { {0x0B, 0x00, 0x19, 0x00, 0x00, 0x00, 0x00, 0x00, 0x00, 0x00, 0x00, 0x00, 0x00, 0x00, 0x00, 0x00, 0x00, 0x00, 0x00, 0x00, 0x00, 0x00, 0x00, 0x00, 0x00, 0x00, 0x00, 0x00, 0x00, 0x00, 0x00, 0x00, 0x00, 0x00, 0x00, 0x00, 0x00, 0x00, 0x00, 0x00, 0x00, 0x00, 0x00, 0x00, 0x00, 0x00, 0x00}, 3, {0x7F, 0x0C, 0x08, 0x00, 0x02}, 5 },  /* DEMONPCQST */
            { {0x13, 0x00, 0x00, 0x00, 0x00, 0x00, 0x00, 0x00, 0x00, 0x00, 0x00, 0x00, 0x00, 0x00, 0x00, 0x00, 0x00, 0x00, 0x00, 0x00, 0x00, 0x00, 0x00, 0x00, 0x00, 0x00, 0x00, 0x00, 0x00, 0x00, 0x00, 0x00, 0x00, 0x00, 0x00, 0x00, 0x00, 0x00, 0x00, 0x00, 0x00, 0x00, 0x00, 0x00, 0x00, 0x00, 0x00}, 3, {0x7F, 0x74}, 2 },  /* CUTARTICLE */
            { {0x13, 0x00, 0x01, 0x00, 0x00, 0x00, 0x00, 0x00, 0x00, 0x00, 0x00, 0x00, 0x00, 0x00, 0x00, 0x00, 0x00, 0x00, 0x00, 0x00, 0x00, 0x00, 0x00, 0x00, 0x00, 0x00, 0x00, 0x00, 0x00, 0x00, 0x00, 0x00, 0x00, 0x00, 0x00, 0x00, 0x00, 0x00, 0x00, 0x00, 0x00, 0x00, 0x00, 0x00, 0x00, 0x00, 0x00}, 3, {0x7F, 0x74}, 2 },  /* CUTARTICLE */
            { {0x13, 0x00, 0x02, 0x00, 0x00, 0x00, 0x00, 0x00, 0x00, 0x00, 0x00, 0x00, 0x00, 0x00, 0x00, 0x00, 0x00, 0x00, 0x00, 0x00, 0x00, 0x00, 0x00, 0x00, 0x00, 0x00, 0x00, 0x00, 0x00, 0x00, 0x00, 0x00, 0x00, 0x00, 0x00, 0x00, 0x00, 0x00, 0x00, 0x00, 0x00, 0x00, 0x00, 0x00, 0x00, 0x00, 0x00}, 3, {0x7F, 0x75}, 2 },  /* CAPTIALIZE */
        };
        static const int kMapLen = 724;
        int i;
        for (i = 0; i < kMapLen; i++) {
            if (n >= kMap[i].en && memcmp(p, kMap[i].ep, kMap[i].en) == 0) {
                memcpy(out, kMap[i].usa, kMap[i].un);
                return kMap[i].un;
            }
        }
    }

    return 0; /* unrecognised EUR payload */
}
